,YEAR,ROUND,LSEED,LTEAM,LSCORE,SCORE_DIFF,confW,confL,G,W,ADJOE,ADJDE,BARTHAG,EFG_O,EFG_D,TOR,TORD,ORB,DRB,FTR,FTRD,X2P_O,X2P_D,X3P_O,X3P_D,ADJ_T,WAB,upset,HSEED,HTEAM,HSCORE,UPSET
0,2013,1,11,Minnesota,63,-20,B10,P12,1,4,-2.59999999999999,2.3,-0.0575,-0.199999999999996,1.9,-5.8,-0.300000000000001,-12.9,0.799999999999997,-8.5,-12.1,0.100000000000001,4.1,-0.400000000000006,-1.5,5.5,1.2,1.0,6.0,UCLA,63.0,
1,2013,1,Missouri,Missouri,72,12,MWC,SEC,-1,1,3.3,3.2,-0.0055999999999999,-2.0,2.5,-1.7,-1.1,2.7,-5.4,9.1,6.7,-3.0,3.0,0.200000000000003,0.899999999999999,-2.90000000000001,0.7,0.0,Colorado State,,84.0,
2,2013,1,12,Mississippi,46,-11,SEC,B10,-1,-4,-2.8,-11.3,0.1066,-0.5,-3.4,-0.200000000000001,-3.5,-1.5,-4.9,-9.1,-5.4,-1.4,-3.40000000000001,0.600000000000001,-2.4,-9.00000000000001,3.0,1.0,5,Wisconsin,46.0,
3,2013,1,South Dakota State,South Dakota State,56,15,B10,Sum,6,8,11.8,-10.0,0.2949,1.3,-3.2,-1.8,1.6,3.6,3.3,-4.6,-1.7,3.0,-2.2,-1.0,-3.2,0.799999999999997,9.4,0.0,Michigan,,71.0,
4,2013,1,Bucknell,Bucknell,56,12,A10,Pat,2,-1,4.5,-0.0999999999999943,0.0688000000000001,1.1,4.2,5.1,3.3,6.6,2.0,2.7,6.7,1.90000000000001,4.2,-1.5,2.7,1.3,3.7,0.0,Butler,,68.0,
5,2013,1,Saint Mary’s,Saint Mary’s,52,2,CUSA,WCC,2,4,-7.80000000000001,-4.7,-0.0238,-1.3,-1.6,2.4,4.2,-1.3,6.1,0.200000000000003,-2.0,-1.2,-0.200000000000003,-0.0999999999999943,-3.7,4.5,2.0,0.0,Memphis,,54.0,
6,2013,1,10,Iowa State,58,-18,B12,BE,0,2,-4.3,-2.89999999999999,-0.008,-1.59999999999999,-1.2,-0.899999999999999,-2.6,-0.200000000000003,1.0,-1.0,-8.1,-1.3,-2.9,-0.399999999999999,1.4,-7.89999999999999,3.2,1.0,7,Notre Dame,58.0,
7,2013,1,Villanova,Villanova,71,7,ACC,BE,2,5,6.3,2.5,0.0395,2.0,0.700000000000003,-5.7,-0.5,1.5,2.1,-22.4,-13.8,0.299999999999997,3.9,4.0,-2.9,3.7,2.2,0.0,North Carolina,,78.0,
8,2013,1,Valparaiso,Valparaiso,54,11,B10,Horz,2,1,3.60000000000001,-10.1,0.1878,-5.1,-1.7,-1.0,-0.300000000000001,4.9,-0.599999999999998,-5.1,-4.4,-5.3,-0.200000000000003,-3.0,-3.7,-1.19999999999999,7.5,0.0,Michigan State,,65.0,
9,2013,1,James Madison,James Madison,62,21,B10,CAA,0,8,22.5,-9.7,0.4956,7.1,-4.7,2.1,-0.200000000000003,9.4,0.299999999999997,9.0,-12.2,5.8,-3.7,6.7,-4.3,3.59999999999999,16.7,0.0,Indiana,,83.0,
10,2013,1,14,Harvard,62,-6,Ivy,MWC,6,10,2.09999999999999,-8.80000000000001,0.2279,-5.9,-3.3,-3.2,-1.4,3.7,-3.8,-3.9,-5.5,-5.4,-6.9,-4.7,1.3,0.700000000000003,9.5,1.0,3,New Mexico,62.0,
11,2013,1,Northwestern State,Northwestern State,47,32,SEC,Slnd,9,10,10.9,-16.4,0.3964,6.2,-4.5,-1.4,0.800000000000001,-0.599999999999994,-8.9,-9.3,-10.6,4.3,-5.0,6.8,-2.9,-10.2,7.3,0.0,Florida,,79.0,
12,2013,1,Oklahoma,Oklahoma,55,15,MWC,B12,0,1,-4.3,-6.09999999999999,0.0361,0.700000000000003,-2.7,0.600000000000001,-1.4,-1.4,-3.6,-0.100000000000001,-2.5,0.699999999999996,-3.1,0.400000000000006,-1.1,0.0999999999999943,0.1,0.0,San Diego State,,70.0,
13,2013,1,Iona,Iona,70,25,B10,MAAC,3,9,0.799999999999997,-15.6,0.245,-1.5,-6.2,-0.900000000000002,1.4,-0.999999999999996,-5.2,2.8,-2.7,-1.0,-5.5,-1.1,-5.1,-6.0,13.1,0.0,Ohio State,,95.0,
14,2013,1,Akron,Akron,42,46,A10,MAC,4,2,10.4,-2.30000000000001,0.1793,0.299999999999997,5.3,-3.9,8.3,-1.0,4.2,-7.1,5.3,-1.6,7.4,2.4,0.100000000000001,1.59999999999999,2.3,0.0,VCU,,88.0,
15,2013,1,Southern,Southern,58,6,WCC,SWAC,4,11,23.0,-6.5,0.4849,5.8,3.0,0.399999999999999,0.600000000000001,11.6,-1.3,0.5,-5.0,9.0,1.6,-0.200000000000003,2.9,0.0999999999999943,13.3,0.0,Gonzaga,,64.0,
16,2013,1,Albany,Albany,61,12,ACC,AE,1,6,17.2,-7.2,0.3785,4.3,-2.8,-5.6,0.5,-2.9,4.1,-0.799999999999997,4.9,4.09999999999999,-1.4,2.9,-4.1,4.59999999999999,12.0,0.0,Duke,,73.0,
17,2013,1,Western Kentucky,Western Kentucky,57,7,B12,SB,2,12,11.5,-14.2,0.4619,4.7,-6.4,-1.9,-2.4,-1.0,-1.4,1.9,-5.8,4.6,-8.3,3.7,-2.1,1.7,15.9,0.0,Kansas,,64.0,
18,2013,1,Cincinnati,Cincinnati,63,4,MVC,BE,2,6,11.9,6.7,0.0387,12.0,2.6,-0.5,-4.2,-9.9,-2.6,-1.3,-6.6,10.2,3.2,9.8,0.800000000000001,-0.299999999999997,1.8,0.0,Creighton,,67.0,
19,2013,1,9,Wichita State,55,-18,MVC,BE,-6,-6,2.2,0.0999999999999943,0.0172,1.7,-0.699999999999996,-1.3,2.0,2.4,3.5,1.0,-1.9,1.9,0.399999999999999,1.0,-1.8,-4.7,0.9,1.0,8,Pittsburgh,55.0,
20,2013,1,Pacific,Pacific,49,29,ACC,BW,3,9,7.7,-10.3,0.3216,1.4,-4.3,-1.1,-1.6,2.1,-2.4,-3.1,-11.0,3.8,-4.0,-2.7,-2.8,-0.399999999999999,11.4,0.0,Miami FL,,78.0,
21,2013,1,Belmont,Belmont,64,17,P12,OVC,4,3,5.5,-4.0,0.1165,-4.0,-1.4,-0.100000000000001,-5.2,5.3,-7.5,4.6,-4.1,-6.3,-3.3,-0.100000000000001,2.3,-0.600000000000009,4.5,0.0,Arizona,,81.0,
22,2013,1,9,Temple,72,-4,A10,ACC,1,0,4.5,1.09999999999999,0.043,5.2,-2.2,2.1,-3.5,3.9,1.2,5.3,-5.1,4.0,0.200000000000003,6.3,-5.1,1.3,0.7,1.0,8,North Carolina State,72.0,
23,2013,1,Davidson,Davidson,58,1,BE,SC,2,1,2.40000000000001,-5.09999999999999,0.1061,-3.5,0.900000000000006,3.9,0.699999999999999,9.4,4.6,2.0,-4.7,-0.399999999999999,0.600000000000001,-7.0,0.199999999999996,-0.600000000000009,5.9,0.0,Marquette,,59.0,
24,2013,1,13,La Salle,61,-2,A10,B12,0,2,1.40000000000001,-1.7,0.0379999999999999,-2.8,-1.8,1.1,0.899999999999999,9.5,-0.400000000000006,0.399999999999999,8.3,-2.5,-4.1,-1.90000000000001,3.1,-3.0,5.1,1.0,4,Kansas State,61.0,
25,2013,1,Montana,Montana,34,47,BE,BSky,10,7,11.4,-14.8,0.4604,-3.9,-6.0,-0.200000000000003,5.3,13.7,4.0,-3.8,-0.5,-3.5,-5.4,-3.0,-4.9,1.50000000000001,6.5,0.0,Syracuse,,81.0,
26,2013,1,North Carolina A&T,North Carolina A&T,48,31,BE,MEAC,4,16,25.3,-11.2,0.6284,4.9,-0.400000000000006,-4.4,3.6,8.4,0.0999999999999943,-2.6,-6.2,5.4,0.0,2.6,-0.199999999999999,0.199999999999989,20.5,0.0,Louisville,,79.0,
27,2013,1,Colorado,Colorado,49,8,B10,P12,1,0,4.89999999999999,2.5,0.0236000000000001,-0.799999999999997,2.8,-2.4,2.3,0.0,2.6,-9.9,10.7,0.399999999999999,2.7,-2.7,2.1,0.599999999999994,1.0,0.0,Illinois,,57.0,
28,2013,1,15,Florida Gulf Coast,68,-10,ASun,BE,-3,1,4.19999999999999,-11.3,0.2429,-0.5,-3.9,-0.899999999999999,0.299999999999997,-2.1,-1.8,1.59999999999999,2.59999999999999,-2.09999999999999,-5.5,1.9,-0.600000000000001,-6.59999999999999,10.6,1.0,2,Georgetown,68.0,
29,2013,1,12,Oregon,55,-13,P12,B12,-4,-4,2.3,0.0,0.0255,-0.5,-1.9,-3.2,-0.300000000000001,-4.5,3.6,2.1,1.8,0.399999999999999,-2.5,-1.7,-1.0,-1.90000000000001,0.3,1.0,5,Oklahoma State,55.0,
30,2013,1,New Mexico State,New Mexico State,44,20,A10,WAC,1,5,5.5,-7.8,0.2189,1.1,0.100000000000001,-4.3,5.0,-9.0,-0.699999999999999,-3.0,4.3,0.200000000000003,0.899999999999999,2.2,-0.799999999999997,-0.399999999999991,6.9,0.0,Saint Louis,,64.0,
31,2013,1,12,UC Berkeley,61,-3,P12,MWC,1,3,-0.700000000000003,-3.89999999999999,0.0538,0.899999999999999,-0.199999999999996,1.3,1.7,0.799999999999997,-3.6,5.5,-2.9,0.100000000000001,0.899999999999999,2.4,-2.0,2.8,1.3,1.0,5,UNLV,61.0,
32,2013,2,UC Berkeley,UC Berkeley,60,6,BE,P12,7,9,7.59999999999999,-5.3,0.1322,1.0,-1.7,0.0,6.8,6.3,3.8,5.6,2.9,-0.299999999999997,0.899999999999999,3.2,-5.2,-1.09999999999999,4.6,0.0,Syracuse,,66.0,
33,2013,2,Butler,Butler,72,2,BE,A10,0,0,3.8,0.200000000000003,0.0396,-1.1,-0.5,0.699999999999999,2.1,2.5,6.8,2.5,-4.4,1.4,-0.399999999999999,-4.7,-0.900000000000006,-0.100000000000009,-0.2,0.0,Marquette,,74.0,
34,2013,2,Memphis,Memphis,48,22,B10,CUSA,-1,-5,5.30000000000001,-2.40000000000001,0.0720000000000001,-1.8,-1.0,0.100000000000001,-2.9,0.5,-3.5,-0.600000000000001,-2.5,-0.700000000000003,0.5,-3.1,-2.9,-4.89999999999999,2.2,0.0,Michigan State,,70.0,
35,2013,2,Temple,Temple,52,6,B10,A10,2,5,10.3,-7.2,0.1472,5.7,-5.0,3.4,0.799999999999997,8.2,0.0,10.2,-7.1,3.2,-4.09999999999999,7.5,-4.9,1.0,6.3,0.0,Indiana,,58.0,
36,2013,2,15,Florida Gulf Coast,71,-10,ASun,MWC,-3,-3,2.59999999999999,-6.8,0.18,-3.1,-2.2,-2.9,-3.9,-0.699999999999999,-4.9,0.0999999999999943,-3.8,-4.0,-3.6,-0.699999999999996,0.5,-2.3,4.4,1.0,7,San Diego State,71.0,
37,2013,2,VCU,VCU,53,25,B10,A10,2,3,7.7,1.60000000000001,0.0327000000000001,3.3,-1.9,-2.3,-9.8,-4.1,-5.3,-1.4,-17.6,2.9,-2.5,2.8,-0.299999999999997,-3.3,3.6,0.0,Michigan,,78.0,
38,2013,2,9,Wichita State,70,-6,MVC,WCC,-5,1,8.30000000000001,-0.799999999999997,0.0554,4.9,-0.399999999999999,-2.2,0.800000000000001,-0.200000000000003,3.3,4.3,-8.4,5.4,-1.5,2.6,0.699999999999996,0.0999999999999943,5.4,1.0,1,Gonzaga,70.0,
39,2013,2,North Carolina,North Carolina,58,12,B12,ACC,2,7,0.0,-6.8,0.0612,4.0,-6.5,3.1,-3.1,-0.800000000000004,-2.3,11.3,4.9,6.6,-7.0,-0.800000000000004,-4.1,-3.7,5.0,0.0,Kansas,,70.0,
40,2013,2,Creighton,Creighton,50,16,ACC,MVC,0,2,2.0,-3.5,0.039,-4.3,-0.399999999999999,-3.3,4.3,0.0,5.1,5.0,6.6,-4.90000000000001,0.700000000000003,-1.5,-2.2,2.59999999999999,4.0,0.0,Duke,,66.0,
41,2013,2,Harvard,Harvard,51,23,P12,Ivy,6,8,9.5,-7.7,0.2867,-1.8,-2.6,-1.3,-1.1,9.4,-4.7,-12.2,1.7,-0.899999999999999,-5.5,-2.7,2.5,2.09999999999999,7.2,0.0,Arizona,,74.0,
42,2013,2,Iowa State,Iowa State,75,3,B10,B12,2,6,-3.60000000000001,-8.89999999999999,0.0578,-3.2,-2.6,-2.3,2.1,-2.4,-0.300000000000001,2.5,-3.2,-2.5,-5.2,-1.8,1.3,-4.3,6.5,0.0,Ohio State,,78.0,
43,2013,2,Colorado State,Colorado State,56,26,BE,MWC,7,11,-0.699999999999989,-13.9,0.0984,1.4,-3.8,1.1,10.5,-3.2,10.1,-4.1,-1.5,2.4,-3.7,-0.800000000000004,-2.3,2.3,7.1,0.0,Louisville,,82.0,
44,2013,2,Illinois,Illinois,59,4,ACC,B10,2,8,2.60000000000001,-1.90000000000001,0.0458,4.4,-3.0,-0.900000000000002,-3.3,-2.3,-4.6,3.6,-7.7,3.2,-3.4,4.5,-1.5,-3.09999999999999,3.9,0.0,Miami FL,,63.0,
45,2013,2,Minnesota,Minnesota,64,14,SEC,B10,3,8,3.10000000000001,-6.8,0.0644,5.90000000000001,-2.3,-3.8,2.3,-9.4,-4.8,-10.6,-6.8,5.5,-1.0,4.09999999999999,-2.9,-1.3,2.0,0.0,Florida,,78.0,
46,2013,2,12,Oregon,57,-17,P12,A10,-2,0,3.2,-1.09999999999999,0.0453,1.1,-0.899999999999999,-3.8,1.6,-7.9,1.9,5.6,1.7,0.899999999999999,-0.799999999999997,0.700000000000003,-0.299999999999997,-4.5,0.9,1.0,4,Saint Louis,57.0,
47,2013,2,13,La Salle,74,-2,A10,SEC,2,3,-2.0,-0.600000000000009,-0.0176000000000001,-2.8,-2.9,-1.2,0.199999999999999,5.1,-2.4,7.5,2.6,0.100000000000001,-4.4,-5.3,1.1,4.90000000000001,1.3,1.0,12,Mississippi,74.0,
48,2014,1,American,American,35,40,B10,Pat,5,10,20.9,-1.8,0.3263,-2.5,0.800000000000004,-10.4,-4.3,1.6,-2.3,7.7,-13.6,-3.8,0.199999999999996,-0.299999999999997,2.2,2.5,13.4,0.0,Wisconsin,,75.0,
49,2014,1,Wofford,Wofford,40,17,B10,SC,7,11,25.3,-2.3,0.502,6.90000000000001,-0.100000000000001,-1.6,-2.6,-1.5,1.5,1.9,-12.7,5.3,0.600000000000001,5.6,-1.1,0.5,14.2,0.0,Michigan,,57.0,
50,2014,1,George Washington,George Washington,66,5,Amer,A10,0,-1,2.39999999999999,0.200000000000003,0.0327999999999999,0.399999999999999,1.2,-0.399999999999999,0.699999999999999,0.699999999999996,1.9,-7.1,0.399999999999999,2.5,1.8,-3.4,-0.199999999999999,2.3,-0.4,0.0,Memphis,,71.0,
51,2014,1,Kansas State,Kansas State,49,7,SEC,B12,7,9,9.3,3.3,0.0589,1.1,0.700000000000003,-0.399999999999999,-2.9,7.3,-3.5,11.5,-8.6,1.7,-1.0,0.100000000000001,2.9,1.10000000000001,3.4,0.0,Kentucky,,56.0,
52,2014,1,Providence,Providence,77,2,ACC,BE,-1,2,-1.5,-5.7,0.0634,1.6,-1.9,-0.400000000000002,2.9,2.8,0.5,1.0,7.7,3.2,-2.09999999999999,-1.1,-1.1,5.89999999999999,3.0,0.0,North Carolina,,79.0,
53,2014,1,Delaware,Delaware,78,15,B10,CAA,3,4,8.89999999999999,-10.7,0.3082,4.1,-3.6,4.0,0.899999999999999,3.8,-5.3,-10.2,2.3,2.6,-6.1,4.5,0.5,-6.09999999999999,8.3,0.0,Michigan State,,93.0,
54,2014,1,Tulsa,Tulsa,59,17,P12,CUSA,3,7,13.4,0.799999999999997,0.163,4.9,3.5,-2.2,0.0,-0.399999999999999,-1.0,-8.9,-11.8,3.8,5.4,5.3,-0.800000000000004,1.8,8.1,0.0,UCLA,,76.0,
55,2014,1,Albany,Albany,55,12,SEC,AE,5,17,13.1,-14.7,0.4675,3.40000000000001,-2.9,-2.2,3.0,3.4,-0.399999999999999,0.399999999999999,2.1,4.3,-2.5,-0.100000000000001,-1.9,-0.100000000000001,20.3,0.0,Florida,,67.0,
56,2014,1,Coastal Carolina,Coastal Carolina,59,11,ACC,BSth,6,12,16.3,-12.5,0.5503,2.8,-3.3,-3.7,0.0999999999999979,-0.300000000000004,-3.5,3.4,-7.1,1.4,-4.6,4.3,-0.100000000000001,-6.3,15.9,0.0,Virginia,,70.0,
57,2014,1,Cal Poly,Cal Poly,37,27,MVC,BW,3,22,14.4,-11.4,0.4939,6.4,-4.59999999999999,1.5,0.0999999999999979,4.1,-7.0,13.7,-7.2,8.09999999999999,-5.0,2.0,-2.7,4.7,18.8,0.0,Wichita State,,64.0,
58,2014,1,New Mexico State,New Mexico State,69,4,MWC,WAC,-1,4,-2.19999999999999,-11.3,0.1575,-6.5,0.0,-3.5,4.5,-1.6,-3.6,-8.8,-1.7,-7.8,0.799999999999997,-1.9,-2.4,-3.09999999999999,8.3,0.0,San Diego State,,73.0,
59,2014,1,11,Dayton,59,-1,A10,B10,-2,-1,-4.59999999999999,-10.6,0.0919,-2.1,-3.59999999999999,-0.900000000000002,3.1,-4.3,0.800000000000001,1.7,-13.2,0.700000000000003,-2.4,-5.3,-3.9,0.0,3.9,1.0,6,Ohio State,59.0,
60,2014,1,12,Stephen F. Austin,75,-2,Slnd,A10,2,-4,-3.7,-11.8,0.1428,-4.4,-2.7,0.300000000000001,2.0,-3.3,1.9,-4.7,-11.0,-6.7,-1.2,0.0,-4.4,7.3,1.9,1.0,5,VCU,75.0,
61,2014,1,Oklahoma State,Oklahoma State,77,8,WCC,B12,1,7,-2.0,-1.5,-0.0002999999999999,2.8,-1.7,2.7,-2.6,2.6,-2.5,-8.5,-2.4,2.3,-1.7,2.6,-0.900000000000002,-2.7,2.6,0.0,Gonzaga,,85.0,
62,2014,1,14,Mercer,71,-7,ASun,ACC,2,2,16.3,-3.2,0.2439,-0.200000000000003,2.5,-2.9,-0.5,3.2,0.199999999999999,1.5,-0.200000000000003,-1.3,3.4,0.700000000000003,-0.300000000000001,1.5,9.3,1.0,3,Duke,71.0,
63,2014,1,Eastern Kentucky,Eastern Kentucky,69,11,B12,OVC,3,3,7.10000000000001,-11.9,0.3093,-2.5,-8.6,3.3,-7.8,14.3,-5.2,5.09999999999999,-9.4,-0.200000000000003,-12.4,-4.6,-0.299999999999997,2.2,10.2,0.0,Kansas,,80.0,
64,2014,1,Louisiana Lafayette,Louisiana Lafayette,66,10,BE,SB,3,7,14.7,-2.59999999999999,0.2587,7.4,-1.9,-3.8,-3.7,-8.8,-4.0,-10.4,-11.0,6.7,-3.6,4.3,1.0,-4.59999999999999,9.4,0.0,Creighton,,76.0,
65,2014,1,Weber State,Weber State,59,9,P12,BSky,9,16,10.2,-19.2,0.4805,-2.4,-5.5,-3.3,5.3,8.0,-1.4,-8.7,-0.899999999999999,-0.399999999999999,-6.8,-3.0,-1.7,0.0,16.3,0.0,Arizona,,68.0,
66,2014,1,Milwaukee,Milwaukee,53,20,BE,Horz,0,9,10.9,-11.4,0.4137,4.5,-2.8,-2.6,1.5,4.0,-2.5,-0.200000000000003,2.1,4.7,-7.4,2.9,4.3,-0.200000000000003,14.4,0.0,Villanova,,73.0,
67,2014,1,12,North Dakota State,75,-5,Sum,B12,3,0,4.3,-3.59999999999999,0.118,-2.8,-0.0999999999999943,0.0999999999999996,0.699999999999999,1.8,2.5,-2.2,-1.7,-6.7,2.7,3.2,-3.59999999999999,7.59999999999999,3.9,1.0,5,Oklahoma,75.0,
68,2014,1,Nebraska,Nebraska,60,14,B12,B10,4,5,11.0,4.5,0.0712999999999999,3.0,1.1,1.1,-3.2,14.4,3.0,2.5,-12.6,0.899999999999999,-1.4,4.7,4.1,-3.50000000000001,1.8,0.0,Baylor,,74.0,
69,2014,1,Western Michigan,Western Michigan,53,24,ACC,MAC,2,6,9.5,-9.7,0.3551,-3.8,0.399999999999999,-6.1,3.4,7.1,-0.5,-13.2,2.0,-6.0,-2.3,0.5,3.0,-5.5,10.8,0.0,Syracuse,,77.0,
70,2014,1,North Carolina Central,North Carolina Central,75,18,B12,MEAC,4,2,10.7,-1.40000000000001,0.1885,4.0,3.3,-2.7,-7.8,-6.6,-4.6,-13.1,-14.1,3.6,2.8,3.3,3.1,7.5,8.1,0.0,Iowa State,,93.0,
71,2014,1,Manhattan,Manhattan,64,7,Amer,MAAC,4,6,12.6,-8.80000000000001,0.2191,2.8,-1.5,-4.4,3.3,2.7,-0.599999999999994,-14.3,-14.4,4.0,0.299999999999997,-0.100000000000001,-4.1,-0.799999999999997,5.8,0.0,Louisville,,71.0,
72,2014,1,9,Pittsburgh,48,-29,ACC,P12,-1,-3,-10.2,2.0,-0.1521,-2.40000000000001,2.7,3.4,-1.4,-3.2,-2.9,4.0,-6.2,-1.5,1.8,-3.3,3.0,3.10000000000001,-1.7,1.0,8,Colorado,48.0,
73,2014,1,Arizona State,Arizona State,85,2,B12,P12,2,3,2.10000000000001,0.299999999999997,0.0255,-5.0,0.200000000000003,1.2,-0.699999999999999,15.1,0.0,0.899999999999999,3.7,-1.9,-2.4,-6.3,2.6,-0.599999999999994,2.4,0.0,Texas,,87.0,
74,2014,1,12,Harvard,57,-4,Ivy,Amer,3,1,-3.2,-3.7,0.0142,-4.4,-1.40000000000001,-0.200000000000003,1.3,6.8,3.0,-9.7,-0.299999999999997,-3.1,-1.7,-5.1,-0.700000000000003,-2.0,3.1,1.0,5,Cincinnati,57.0,
75,2014,1,North Carolina State,North Carolina State,80,3,A10,ACC,-3,4,-9.89999999999999,-11.0,0.0411,-0.399999999999999,-3.1,2.8,3.6,-5.3,-6.6,3.3,-7.0,-1.0,-2.9,1.2,-2.5,1.0,3.2,0.0,Saint Louis,,83.0,
76,2014,1,BYU,BYU,68,19,P12,WCC,0,2,4.3,-0.5,0.0642,2.9,0.0,0.800000000000001,2.3,-2.7,3.3,-3.8,11.0,1.8,1.2,2.0,-1.3,-3.7,2.0,0.0,Oregon,,87.0,
77,2014,1,11,Tennessee,67,-19,SEC,A10,-3,1,-9.09999999999999,3.5,-0.1422,0.600000000000001,0.100000000000001,2.0,1.8,-5.40000000000001,4.2,-2.59999999999999,5.7,-0.700000000000003,2.3,2.7,-3.7,8.7,3.2,1.0,6,Massachusetts,67.0,
78,2014,1,Saint Joseph's,Saint Joseph's,81,8,Amer,A10,6,8,-1.3,-6.2,0.0625,-2.4,-3.2,-1.4,4.3,0.899999999999999,5.0,-5.3,5.1,-4.2,-3.8,0.800000000000004,-1.2,-1.10000000000001,2.6,0.0,Connecticut,,89.0,
79,2014,1,10,Stanford,53,-5,P12,MWC,-2,4,1.09999999999999,-0.799999999999997,0.0256999999999999,-0.199999999999996,-3.0,-1.1,-2.1,3.2,0.0999999999999979,1.7,-5.7,1.8,-4.7,-3.2,-0.100000000000001,-1.0,3.3,1.0,7,New Mexico,53.0,
80,2014,2,Harvard,Harvard,73,7,B10,Ivy,7,3,7.69999999999999,0.0999999999999943,0.0678,2.4,-0.400000000000006,-0.200000000000003,-3.4,0.600000000000001,-1.8,-14.7,4.0,2.4,-1.4,0.600000000000001,0.5,0.700000000000003,4.7,0.0,Michigan State,,80.0,
81,2014,2,North Carolina,North Carolina,83,2,B12,ACC,2,4,5.19999999999999,4.09999999999999,0.002,4.3,0.700000000000003,-2.4,-3.4,-9.3,-2.8,-6.5,-10.7,4.7,-0.700000000000003,2.2,2.4,0.799999999999997,3.3,0.0,Iowa State,,85.0,
82,2014,2,Pittsburgh,Pittsburgh,45,16,SEC,ACC,3,10,-1.19999999999999,-5.59999999999999,0.0314,1.5,-1.3,1.2,2.1,-1.90000000000001,-1.0,-1.9,-5.2,1.2,-2.0,0.799999999999997,0.399999999999999,-0.699999999999996,7.6,0.0,Florida,,61.0,
83,2014,2,Memphis,Memphis,60,18,ACC,Amer,4,7,2.0,-7.5,0.097,-1.1,-4.2,-2.1,-1.9,-1.9,-7.5,2.5,-1.3,-3.7,-7.1,3.9,1.3,-8.3,5.4,0.0,Virginia,,78.0,
84,2014,2,8,Kentucky,76,-2,SEC,MVC,-5,5,-0.799999999999997,-3.2,0.0233,2.5,-1.3,-1.9,2.1,-7.0,-3.5,-4.9,-1.09999999999999,2.3,-1.3,1.8,-1.1,-0.800000000000011,4.2,1.0,1,Wichita State,76.0,
85,2014,2,Gonzaga,Gonzaga,61,23,P12,WCC,3,5,2.60000000000001,-5.89999999999999,0.0572,-3.5,-2.3,-1.7,1.7,5.8,-2.2,-0.200000000000003,-4.4,-2.9,-3.09999999999999,-2.6,0.199999999999999,-2.2,5.4,0.0,Arizona,,84.0,
86,2014,2,6,Baylor,55,-30,B12,BE,-1,3,6.0,2.40000000000001,0.0259,7.6,-0.200000000000003,-2.8,-1.0,-12.4,-4.2,-10.9,0.700000000000003,8.0,0.600000000000001,3.4,-1.4,2.50000000000001,2.5,1.0,3,Creighton,55.0,
87,2014,2,Texas,Texas,65,14,B10,B12,2,4,12.6,3.2,0.0788,8.3,2.9,-2.7,0.800000000000001,-10.2,0.300000000000001,-8.5,-14.3,5.8,7.3,7.5,-3.4,-6.1,4.1,0.0,Michigan,,79.0,
88,2014,2,Saint Louis,Saint Louis,51,15,Amer,A10,4,5,13.9,-2.80000000000001,0.1233,3.9,-0.5,-3.3,4.0,8.3,3.7,0.900000000000006,2.8,2.2,-0.100000000000001,5.1,-1.0,1.3,1.5,0.0,Louisville,,66.0,
89,2014,2,Oregon,Oregon,77,8,B10,P12,4,6,4.60000000000001,-4.09999999999999,0.0721,-0.200000000000003,-1.9,-3.4,-3.6,-4.1,-4.5,-1.09999999999999,-20.7,0.299999999999997,-3.5,-1.3,1.7,-5.4,5.3,0.0,Wisconsin,,85.0,
90,2014,2,North Dakota State,North Dakota State,44,19,MWC,Sum,4,6,-4.5,-12.3,0.1347,-7.8,-5.4,-0.4,3.5,5.5,1.5,3.5,-7.8,-10.3,-2.6,-0.5,-7.0,0.0,5.8,0.0,San Diego State,,63.0,
91,2014,2,Mercer,Mercer,63,20,SEC,ASun,3,-1,8.5,-8.39999999999999,0.2381,-4.2,-0.299999999999997,-0.699999999999999,-2.1,7.7,-3.6,4.5,-9.5,-1.0,-2.4,-6.9,3.5,-2.1,3.2,0.0,Tennessee,,83.0,
92,2014,2,7,Connecticut,65,-12,Amer,BE,-6,-3,2.7,1.2,0.0089,2.1,1.7,0.0,0.399999999999999,2.2,-4.1,6.2,2.9,5.7,0.799999999999997,-3.1,2.3,2.8,3.6,1.0,2,Villanova,65.0,
93,2014,2,11,Dayton,53,-2,A10,ACC,-3,2,1.2,-6.3,0.0968,-4.2,-0.799999999999997,-3.3,3.1,4.2,2.7,-2.4,-6.3,-2.7,-2.8,-4.6,1.3,-3.90000000000001,7.3,1.0,3,Syracuse,53.0,
94,2014,2,10,Stanford,57,-3,P12,B12,-1,2,7.5,-0.900000000000006,0.0834,2.90000000000001,-0.899999999999999,2.1,-0.600000000000001,8.0,0.699999999999999,3.3,8.5,5.6,-1.5,-2.4,0.600000000000001,1.0,5.8,1.0,2,Kansas,57.0,
95,2014,2,Stephen F. Austin,Stephen F. Austin,60,17,P12,Slnd,4,-2,7.0,-5.0,0.164,1.8,-0.600000000000001,-2.4,-3.3,-8.4,-0.299999999999997,-1.7,-15.0,0.700000000000003,-1.4,3.1,-0.300000000000004,6.7,2.8,0.0,UCLA,,77.0,
96,2015,1,Wofford,Wofford,53,3,SEC,SC,3,1,10.9,-0.799999999999997,0.2149,-1.1,1.3,-0.300000000000001,2.3,6.3,6.9,-0.300000000000004,2.4,-0.300000000000004,-1.09999999999999,-1.9,4.3,8.7,3.7,0.0,Arkansas,,56.0,
97,2015,1,Coastal Carolina,Coastal Carolina,72,14,B10,BSth,10,16,24.6,-9.40000000000001,0.4341,4.8,0.0,-5.1,-1.1,-2.7,-4.3,-2.7,-12.6,6.7,-1.09999999999999,0.600000000000001,3.7,-4.8,16.4,0.0,Wisconsin,,86.0,
98,2015,1,Valparaiso,Valparaiso,62,3,B10,Horz,4,3,5.2,-0.5,0.0913,-0.0999999999999943,0.299999999999997,-0.100000000000001,-1.4,-5.8,3.1,7.9,-5.3,0.0,1.8,-0.799999999999997,-1.6,1.4,6.8,0.0,Maryland,,65.0,
99,2015,1,Northeastern,Northeastern,65,4,ACC,CAA,3,9,18.3,-2.40000000000001,0.2815,3.8,-1.9,-7.0,1.8,-2.2,6.9,-4.7,-0.899999999999999,5.2,-1.7,0.399999999999999,-1.8,0.299999999999997,13.2,0.0,Notre Dame,,69.0,
100,2015,1,Hampton,Hampton,56,23,SEC,MEAC,4,21,25.5,-18.3,0.6903,5.9,-6.8,-3.9,1.2,7.7,0.900000000000002,0.100000000000001,-13.8,5.6,-5.4,4.5,-6.8,-6.09999999999999,25.7,0.0,Kentucky,,79.0,
101,2015,1,Harvard,Harvard,65,2,ACC,Ivy,10,6,17.2,-2.40000000000001,0.245,4.5,-1.2,-0.199999999999999,-2.4,7.6,2.8,-3.7,4.9,5.4,1.1,1.5,-4.0,8.3,7.8,0.0,North Carolina,,67.0,
102,2015,1,Georgia,Georgia,63,7,B10,SEC,6,6,8.7,0.0,0.0845,4.7,0.5,-1.7,-0.199999999999999,1.3,-1.5,-15.0,4.7,3.59999999999999,0.599999999999994,4.3,0.300000000000001,-0.899999999999999,1.4,0.0,Michigan State,,70.0,
103,2015,1,Belmont,Belmont,67,12,ACC,OVC,2,9,3.39999999999999,-22.7,0.4151,-5.9,-9.0,-4.6,-0.600000000000001,5.4,-5.4,2.7,0.400000000000002,-6.7,-11.1,-2.5,-3.5,-9.2,14.7,0.0,Virginia,,79.0,
104,2015,1,Indiana,Indiana,76,5,MVC,B10,0,9,-5.2,-11.5,0.0803999999999999,-4.1,-4.5,-2.2,5.4,-0.799999999999997,-4.1,3.5,3.8,-1.3,-8.3,-5.2,2.8,-4.6,4.5,0.0,Wichita State,,81.0,
105,2015,1,Saint John's,Saint John's,64,12,MWC,BE,3,6,-7.5,-7.2,0.0122,-2.7,-2.9,2.9,1.6,8.1,-5.7,0.5,-7.6,-2.3,-2.6,-2.5,-2.0,-5.8,-1.0,0.0,San Diego State,,76.0,
106,2015,1,10,Ohio State,72,-3,B10,A10,1,2,-5.5,0.900000000000006,-0.0730999999999999,-5.5,3.1,-1.3,1.9,-1.7,-1.4,2.59999999999999,10.0,-6.7,3.09999999999999,-2.7,2.3,0.900000000000006,0.5,1.0,7,VCU,72.0,
107,2015,1,North Dakota State,North Dakota State,76,10,WCC,Sum,6,13,19.4,-7.60000000000001,0.4463,8.2,-3.9,0.100000000000001,0.600000000000001,7.8,4.3,3.0,-0.199999999999999,11.5,-3.0,1.8,-3.2,3.7,11.7,0.0,Gonzaga,,86.0,
108,2015,1,Robert Morris,Robert Morris,56,29,ACC,NEC,4,15,24.5,-12.7,0.5478,6.5,-2.8,-3.5,-3.2,4.8,-5.7,4.3,-13.7,8.5,-2.0,1.2,-2.7,0.400000000000006,19.3,0.0,Duke,,85.0,
109,2015,1,New Mexico State,New Mexico State,56,19,B12,WAC,4,6,9.69999999999999,-7.5,0.2695,-1.2,-1.8,-2.6,-3.1,-4.4,0.600000000000001,-1.7,1.3,-2.9,-3.0,1.7,0.699999999999999,3.2,13.5,0.0,Kansas,,75.0,
110,2015,1,Texas Southern,Texas Southern,72,21,P12,SWAC,3,12,15.6,-21.2,0.6329,4.0,-4.2,-3.2,1.9,0.700000000000003,-12.2,0.300000000000004,4.2,3.3,-5.8,3.8,-0.899999999999999,3.0,13.5,0.0,Arizona,,93.0,
111,2015,1,Lafayette,Lafayette,52,41,BE,Pat,4,14,12.1,-23.4,0.5824,-0.5,-8.0,-0.800000000000001,4.8,4.8,-3.3,11.4,2.9,0.200000000000003,-6.2,-1.9,-7.5,-0.399999999999991,18.4,0.0,Villanova,,93.0,
112,2015,1,Albany,Albany,60,9,B12,AE,2,0,6.69999999999999,-13.7,0.36,-0.600000000000001,-5.5,-1.2,-0.400000000000002,-1.1,5.4,-6.2,-2.0,0.300000000000004,-4.0,-1.5,-4.5,6.2,7.8,0.0,Oklahoma,,69.0,
113,2015,1,14,Georgia State,56,-1,SB,B12,-1,-1,6.8,-5.3,0.1514,-2.2,0.0,3.8,-3.9,11.9,-3.3,0.899999999999999,-7.7,-7.3,3.3,6.0,-3.3,-1.1,8.0,1.0,3,Baylor,56.0,
114,2015,1,LSU,LSU,65,1,ACC,SEC,3,0,6.3,4.0,0.0206999999999999,-1.0,0.899999999999999,-4.2,-4.2,0.0,-2.7,1.8,5.3,-2.8,-0.299999999999997,1.7,2.1,-5.39999999999999,0.6,0.0,North Carolina State,,66.0,
115,2015,1,14,UAB,59,-1,CUSA,B12,-1,6,14.2,-4.5,0.3382,6.7,0.0,-4.3,-1.2,-5.9,-3.5,0.799999999999997,-9.6,7.7,-2.2,3.0,2.8,4.5,14.5,1.0,3,Iowa State,59.0,
116,2015,1,UC Irvine,UC Irvine,55,2,ACC,BW,4,8,4.30000000000001,-9.39999999999999,0.2088,-3.0,-0.700000000000003,-1.0,4.1,4.7,0.100000000000001,8.5,-2.0,0.600000000000001,0.899999999999999,-7.5,-3.3,1.7,10.4,0.0,Louisville,,57.0,
117,2015,1,Purdue,Purdue,65,1,Amer,B10,0,2,-4.0,-1.60000000000001,-0.0274,-0.799999999999997,-1.3,1.1,2.3,0.799999999999997,1.4,-4.6,-12.3,-1.3,-0.0999999999999943,0.199999999999996,-3.2,-4.7,-2.3,0.0,Cincinnati,,66.0,
118,2015,1,Eastern Washington,Eastern Washington,74,10,BE,BSky,1,-1,2.5,-14.1,0.3297,-3.8,-5.2,3.3,2.4,5.0,0.300000000000001,8.7,8.1,-1.7,-6.1,-4.0,-2.5,-3.90000000000001,6.3,0.0,Georgetown,,84.0,
119,2015,1,Wyoming,Wyoming,54,17,MVC,MWC,2,8,13.3,-5.2,0.3107,3.7,-1.4,-1.0,1.3,5.0,-0.100000000000001,-0.600000000000001,0.0,-1.1,0.0,7.2,-2.8,-0.700000000000003,6.9,0.0,Northern Iowa,,71.0,
120,2015,1,Mississippi,Mississippi,57,19,BE,SEC,3,2,3.5,-4.10000000000001,0.1012,5.5,2.4,1.6,0.100000000000001,-3.5,-4.1,2.4,-7.90000000000001,6.90000000000001,5.3,1.9,-1.2,-1.09999999999999,1.8,0.0,Xavier,,76.0,
121,2015,1,Davidson,Davidson,52,31,B10,A10,3,-1,-4.3,-10.2,0.0776,-7.3,-3.7,3.0,1.9,6.0,-0.0999999999999979,9.5,-5.5,-5.8,-7.7,-5.40000000000001,2.6,-2.60000000000001,0.4,0.0,Iowa,,83.0,
122,2015,1,11,UCLA,59,-1,P12,Amer,-3,4,-0.700000000000003,-2.0,0.021,2.5,-2.8,1.9,2.4,2.8,0.599999999999998,8.09999999999999,-1.1,3.9,-2.5,-0.5,-2.9,-3.2,3.1,1.0,6,SMU,59.0,
123,2015,1,Oklahoma State,Oklahoma State,73,6,P12,B12,4,8,3.59999999999999,3.69999999999999,-0.009,2.09999999999999,1.5,-1.6,-4.4,3.3,-1.1,-9.9,-6.7,1.59999999999999,3.0,2.3,-1.2,2.90000000000001,2.8,0.0,Oregon,,79.0,
124,2015,1,Stephen F. Austin,Stephen F. Austin,50,7,P12,Slnd,3,-1,3.90000000000001,-10.1,0.1594,-0.399999999999999,-6.0,-2.1,-6.2,-6.3,-1.2,1.5,-14.8,-3.1,-6.9,2.8,-2.5,-5.00000000000001,2.5,0.0,Utah,,57.0,
125,2015,1,11,Dayton,53,-13,A10,BE,-2,-5,4.59999999999999,-0.799999999999997,0.0762,-4.5,0.900000000000006,0.200000000000003,-1.4,11.9,0.600000000000001,-7.4,8.7,-3.7,0.600000000000001,-4.3,0.799999999999997,1.90000000000001,2.9,1.0,6,Providence,53.0,
126,2015,1,Buffalo,Buffalo,62,6,B12,MAC,2,2,1.2,-4.7,0.0991,-2.6,4.2,2.0,8.3,5.6,0.700000000000003,-2.2,21.2,-2.1,3.8,-2.5,3.5,-0.300000000000011,5.4,0.0,West Virginia,,68.0,
127,2015,1,Texas,Texas,48,8,BE,B12,0,3,-1.8,-2.10000000000001,0.0066999999999999,-0.700000000000003,4.6,-3.1,5.5,-3.2,-3.3,4.2,-1.4,-2.0,9.4,1.8,-4.0,1.1,2.6,0.0,Butler,,56.0,
128,2015,2,Arkansas,Arkansas,78,9,ACC,SEC,2,-1,6.39999999999999,-3.5,0.0811,1.6,-2.9,1.3,-4.6,4.3,-3.4,-2.09999999999999,-1.0,2.1,-0.600000000000001,0.899999999999999,-5.2,0.0,2.6,0.0,North Carolina,,87.0,
129,2015,2,Oregon,Oregon,65,7,B10,P12,5,11,14.8,-5.5,0.1379,2.5,-0.299999999999997,-4.5,-0.899999999999999,1.9,-7.8,7.1,-13.0,4.0,-2.4,-0.399999999999999,4.3,-7.60000000000001,8.3,0.0,Wisconsin,,72.0,
130,2015,2,5,West Virginia,59,-10,B12,B10,0,3,-0.0999999999999943,0.700000000000003,-0.0114,5.1,-7.2,0.199999999999999,-10.8,-11.2,-0.600000000000001,4.1,-27.4,2.5,-7.7,6.0,-4.7,-4.09999999999999,2.8,1.0,4,Maryland,59.0,
131,2015,2,Cincinnati,Cincinnati,51,13,SEC,Amer,5,15,13.8,-8.3,0.1462,2.0,-4.5,-4.7,1.4,2.2,-0.499999999999996,6.8,5.6,1.6,-3.1,2.0,-4.8,3.2,14.4,0.0,Kentucky,,64.0,
132,2015,2,7,Michigan State,54,-6,B10,ACC,-5,3,-4.2,-8.5,0.0321,-2.6,-2.6,-1.8,1.4,0.799999999999997,-2.8,2.2,-10.4,-1.09999999999999,-3.7,-3.3,-0.699999999999999,-5.5,7.0,1.0,2,Virginia,54.0,
133,2015,2,UAB,UAB,75,17,P12,CUSA,1,3,9.09999999999999,-3.5,0.2704,2.0,0.899999999999999,-2.5,-1.8,-0.400000000000006,-4.5,0.0,-1.3,0.799999999999997,-2.0,3.59999999999999,3.7,1.5,7.5,0.0,UCLA,,92.0,
134,2015,2,7,Wichita State,65,-13,MVC,B12,2,-2,-0.700000000000003,-0.900000000000006,0.0030999999999999,-0.899999999999999,-1.2,4.2,-3.8,0.399999999999999,4.2,6.4,-2.8,-2.5,0.799999999999997,2.5,-3.8,4.6,4.8,1.0,2,Kansas,65.0,
135,2015,2,Ohio State,Ohio State,58,15,P12,B10,3,10,3.59999999999999,-6.19999999999999,0.0596,-0.700000000000003,-1.3,-0.5,-1.0,1.0,-9.6,12.4,9.5,-0.300000000000004,-2.5,-1.0,1.3,0.400000000000006,6.5,0.0,Arizona,,73.0,
136,2015,2,San Diego State,San Diego State,49,19,ACC,MWC,4,9,22.1,3.09999999999999,0.1073,10.0,3.0,-2.3,-2.5,0.0999999999999943,0.5,3.59999999999999,-1.8,10.0,4.0,6.7,0.799999999999997,5.2,9.4,0.0,Duke,,68.0,
137,2015,2,8,North Carolina State,68,-3,ACC,BE,0,11,7.80000000000001,-5.7,0.0979000000000001,6.0,0.0,0.300000000000001,6.7,-1.4,1.0,6.5,-4.3,5.7,1.7,3.3,-2.5,0.0,10.2,1.0,1,Villanova,68.0,
138,2015,2,Northern Iowa,Northern Iowa,53,13,ACC,MVC,1,-4,-6.0,-5.59999999999999,0.0062,-8.2,-1.6,-0.600000000000001,2.1,7.7,3.9,-1.09999999999999,6.3,-4.9,-0.700000000000003,-9.1,-1.8,7.09999999999999,0.5,0.0,Louisville,,66.0,
139,2015,2,Georgia State,Georgia State,67,8,BE,SB,3,-1,6.2,-2.90000000000001,0.1247,1.3,4.2,1.8,-4.4,1.3,-7.5,0.799999999999997,-6.5,0.300000000000004,5.8,2.9,1.5,2.3,4.3,0.0,Xavier,,75.0,
140,2015,2,Iowa,Iowa,68,19,WCC,B10,3,12,6.2,1.09999999999999,0.0287,9.8,-1.4,-1.0,-1.8,-1.7,-2.3,0.700000000000003,1.4,9.7,-1.7,6.7,0.399999999999999,0.600000000000009,5.7,0.0,Gonzaga,,87.0,
141,2015,2,5,Utah,64,-11,P12,BE,-1,-3,-2.30000000000001,4.8,-0.0568000000000001,-3.90000000000001,4.1,1.0,1.9,3.0,2.6,0.5,9.8,-1.8,1.7,-4.8,5.0,3.2,0.0,1.0,4,Georgetown,64.0,
142,2015,2,Dayton,Dayton,66,6,B12,A10,-1,-3,4.59999999999999,-6.0,0.129,-3.6,-3.2,-0.299999999999997,-1.4,8.2,3.0,-15.3,-2.2,-4.4,-4.3,-1.3,-0.800000000000001,3.7,3.7,0.0,Oklahoma,,72.0,
143,2015,2,Butler,Butler,64,3,ACC,BE,4,9,16.8,10.0,0.0286000000000001,9.9,1.2,-2.5,-2.2,-6.8,6.9,-4.09999999999999,-9.3,11.9,0.299999999999997,3.4,1.9,0.0,5.1,0.0,Notre Dame,,67.0,
144,2016,1,14,Stephen F. Austin,56,-14,Slnd,B12,5,2,4.5,-6.09999999999999,0.1161,-5.0,-1.1,2.3,-0.899999999999999,8.5,-3.6,11.9,15.1,-4.2,-2.0,-4.4,0.300000000000004,2.7,8.6,1.0,3,West Virginia,56.0,
145,2016,1,South Dakota State,South Dakota State,74,5,B10,Sum,3,2,4.40000000000001,-4.8,0.1469,3.90000000000001,-1.5,1.8,-0.800000000000001,-3.3,4.4,-3.2,-13.2,6.09999999999999,-1.6,0.100000000000001,-1.2,-1.3,5.2,0.0,Maryland,,79.0,
146,2016,1,Michigan,Michigan,63,7,ACC,B10,1,2,4.89999999999999,3.89999999999999,0.0069,-0.5,-1.9,0.800000000000001,-3.1,7.9,5.7,5.1,-1.0,0.299999999999997,-4.6,-0.600000000000001,2.2,-0.799999999999997,1.5,0.0,Notre Dame,,70.0,
147,2016,1,Stony Brook,Stony Brook,57,28,SEC,AE,5,3,18.6,-4.10000000000001,0.3037,1.3,-3.1,-1.1,-0.399999999999999,2.7,5.9,5.59999999999999,13.2,2.2,-3.09999999999999,-0.600000000000001,-1.5,0.400000000000006,6.1,0.0,Kentucky,,85.0,
148,2016,1,Florida Gulf Coast,Florida Gulf Coast,67,16,ACC,ASun,9,16,20.4,-7.5,0.4395,1.1,0.399999999999999,-1.8,2.3,9.0,2.5,-5.0,-4.9,2.4,-3.7,-1.5,5.0,3.7,17.0,0.0,North Carolina,,83.0,
149,2016,1,15,Middle Tennessee,81,-9,CUSA,B10,2,6,18.6,-3.5,0.3204,4.59999999999999,-6.1,0.5,-5.2,8.4,-1.4,-4.9,-8.3,3.6,-6.3,4.2,-3.7,-0.900000000000006,10.4,1.0,2,Michigan State,81.0,
150,2016,1,Chattanooga,Chattanooga,74,25,B10,SC,2,0,15.7,-2.39999999999999,0.2882,7.0,-0.700000000000003,1.6,-1.3,4.90000000000001,0.199999999999999,-7.7,-0.699999999999999,5.4,-1.5,6.0,0.599999999999994,2.2,2.8,0.0,Indiana,,99.0,
151,2016,1,Iona,Iona,81,13,B12,MAAC,2,1,12.3,-3.5,0.234,3.3,1.0,-1.9,-2.4,-3.0,-0.899999999999999,-6.3,-11.4,4.2,3.5,1.7,-2.3,-0.299999999999997,7.2,0.0,Iowa State,,94.0,
152,2016,1,Hampton,Hampton,45,36,ACC,MEAC,6,9,21.7,-16.5,0.6985,8.09999999999999,-0.200000000000003,-3.6,2.1,-4.6,-2.0,-9.2,-2.3,5.3,-1.2,9.8,0.900000000000006,-10.0,14.9,0.0,Virginia,,81.0,
153,2016,1,10,VCU,67,-8,A10,P12,-5,-7,-2.19999999999999,3.89999999999999,-0.0931,-1.2,0.299999999999997,0.300000000000001,-1.9,-4.2,4.5,4.59999999999999,2.5,-3.2,1.4,2.2,-1.3,-2.3,0.4,1.0,7,Oregon State,67.0,
154,2016,1,11,Northern Iowa,72,-3,MVC,B12,-2,-2,2.5,-1.10000000000001,0.0518000000000001,-3.8,-1.0,0.200000000000001,0.0,13.0,4.6,5.4,13.6,-2.8,-3.1,-3.1,2.1,2.59999999999999,5.3,1.0,6,Texas,72.0,
155,2016,1,UNC Wilmington,UNC Wilmington,85,8,ACC,CAA,5,2,11.7,-2.0,0.1936,2.5,2.0,-1.6,-2.5,1.1,4.6,5.0,-29.9,0.0,2.8,4.1,0.100000000000001,-2.59999999999999,4.9,0.0,Duke,,93.0,
156,2016,1,Austin Peay,Austin Peay,79,26,B12,OVC,3,16,17.5,-18.7,0.6161,4.40000000000001,-8.7,-2.4,-0.100000000000001,0.300000000000004,-2.1,-8.4,6.0,1.7,-9.9,6.59999999999999,-3.9,-0.400000000000006,22.9,0.0,Kansas,,105.0,
157,2016,1,Pittsburgh,Pittsburgh,43,4,B10,ACC,3,2,-5.10000000000001,-3.40000000000001,-0.015,-2.6,-1.9,-0.399999999999999,1.7,-3.8,0.199999999999999,1.9,1.2,-3.8,-3.6,-0.100000000000001,2.0,-2.2,-1.4,0.0,Wisconsin,,47.0,
158,2016,1,Buffalo,Buffalo,72,7,ACC,MAC,1,8,14.3,-5.90000000000001,0.3457,4.6,-1.5,-2.3,-0.300000000000001,-1.7,0.800000000000001,-0.899999999999999,-8.7,4.2,-1.9,3.8,0.100000000000001,-5.90000000000001,12.7,0.0,Miami FL,,79.0,
159,2016,1,11,Wichita State,55,-10,MVC,P12,0,0,5.8,7.90000000000001,-0.0299,4.7,1.5,3.5,-7.2,3.3,1.3,6.4,-16.1,3.0,3.6,5.8,-1.1,2.3,3.2,1.0,6,Arizona,55.0,
160,2016,1,UNC Asheville,UNC Asheville,56,30,BE,BSth,8,15,21.9,-8.5,0.4216,6.5,-2.59999999999999,-2.3,-1.6,-3.4,0.0999999999999979,-7.7,-3.0,7.2,-8.0,4.1,4.3,-4.3,15.2,0.0,Villanova,,86.0,
161,2016,1,Cal State Bakersfield,Cal State Bakersfield,68,14,B12,WAC,7,8,14.8,-1.60000000000001,0.222,5.0,2.0,0.100000000000001,-3.8,-2.9,0.800000000000001,-5.0,-13.8,-0.299999999999997,2.5,7.90000000000001,0.300000000000004,2.39999999999999,11.5,0.0,Oklahoma,,82.0,
162,2016,1,9,Connecticut,67,-7,Amer,P12,-3,-4,-2.7,1.8,-0.066,-3.1,2.3,2.5,-2.8,6.2,-4.3,10.9,0.300000000000004,-6.0,2.3,2.1,2.7,3.0,-0.5,1.0,8,Colorado,67.0,
163,2016,1,12,Arkansas Little Rock,83,-2,SB,B10,2,-2,9.60000000000001,-3.3,0.1584,1.7,-1.6,2.1,-7.3,8.3,-6.1,3.9,-10.2,3.9,-2.8,-1.5,0.5,5.10000000000001,2.3,1.0,5,Purdue,83.0,
164,2016,1,Green Bay,Green Bay,65,27,SEC,Horz,3,7,6.09999999999999,-12.0,0.3397,1.40000000000001,-4.1,1.6,-0.400000000000002,3.9,-2.8,-4.1,-3.5,2.8,-4.4,-0.899999999999999,-3.0,-8.89999999999999,9.7,0.0,Texas A&M,,92.0,
165,2016,1,Weber State,Weber State,53,18,BE,BSky,2,5,15.3,-5.2,0.363,-3.1,0.399999999999999,-2.2,3.7,9.3,0.399999999999999,-4.0,5.5,-5.5,3.4,0.799999999999997,-4.5,4.7,11.4,0.0,Xavier,,71.0,
166,2016,1,9,Butler,61,-10,BE,B12,-1,-3,-5.10000000000001,0.300000000000011,-0.0672,-2.6,-0.100000000000001,3.3,0.399999999999999,-0.900000000000002,4.8,2.90000000000001,-2.9,-0.699999999999996,-1.9,-4.7,1.8,-2.0,-0.7,1.0,8,Texas Tech,61.0,
167,2016,1,Temple,Temple,70,2,B10,Amer,0,1,8.10000000000001,-1.60000000000001,0.1535,4.3,1.6,1.0,2.6,2.8,1.6,6.4,-3.7,3.8,2.40000000000001,3.7,0.100000000000001,3.3,2.1,0.0,Iowa,,72.0,
168,2016,1,Holy Cross,Holy Cross,52,39,P12,Pat,2,15,21.7,-10.7,0.6765,4.4,-4.3,-0.699999999999999,0.599999999999998,11.0,0.899999999999999,4.2,-1.4,5.4,-6.7,1.8,0.5,4.40000000000001,21.2,0.0,Oregon,,91.0,
169,2016,1,Cincinnati,Cincinnati,76,2,A10,Amer,3,6,4.2,4.09999999999999,-0.006,1.90000000000001,2.5,-2.0,-4.2,-8.4,-4.8,4.2,-2.0,4.59999999999999,7.90000000000001,-2.09999999999999,-4.6,4.90000000000001,3.1,0.0,Saint Joseph's,,78.0,
170,2016,1,Fresno State,Fresno State,69,11,P12,MWC,2,3,9.5,-2.8,0.2161,6.7,-0.799999999999997,3.1,-5.7,-0.800000000000001,-1.9,0.199999999999996,-23.4,8.5,-3.9,1.9,4.1,-2.89999999999999,6.5,0.0,Utah,,80.0,
171,2016,1,13,Hawaii,66,-11,BW,P12,2,-3,5.5,-2.2,0.1061,0.300000000000004,-0.600000000000001,-0.400000000000002,-5.7,2.0,-1.1,-3.7,-2.7,-3.0,-3.3,4.09999999999999,4.7,-2.60000000000001,1.4,1.0,4,UC Berkeley,66.0,
172,2016,1,9,Providence,69,-1,BE,P12,-1,-3,5.0,3.3,0.0159,4.2,-2.0,0.5,-3.9,1.7,1.3,-2.2,0.300000000000001,1.4,-3.2,6.6,0.200000000000003,2.8,-3.2,1.0,8,USC,69.0,
173,2016,1,10,Syracuse,51,-19,ACC,A10,-4,2,-6.40000000000001,-1.0,-0.0673,1.6,-0.399999999999999,0.5,-2.4,-4.8,-11.1,5.4,4.8,4.3,-4.4,-1.6,4.2,3.0,2.7,1.0,7,Dayton,51.0,
174,2016,1,12,Yale,75,-4,Ivy,B12,4,-1,10.2,3.60000000000001,0.0715,-0.600000000000001,4.5,-1.3,2.0,0.700000000000003,4.5,-3.1,5.3,-1.6,3.6,1.4,4.2,0.600000000000009,3.6,1.0,5,Baylor,75.0,
175,2016,1,11,Gonzaga,52,-16,WCC,BE,-1,-2,-6.60000000000001,-3.09999999999999,-0.0224,-5.40000000000001,0.600000000000001,2.3,4.4,2.6,4.8,6.0,5.7,-5.5,-0.100000000000001,-3.09999999999999,1.4,2.2,3.2,1.0,6,Seton Hall,52.0,
176,2016,2,Hawaii,Hawaii,60,13,B10,BW,3,0,8.0,1.3,0.0894,3.3,1.6,0.799999999999997,-3.4,-1.3,3.5,-8.4,-13.2,1.7,0.700000000000003,4.0,2.1,-3.5,3.2,0.0,Maryland,,73.0,
177,2016,2,Stephen F. Austin,Stephen F. Austin,75,1,ACC,Slnd,6,0,8.0,6.8,0.0033999999999999,-0.799999999999997,0.0,-2.4,-11.1,-0.799999999999997,1.4,-1.4,-14.2,-1.6,-3.2,0.5,4.1,-2.7,3.5,0.0,Notre Dame,,76.0,
178,2016,2,Providence,Providence,66,19,ACC,BE,5,9,14.6,-0.5,0.1338,4.6,-1.2,-0.700000000000001,-2.4,10.3,-0.300000000000001,-5.0,2.4,5.9,-5.2,0.600000000000001,3.90000000000001,2.40000000000001,5.2,0.0,North Carolina,,85.0,
179,2016,2,5,Indiana,67,-6,B10,SEC,1,0,1.90000000000001,-3.30000000000001,0.0349,-5.2,-5.3,-3.4,-0.899999999999999,0.299999999999997,2.7,3.9,10.6,-3.2,-6.3,-5.0,-1.7,-1.3,1.8,1.0,4,Kentucky,67.0,
180,2016,2,Butler,Butler,69,8,ACC,BE,4,7,1.7,-7.59999999999999,0.0700999999999999,2.2,-1.3,0.6,0.199999999999999,-2.3,-2.3,-7.2,-2.4,2.7,-2.8,1.0,0.900000000000006,-7.3,6.6,0.0,Virginia,,77.0,
181,2016,2,Wichita State,Wichita State,57,8,ACC,MVC,1,2,9.10000000000001,8.7,-0.0118,5.3,3.59999999999999,1.8,-5.8,-1.6,5.9,3.3,-16.3,4.0,4.8,5.2,1.7,0.200000000000003,6.7,0.0,Miami FL,,65.0,
182,2016,2,11,Gonzaga,59,-23,WCC,P12,0,-1,-1.60000000000001,2.8,-0.0430999999999999,-0.100000000000001,3.2,1.1,0.200000000000001,-2.9,1.8,3.5,-5.1,1.2,0.100000000000001,-1.5,6.8,-1.3,3.5,1.0,3,Utah,59.0,
183,2016,2,Connecticut,Connecticut,61,12,B12,Amer,1,7,10.4,-3.0,0.093,4.2,0.600000000000001,1.5,0.300000000000001,3.6,-1.2,9.0,1.9,2.8,1.4,4.8,-0.100000000000001,3.19999999999999,10.4,0.0,Kansas,,73.0,
184,2016,2,Iowa,Iowa,68,19,BE,B10,7,13,8.69999999999999,-4.89999999999999,0.0850000000000001,4.8,-1.3,1.5,1.8,-3.7,-1.9,1.1,5.0,8.7,-4.6,-1.2,2.6,-3.09999999999999,6.9,0.0,Villanova,,87.0,
185,2016,2,VCU,VCU,81,4,B12,A10,1,4,6.10000000000001,-0.100000000000009,0.0515,3.3,-2.0,2.0,-3.7,-2.0,2.8,0.799999999999997,-8.5,-1.9,-3.3,7.0,0.0,0.5,8.1,0.0,Oklahoma,,85.0,
186,2016,2,Middle Tennessee,Middle Tennessee,50,25,ACC,CUSA,4,0,8.0,-5.90000000000001,0.2633,-1.7,-2.1,1.0,1.0,4.8,9.6,0.5,-14.4,-0.599999999999994,0.100000000000001,-3.2,-4.0,-3.0,2.9,0.0,Syracuse,,75.0,
187,2016,2,Northern Iowa,Northern Iowa,88,4,SEC,MVC,2,6,3.3,-4.5,0.1017,-2.0,-1.3,2.2,2.2,17.1,1.8,4.0,7.5,0.0,-3.3,-3.1,0.899999999999999,4.7,7.3,0.0,Texas A&M,,92.0,
188,2016,2,7,Wisconsin,63,-3,B10,BE,-1,6,8.2,0.799999999999997,0.0720000000000001,2.9,-0.300000000000004,0.299999999999997,0.699999999999999,2.1,-1.7,3.7,0.0,3.2,3.8,1.4,-6.3,8.30000000000001,7.3,1.0,2,Xavier,63.0,
189,2016,2,Saint Joseph's,Saint Joseph's,64,5,P12,A10,1,2,4.2,-1.39999999999999,0.0563,1.09999999999999,0.799999999999997,1.8,4.1,5.8,4.7,2.9,7.0,0.300000000000004,-3.1,1.7,5.1,-1.90000000000001,3.3,0.0,Oregon,,69.0,
190,2016,2,Yale,Yale,64,7,ACC,Ivy,7,3,12.1,3.30000000000001,0.0913,1.5,2.8,-5.6,-0.400000000000002,-6.09999999999999,10.4,-1.1,-8.0,-0.399999999999999,3.4,2.5,1.3,1.90000000000001,4.3,0.0,Duke,,71.0,
191,2016,2,Arkansas Little Rock,Arkansas Little Rock,61,17,B12,SB,2,-5,13.8,1.89999999999999,0.143,5.2,3.9,0.0999999999999996,-4.2,-0.5,0.600000000000001,-5.4,-13.4,7.8,3.8,0.5,2.6,8.5,1.5,0.0,Iowa State,,78.0,
192,2017,1,Seton Hall,Seton Hall,71,6,SEC,BE,3,5,6.0,4.2,0.0161,1.5,-1.2,-2.9,1.0,-3.8,8.8,0.5,3.0,0.399999999999999,-1.3,2.7,-0.899999999999999,2.09999999999999,1.2,0.0,Arkansas,,77.0,
193,2017,1,Bucknell,Bucknell,80,6,B12,Pat,2,2,7.10000000000001,-9.8,0.2146,-4.0,0.799999999999997,-1.9,7.9,11.1,4.0,1.7,9.4,-4.5,0.0,-1.7,1.09999999999999,0.799999999999997,8.5,0.0,West Virginia,,86.0,
194,2017,1,Oklahoma State,Oklahoma State,91,1,B10,B12,6,6,-3.5,-4.7,0.0145,3.0,-1.3,-4.0,-0.800000000000001,-13.6,-1.9,-7.3,-18.2,5.9,-2.4,-1.8,1.4,-8.90000000000001,0.5,0.0,Michigan,,92.0,
195,2017,1,11,Xavier,65,-11,BE,B10,-6,0,-2.19999999999999,0.0,-0.0265,0.5,-4.1,0.600000000000001,0.5,-4.1,6.8,-2.6,-0.799999999999997,-1.0,-6.9,1.8,0.800000000000004,0.199999999999989,2.1,1.0,6,Maryland,65.0,
196,2017,1,Princeton,Princeton,58,2,ACC,Ivy,7,3,11.7,1.0,0.1216,0.399999999999999,0.399999999999999,-1.2,-1.5,3.2,6.1,4.2,-5.3,0.399999999999999,1.3,0.799999999999997,-0.700000000000003,4.09999999999999,6.3,0.0,Notre Dame,,60.0,
197,2017,1,Northern Kentucky,Northern Kentucky,70,9,SEC,Horz,5,8,12.8,-12.8,0.4147,0.5,-2.2,-3.1,2.2,2.3,1.3,4.4,3.0,1.3,-1.90000000000001,-0.400000000000006,-1.8,4.40000000000001,13.9,0.0,Kentucky,,79.0,
198,2017,1,Texas Southern,Texas Southern,64,39,ACC,SWAC,4,10,20.4,-15.0,0.6178,3.6,-1.0,-0.400000000000002,-0.599999999999998,9.6,-9.9,-10.0,-0.699999999999996,1.0,-3.0,5.9,1.4,2.8,12.8,0.0,North Carolina,,103.0,
199,2017,1,Kent State,Kent State,80,17,P12,MAC,1,9,18.7,-3.30000000000001,0.3853,11.6,-1.4,-2.8,-3.2,-9.0,-1.2,-5.7,-8.9,10.6,-3.2,8.9,1.2,5.09999999999999,13.8,0.0,UCLA,,97.0,
200,2017,1,Nevada,Nevada,73,11,B12,MWC,0,-4,6.3,-4.5,0.1244,2.5,0.700000000000003,-1.4,3.6,-4.7,5.3,-13.7,-2.6,2.59999999999999,-1.8,1.8,3.6,-1.40000000000001,4.8,0.0,Iowa State,,84.0,
201,2017,1,UNC Wilmington,UNC Wilmington,71,5,ACC,CAA,1,-6,-5.90000000000001,-18.1,0.1596,-2.6,-7.1,1.7,0.599999999999998,-4.2,-4.0,-4.8,-5.8,-6.0,-9.1,2.4,-2.3,-11.2,3.5,0.0,Virginia,,76.0,
202,2017,1,Florida Gulf Coast,Florida Gulf Coast,80,6,ACC,ASun,4,0,7.60000000000001,-8.2,0.2845,-0.199999999999996,-1.4,-1.5,2.1,0.0,0.199999999999999,4.6,1.4,-1.0,-5.6,1.0,3.9,5.59999999999999,7.6,0.0,Florida State,,86.0,
203,2017,1,South Dakota State,South Dakota State,46,20,WCC,Sum,6,19,9.59999999999999,-23.4,0.5116,3.4,-12.7,-2.2,0.900000000000002,2.9,-2.7,-0.899999999999999,-0.200000000000003,3.59999999999999,-12.4,2.40000000000001,-7.9,3.0,17.5,0.0,Gonzaga,,66.0,
204,2017,1,Troy,Troy,65,22,ACC,SB,2,6,13.3,-11.0,0.384,3.2,-2.7,-1.5,-0.300000000000001,0.899999999999999,0.0,-0.800000000000004,-1.6,2.6,-0.600000000000001,2.8,-4.8,0.299999999999997,16.7,0.0,Duke,,87.0,
205,2017,1,UC Davis,UC Davis,62,38,B12,BW,2,8,24.1,-6.3,0.5439,7.7,-0.600000000000001,-2.7,-1.0,5.0,1.4,-4.8,-3.1,6.7,-3.2,5.9,3.0,1.10000000000001,18.5,0.0,Kansas,,100.0,
206,2017,1,11,Rhode Island,72,-12,A10,BE,-1,0,3.40000000000001,1.10000000000001,0.0214,6.8,4.9,0.700000000000003,-0.0999999999999979,-8.6,-0.0999999999999979,-11.3,-15.7,5.2,4.8,6.5,3.5,5.0,3.9,1.0,6,Creighton,72.0,
207,2017,1,9,Michigan State,58,-20,B10,ACC,-2,1,-0.799999999999997,-1.80000000000001,0.0143,-3.0,0.899999999999999,-1.0,2.4,4.2,0.899999999999999,0.799999999999997,-6.0,-3.1,2.5,-1.7,-1.6,-3.5,2.5,1.0,8,Miami FL,58.0,
208,2017,1,North Dakota,North Dakota,82,18,P12,BSky,8,10,14.5,-7.10000000000001,0.4045,0.300000000000004,-3.0,-1.7,-2.2,7.2,-1.8,4.4,-11.1,0.100000000000001,-1.6,0.299999999999997,-3.8,-5.40000000000001,13.2,0.0,Arizona,,100.0,
209,2017,1,VCU,VCU,77,8,WCC,A10,-1,3,9.90000000000001,-2.10000000000001,0.1346,6.8,-2.2,-0.300000000000001,-5.7,1.8,-5.6,-8.6,-14.3,5.4,-0.600000000000001,6.3,-3.8,-8.89999999999999,2.6,0.0,Saint Mary’s,,85.0,
210,2017,1,Mount Saint Mary’s,Mount Saint Mary’s,56,20,BE,NEC,0,12,23.3,-9.3,0.5456,6.5,-1.8,-2.1,-1.6,7.1,-7.0,2.6,-10.5,9.8,-0.399999999999999,1.1,-3.0,-2.7,19.0,0.0,Villanova,,76.0,
211,2017,1,New Mexico State,New Mexico State,73,18,B12,WAC,3,-1,7.0,-8.59999999999999,0.2443,-0.200000000000003,-1.8,1.1,-2.0,4.2,0.899999999999999,-9.4,-5.1,-2.0,-4.1,1.8,1.9,-4.0,8.1,0.0,Baylor,,91.0,
212,2017,1,Jacksonville State,Jacksonville State,63,15,ACC,OVC,1,5,13.2,-12.7,0.4415,-1.2,-3.7,-4.7,3.0,5.5,0.0,0.600000000000001,4.4,-0.299999999999997,-0.300000000000004,-1.7,-6.2,4.40000000000001,14.9,0.0,Louisville,,78.0,
213,2017,1,Marquette,Marquette,73,20,SEC,BE,4,7,-13.1,-12.8,0.0202,-10.2,-6.7,1.1,6.0,6.9,2.4,9.2,8.8,-6.8,-5.2,-9.5,-6.2,-1.90000000000001,1.1,0.0,South Carolina,,93.0,
214,2017,1,Kansas State,Kansas State,61,14,Amer,B12,1,9,3.0,-2.10000000000001,0.0474,-0.700000000000003,-4.4,-3.8,-1.9,6.0,-2.9,-8.6,-4.3,0.300000000000004,-4.1,-1.7,-3.8,-1.8,3.9,0.0,Cincinnati,,75.0,
215,2017,1,Vermont,Vermont,70,10,B10,AE,1,-2,6.59999999999999,-5.10000000000001,0.1433,0.400000000000006,-0.899999999999999,1.3,-3.0,1.0,-2.7,-1.0,-3.6,-2.8,-0.299999999999997,3.59999999999999,-1.7,4.60000000000001,4.9,0.0,Purdue,,80.0,
216,2017,1,Iona,Iona,77,16,P12,MAAC,3,11,8.5,-12.2,0.3442,2.1,-3.6,0.600000000000001,1.3,5.4,-2.6,3.4,-7.1,5.2,-1.6,-1.7,-4.9,-3.3,11.8,0.0,Oregon,,93.0,
217,2017,1,East Tennessee State,East Tennessee State,65,15,SEC,SC,3,0,9.3,-8.19999999999999,0.1981,-4.2,-2.90000000000001,-3.9,-1.0,2.0,2.1,-2.59999999999999,-4.2,-4.7,0.0,-2.3,-4.9,-1.3,7.1,0.0,Florida,,80.0,
218,2017,1,10,Wichita State,58,-6,MVC,A10,-4,-7,-5.60000000000001,4.8,-0.107,-0.600000000000001,3.90000000000001,0.699999999999999,1.6,-8.6,3.2,3.0,0.100000000000001,0.299999999999997,5.2,-1.8,1.1,-0.400000000000006,-2.6,1.0,7,Dayton,58.0,
219,2017,1,12,Middle Tennessee,72,-9,CUSA,B10,-1,-7,-1.90000000000001,-3.69999999999999,0.0326000000000001,-5.4,-2.8,0.500000000000002,-2.2,-0.400000000000002,6.4,9.6,-9.0,-6.1,-2.6,-2.6,-1.9,5.10000000000001,1.7,1.0,5,Minnesota,72.0,
220,2017,1,Winthrop,Winthrop,64,12,BE,BSth,3,-1,12.4,-4.39999999999999,0.2932,1.1,4.09999999999999,-2.8,1.0,0.899999999999999,-1.4,-1.1,2.5,3.6,5.4,-1.3,1.2,-5.09999999999999,7.3,0.0,Butler,,76.0,
221,2017,1,Virginia Tech,Virginia Tech,74,10,B10,ACC,4,5,-3.90000000000001,-10.5,0.0854,-4.8,-3.5,-0.199999999999999,3.0,12.5,-4.6,-8.0,0.699999999999999,-3.5,-5.9,-4.4,1.3,-5.59999999999999,1.8,0.0,Wisconsin,,84.0,
222,2017,1,11,USC,65,-1,P12,Amer,-1,4,6.7,-6.5,0.146,2.4,-4.1,1.2,0.400000000000002,6.2,-5.0,-0.799999999999997,0.600000000000001,0.0,-3.1,4.4,-4.7,-5.3,5.1,1.0,6,SMU,65.0,
223,2017,1,Vanderbilt,Vanderbilt,66,2,B10,SEC,1,5,-1.3,1.40000000000001,-0.0334,-2.4,-2.0,-2.2,1.8,6.0,3.6,-4.3,5.4,0.699999999999996,-2.8,-3.4,-0.5,-0.0999999999999943,1.9,0.0,Northwestern,,68.0,
224,2017,2,7,Michigan,69,-4,B10,ACC,-4,-1,-5.7,-6.09999999999999,0.0103,-5.6,-6.2,1.8,0.100000000000001,12.0,-1.5,3.9,11.6,-5.8,-5.2,-3.0,-6.2,5.40000000000001,3.1,1.0,2,Louisville,69.0,
225,2017,2,Notre Dame,Notre Dame,71,12,B12,ACC,1,2,-3.89999999999999,-7.10000000000001,0.0293,-2.3,-0.300000000000004,3.0,8.9,10.6,1.1,10.3,15.8,-1.1,-1.7,-2.2,1.5,3.90000000000001,0.5,0.0,West Virginia,,83.0,
226,2017,2,Arkansas,Arkansas,65,7,ACC,SEC,3,7,6.09999999999999,-8.3,0.1276,0.300000000000004,0.300000000000004,-0.400000000000002,0.100000000000001,9.4,-9.2,-3.8,-7.5,1.0,-0.400000000000006,-1.0,0.699999999999996,1.8,4.5,0.0,North Carolina,,72.0,
227,2017,2,Iowa State,Iowa State,76,4,B10,B12,0,3,-3.40000000000001,-3.10000000000001,0.0031999999999999,0.700000000000003,-1.3,4.2,-2.9,5.1,-7.2,5.7,-2.7,0.900000000000006,-0.899999999999999,0.299999999999997,-1.4,0.800000000000011,-0.9,0.0,Purdue,,80.0,
228,2017,2,Virginia,Virginia,39,26,SEC,ACC,2,4,4.8,2.0,0.0099,-0.799999999999997,-0.300000000000004,1.3,0.300000000000001,3.8,5.0,14.2,0.200000000000003,0.599999999999994,0.600000000000001,-2.6,-1.2,9.90000000000001,1.4,0.0,Florida,,65.0,
229,2017,2,Wichita State,Wichita State,62,3,SEC,MVC,3,1,1.09999999999999,-0.900000000000006,0.0114,-1.3,3.7,-0.5,-0.100000000000001,-0.700000000000003,3.5,0.5,-1.6,2.2,6.3,-4.90000000000001,-0.599999999999998,3.7,4.9,0.0,Kentucky,,65.0,
230,2017,2,Northwestern,Northwestern,73,6,WCC,B10,3,13,6.59999999999999,-8.90000000000001,0.1164,6.9,-5.0,0.199999999999999,-0.799999999999997,-0.800000000000001,-4.4,8.5,-9.2,7.5,-4.0,4.0,-4.3,4.59999999999999,5.7,0.0,Gonzaga,,79.0,
231,2017,2,Michigan State,Michigan State,70,20,B12,B10,1,11,9.90000000000001,-0.400000000000006,0.0811000000000001,2.1,1.4,-2.9,2.7,4.9,2.4,2.5,-4.7,0.700000000000003,1.2,3.1,1.0,3.30000000000001,10.6,0.0,Kansas,,90.0,
232,2017,2,Saint Mary’s,Saint Mary’s,60,9,P12,WCC,3,3,-0.400000000000006,1.8,-0.0177,-4.09999999999999,2.40000000000001,-0.899999999999999,2.1,0.100000000000001,4.1,12.7,2.0,-5.4,3.0,-0.399999999999999,1.0,5.89999999999999,4.0,0.0,Arizona,,69.0,
233,2017,2,8,Wisconsin,62,-3,B10,BE,-1,5,7.7,0.5,0.0356,5.4,0.600000000000001,0.100000000000001,0.600000000000001,-5.7,1.9,2.1,-5.9,8.1,6.0,1.0,-6.5,1.19999999999999,6.0,1.0,1,Villanova,62.0,
234,2017,2,7,South Carolina,81,-7,SEC,ACC,1,2,13.4,6.59999999999999,0.0353,7.5,1.9,-2.1,-7.0,-2.3,-1.8,-0.900000000000006,-13.3,7.6,3.5,4.5,-1.3,0.100000000000009,6.9,1.0,2,Duke,81.0,
235,2017,2,Cincinnati,Cincinnati,67,12,P12,Amer,0,1,7.59999999999999,7.5,-0.0117,7.8,3.5,-0.200000000000001,-4.4,-6.4,-0.799999999999997,-5.7,-3.7,7.0,3.9,6.1,2.1,9.19999999999999,1.0,0.0,UCLA,,79.0,
236,2017,2,11,Xavier,66,-25,BE,ACC,-3,2,-0.199999999999989,-2.7,0.0301,1.8,-3.7,-2.0,2.0,-0.700000000000003,4.3,-2.7,3.9,2.4,-7.1,0.200000000000003,1.5,4.39999999999999,4.3,1.0,3,Florida State,66.0,
237,2017,2,Middle Tennessee,Middle Tennessee,65,9,BE,CUSA,-1,-6,6.5,0.300000000000011,0.0699000000000001,0.5,2.9,-0.6,-0.199999999999999,-2.9,3.2,7.1,-1.2,0.899999999999999,4.2,-0.299999999999997,0.5,1.40000000000001,3.5,0.0,Butler,,74.0,
238,2017,2,USC,USC,78,4,B12,P12,-2,1,3.10000000000001,-6.69999999999999,0.126,0.299999999999997,-4.0,4.9,-0.799999999999997,8.8,-2.0,-2.9,6.1,1.2,-2.2,-0.900000000000006,-4.59999999999999,-5.0,6.6,0.0,Baylor,,82.0,
239,2017,2,Rhode Island,Rhode Island,72,3,P12,A10,3,8,6.7,-0.299999999999997,0.0604,4.7,1.4,0.700000000000003,-0.0999999999999979,-0.399999999999999,-0.199999999999999,-4.8,-18.7,3.3,0.700000000000003,4.7,1.7,0.700000000000003,5.6,0.0,Oregon,,75.0,
240,2018,1,10,Butler,62,-17,BE,SEC,0,2,0.600000000000009,5.10000000000001,-0.0585,-0.200000000000003,-1.5,-0.6,-0.100000000000001,1.2,7.1,11.3,5.5,-3.09999999999999,-1.3,3.8,-1.59999999999999,2.0,1.1,1.0,7,Arkansas,62.0,
241,2018,1,Murray State,Murray State,68,17,B12,OVC,7,0,10.3,-5.0,0.1904,-4.6,2.7,-1.1,5.3,4.1,2.5,-6.0,13.6,-5.6,-2.2,-1.90000000000001,7.1,3.40000000000001,5.0,0.0,West Virginia,,85.0,
242,2018,1,Montana,Montana,47,14,B10,BSky,8,7,7.7,-8.0,0.2191,2.7,-0.699999999999996,-3.4,-1.7,-8.0,-1.2,-7.6,-11.4,3.3,0.5,1.5,-2.0,-3.19999999999999,8.0,0.0,Michigan,,61.0,
243,2018,1,Davidson,Davidson,73,5,SEC,A10,4,5,-1.2,-6.7,0.0770000000000001,-5.6,-4.40000000000001,4.1,0.600000000000001,13.1,7.6,19.4,2.7,-5.3,-2.3,-3.2,-4.9,4.5,7.2,0.0,Kentucky,,78.0,
244,2018,1,Lipscomb,Lipscomb,66,18,ACC,ASun,7,3,17.5,-4.7,0.3867,0.5,-1.9,-3.3,-3.6,10.0,1.2,-12.6,-12.4,-2.2,-7.5,3.2,4.2,-3.30000000000001,10.3,0.0,North Carolina,,84.0,
245,2018,1,Bucknell,Bucknell,78,4,B10,Pat,0,5,10.9,-7.0,0.2587,3.0,-5.09999999999999,2.2,-2.4,10.0,-0.899999999999999,-6.7,-3.8,0.200000000000003,-8.6,5.3,0.600000000000001,-4.90000000000001,11.0,0.0,Michigan State,,82.0,
246,2018,1,16,UMBC,54,-20,AE,ACC,1,6,12.5,-15.5,0.4649,0.5,-7.3,-3.2,0.199999999999999,1.1,-2.7,-5.7,-4.6,2.0,-8.2,0.0999999999999943,-4.0,-8.8,16.2,1.0,1,Virginia,54.0,
247,2018,1,13,Marshall,75,-6,CUSA,Amer,-2,0,12.1,0.200000000000003,0.2038,0.399999999999999,-0.5,-0.699999999999999,-2.1,13.0,-9.7,1.7,4.3,-1.7,-2.7,2.2,1.3,-5.80000000000001,5.9,1.0,4,Wichita State,75.0,
248,2018,1,UNC Greensboro,UNC Greensboro,64,4,WCC,SC,5,5,13.8,-0.299999999999997,0.1985,5.3,-0.399999999999999,-3.7,-4.0,-0.700000000000003,-0.799999999999997,6.1,-10.1,7.1,-3.2,1.8,3.1,4.3,6.5,0.0,Gonzaga,,68.0,
249,2018,1,Iona,Iona,67,22,ACC,MAAC,3,9,13.5,-14.7,0.4259,2.0,-6.1,1.5,-1.5,14.3,-0.800000000000001,4.4,-6.3,4.5,-6.3,-1.09999999999999,-3.8,-0.599999999999994,13.9,0.0,Duke,,89.0,
250,2018,1,Penn,Penn,60,16,B12,Ivy,7,7,18.5,-1.19999999999999,0.2741,4.6,2.1,0.0,1.2,5.6,8.6,-6.4,-7.2,2.3,0.600000000000001,5.3,3.3,-0.199999999999989,11.5,0.0,Kansas,,76.0,
251,2018,1,9,Kansas State,59,-10,B12,BE,-5,-4,6.60000000000001,3.7,0.0252,4.8,1.0,-1.6,-5.8,-3.4,-7.3,-7.3,-12.0,5.3,1.1,3.1,0.600000000000001,5.8,-0.5,1.0,8,Creighton,59.0,
252,2018,1,Syracuse,Syracuse,52,5,B12,ACC,-4,-2,13.5,8.40000000000001,0.0459999999999999,9.6,6.09999999999999,-1.3,-2.1,-0.5,-4.3,-6.4,-0.899999999999999,8.5,5.0,7.7,5.8,6.0,2.6,0.0,TCU,,57.0,
253,2018,1,11,Loyola Chicago,62,-2,MVC,ACC,-5,-10,2.8,1.19999999999999,0.0178999999999999,-4.6,1.6,-2.3,-0.599999999999998,7.0,2.3,-3.1,2.9,-4.4,1.7,-3.4,0.799999999999997,1.8,0.7,1.0,6,Miami FL,62.0,
254,2018,1,13,Buffalo,68,-21,MAC,P12,0,0,2.5,-2.3,0.0767,1.5,1.1,1.0,-1.4,1.3,-4.0,7.0,-8.3,2.40000000000001,-0.699999999999996,-0.200000000000003,2.7,-5.5,5.1,1.0,4,Arizona,68.0,
255,2018,1,Radford,Radford,61,26,BE,BSth,6,13,27.1,-8.7,0.5166,10.2,-1.6,-3.7,-2.0,-2.4,-0.899999999999999,-1.8,-5.0,11.9,0.100000000000001,5.1,-2.9,5.39999999999999,17.1,0.0,Villanova,,87.0,
256,2018,1,9,Alabama,83,-3,SEC,ACC,-3,1,7.3,3.3,0.0505,5.8,2.6,-3.3,-0.0999999999999979,-5.5,-1.5,-5.4,-7.1,3.8,2.3,6.2,1.90000000000001,0.299999999999997,2.4,1.0,8,Virginia Tech,83.0,
257,2018,1,New Mexico State,New Mexico State,68,11,ACC,WAC,4,-3,5.7,-1.90000000000001,0.1057,1.3,1.2,0.0,-1.6,-6.6,3.8,4.4,-5.8,-0.399999999999999,-1.8,2.6,4.1,-2.2,2.6,0.0,Clemson,,79.0,
258,2018,1,Wright State,Wright State,47,26,SEC,Horz,2,1,14.8,-5.2,0.3587,2.2,-1.59999999999999,-0.700000000000003,-0.600000000000001,4.7,5.8,0.200000000000003,7.7,-0.400000000000006,0.300000000000004,4.5,-2.9,-2.2,9.9,0.0,Tennessee,,73.0,
259,2018,1,Georgia State,Georgia State,53,15,Amer,SB,3,7,2.8,-13.8,0.2523,-2.7,-3.8,0.300000000000001,1.0,12.9,-5.2,5.1,-11.8,-0.699999999999996,-2.6,-3.40000000000001,-2.9,-1.5,11.0,0.0,Cincinnati,,68.0,
260,2018,1,College of Charleston,College of Charleston,58,4,SEC,CAA,2,0,7.2,-7.39999999999999,0.2987,-1.90000000000001,-0.199999999999996,1.3,2.9,6.6,0.100000000000001,3.2,6.0,-3.3,-1.0,-0.199999999999996,0.5,7.8,6.4,0.0,Auburn,,62.0,
261,2018,1,Cal State Fullerton,Cal State Fullerton,48,26,B10,BW,7,10,21.6,-6.8,0.4724,6.1,-1.2,-4.9,-0.5,2.0,-0.899999999999999,-10.0,-11.0,2.1,0.5,8.2,-3.2,-2.0,13.1,0.0,Purdue,,74.0,
262,2018,1,Providence,Providence,69,4,SEC,BE,0,1,2.8,-1.2,0.0613,1.8,-3.4,1.8,-3.7,5.0,-1.7,-6.6,-4.2,3.0,-5.8,-0.300000000000004,0.399999999999999,2.0,0.0,0.0,Texas A&M,,73.0,
263,2018,1,Texas Southern,Texas Southern,83,19,BE,SWAC,-1,13,16.8,-14.7,0.6281,5.4,-1.3,0.0,-0.5,1.7,-9.4,-1.9,-5.6,7.4,0.399999999999999,1.3,-3.2,-0.899999999999991,19.7,0.0,Xavier,,102.0,
264,2018,1,San Diego State,San Diego State,65,2,Amer,MWC,3,5,4.59999999999999,-1.0,0.0610999999999999,1.59999999999999,-3.1,0.5,0.100000000000001,2.2,0.800000000000001,-2.5,12.0,-1.5,-4.0,4.6,-0.900000000000006,-0.599999999999994,3.9,0.0,Houston,,67.0,
265,2018,1,Texas,Texas,83,4,MWC,B12,3,10,9.60000000000001,8.8,-0.0085,4.8,1.1,-3.5,0.0,-2.7,0.199999999999999,3.3,3.9,0.899999999999999,3.2,7.2,-1.5,4.10000000000001,1.1,0.0,Nevada,,87.0,
266,2018,1,9,Florida State,54,-13,ACC,SEC,-3,-3,-2.2,-0.400000000000006,-0.0211,0.899999999999999,-1.7,3.0,-3.4,-2.0,-1.9,1.3,-2.1,-3.3,0.0,4.0,-2.8,-5.7,-0.5,1.0,8,Missouri,54.0,
267,2018,1,Saint Bonaventure,Saint Bonaventure,62,15,SEC,A10,0,-5,5.60000000000001,-5.8,0.1647,-0.800000000000004,-0.299999999999997,-2.0,-0.399999999999999,-0.600000000000001,1.4,-7.9,-6.0,-0.899999999999999,-3.1,-1.6,3.2,-1.90000000000001,0.0,0.0,Florida,,77.0,
268,2018,1,South Dakota State,South Dakota State,73,8,B10,Sum,3,-3,2.8,-6.10000000000001,0.1165,-0.199999999999996,-1.3,3.1,3.7,5.6,1.9,-4.3,3.9,4.0,-3.7,-4.0,1.5,-3.3,3.9,0.0,Ohio State,,81.0,
269,2018,1,Stephen F. Austin,Stephen F. Austin,60,10,B12,Slnd,6,-1,8.90000000000001,-5.59999999999999,0.2338,-1.1,-3.3,-2.9,-4.2,0.899999999999999,0.199999999999999,-1.2,-12.3,-0.600000000000001,-2.3,-1.5,-3.3,-4.5,6.5,0.0,Texas Tech,,70.0,
270,2018,1,North Carolina State,North Carolina State,83,11,BE,ACC,1,1,2.2,-3.09999999999999,0.0692,-0.5,-1.3,1.0,-2.7,0.899999999999999,-3.6,1.0,-3.9,-0.100000000000001,-3.6,-0.700000000000003,2.2,-2.09999999999999,1.6,0.0,Seton Hall,,94.0,
271,2018,1,Oklahoma,Oklahoma,78,5,A10,B12,2,8,-4.89999999999999,-2.2,-0.0362,-2.4,-0.600000000000001,-2.0,5.8,2.6,-1.8,-3.1,15.0,-2.9,1.5,-0.699999999999996,-3.0,-7.10000000000001,0.5,0.0,Rhode Island,,83.0,
272,2018,2,Buffalo,Buffalo,75,20,SEC,MAC,2,-1,1.3,-7.10000000000001,0.1239,-3.0,-2.0,2.1,-1.3,3.8,1.9,14.1,-7.2,-3.09999999999999,-0.399999999999999,-1.4,-3.0,-3.8,5.6,0.0,Kentucky,,95.0,
273,2018,2,9,Florida State,70,-5,ACC,BE,0,6,7.7,1.3,0.058,2.7,1.5,-0.600000000000001,-3.7,-2.1,-6.7,4.0,-6.8,2.3,4.4,2.2,-2.1,-0.799999999999997,7.9,1.0,1,Xavier,70.0,
274,2018,2,Seton Hall,Seton Hall,79,4,B12,BE,5,9,4.3,-1.8,0.0483,4.6,-1.2,-1.2,0.5,-4.9,2.8,-8.2,-5.2,3.6,-1.4,3.6,-0.5,-0.799999999999997,5.7,0.0,Kansas,,83.0,
275,2018,2,Alabama,Alabama,58,23,BE,SEC,4,16,20.5,-1.2,0.1651,7.6,0.700000000000003,-5.3,-0.5,0.200000000000003,-3.8,-12.5,-9.8,5.5,2.1,7.5,-1.1,-0.300000000000011,11.7,0.0,Villanova,,81.0,
276,2018,2,11,Syracuse,53,-2,ACC,B10,-2,7,12.9,2.2,0.1003,10.0,-3.5,0.0999999999999979,-4.9,2.3,-3.8,-4.6,-0.699999999999999,8.6,-6.7,8.4,1.9,4.0,8.4,1.0,3,Michigan State,53.0,
277,2018,2,5,Clemson,53,-31,ACC,SEC,-1,1,1.5,3.80000000000001,-0.0312,-2.1,2.5,-1.0,3.3,4.9,1.7,6.3,10.9,-2.9,3.8,-0.899999999999999,-0.100000000000001,6.59999999999999,0.4,1.0,4,Auburn,53.0,
278,2018,2,7,Texas A&M,65,-21,SEC,ACC,2,4,9.5,2.39999999999999,0.0602,0.600000000000001,3.2,-2.5,1.0,3.5,-1.8,-4.0,-1.6,-1.5,-0.400000000000006,3.0,5.4,2.3,5.2,1.0,2,North Carolina,65.0,
279,2018,2,Houston,Houston,63,1,B10,Amer,5,6,-0.399999999999991,-3.5,0.0278,0.600000000000001,2.2,-3.5,0.399999999999999,-8.3,-0.900000000000002,-1.9,-11.6,4.2,3.0,-3.5,0.900000000000006,-3.5,4.5,0.0,Michigan,,64.0,
280,2018,2,7,Nevada,73,-2,MWC,Amer,-1,2,-7.30000000000001,-14.8,0.0955,-3.59999999999999,-6.1,3.5,3.6,11.8,-1.1,-0.299999999999997,-3.3,-1.9,-9.3,-3.90000000000001,-0.800000000000001,-4.5,3.4,1.0,2,Cincinnati,73.0,
281,2018,2,Florida,Florida,66,3,B12,SEC,3,6,-2.5,-2.40000000000001,0.0038,1.2,-2.3,3.5,1.7,4.2,-1.8,6.7,5.6,3.5,-1.5,-1.1,-2.90000000000001,-0.900000000000006,3.3,0.0,Texas Tech,,69.0,
282,2018,2,Ohio State,Ohio State,84,6,WCC,B10,3,7,1.2,0.600000000000009,0.0038,2.9,-1.6,-1.0,-0.5,2.8,-2.1,1.0,-0.399999999999999,3.5,-2.0,1.5,-0.100000000000001,2.3,0.4,0.0,Gonzaga,,90.0,
283,2018,2,Rhode Island,Rhode Island,62,25,ACC,A10,3,3,12.6,-4.39999999999999,0.1604,4.8,-4.0,2.2,-5.3,7.8,1.8,4.5,-18.3,5.6,-5.2,2.0,-1.2,1.30000000000001,5.0,0.0,Duke,,87.0,
284,2018,2,UMBC,UMBC,43,7,B12,AE,4,0,7.5,-8.5,0.3621,0.399999999999999,-2.5,0.0,0.900000000000002,0.0,3.6,3.6,6.0,5.3,-2.1,-4.1,-2.0,-2.8,7.4,0.0,Kansas State,,50.0,
285,2018,2,11,Loyola Chicago,62,-1,MVC,SEC,-2,-6,3.7,-3.40000000000001,0.0781,-6.90000000000001,-0.699999999999996,-1.2,1.0,11.3,5.2,3.3,12.4,-9.3,-1.0,-1.8,-0.199999999999999,0.699999999999989,4.4,1.0,3,Tennessee,62.0,
286,2018,2,Marshall,Marshall,71,23,B12,CUSA,2,1,12.1,-6.7,0.272,-4.3,0.0,-0.699999999999999,4.9,14.6,-2.2,-1.8,15.2,-6.7,-3.3,-0.600000000000001,3.0,-4.7,7.1,0.0,West Virginia,,94.0,
287,2018,2,Butler,Butler,73,3,B10,BE,2,9,7.10000000000001,0.400000000000006,0.0416,3.7,-4.9,0.100000000000001,-1.8,0.399999999999999,3.4,9.5,-11.1,-0.199999999999996,-4.0,6.3,-4.09999999999999,-0.399999999999991,5.9,0.0,Purdue,,76.0,
288,2019,1,12,Liberty,76,-4,BSth,SEC,1,-6,7.7,-2.8,0.1552,-1.3,1.4,2.0,-1.0,9.5,3.2,6.0,-0.600000000000001,-3.0,0.100000000000001,0.900000000000006,2.40000000000001,5.5,5.1,1.0,5,Mississippi State,76.0,
289,2019,1,Montana,Montana,55,19,B10,BSky,4,4,8.39999999999999,-17.6,0.3853,-4.5,-6.0,-3.4,-1.2,-2.7,-0.0999999999999979,-4.1,-13.2,-3.8,-5.0,-3.59999999999999,-5.3,-2.09999999999999,12.4,0.0,Michigan,,74.0,
290,2019,1,Abilene Christian,Abilene Christian,44,35,SEC,Slnd,7,3,16.6,-10.9,0.4504,1.1,-3.2,1.3,-5.4,9.8,-3.0,7.9,-11.5,3.4,-6.2,-2.3,1.0,-0.199999999999989,11.4,0.0,Kentucky,,79.0,
291,2019,1,Iona,Iona,73,15,ACC,MAAC,3,12,14.9,-17.4,0.5538,-0.100000000000001,-3.4,-0.100000000000001,-0.199999999999999,10.2,-7.9,-6.6,-0.100000000000001,-1.1,-2.4,1.1,-3.1,4.09999999999999,20.4,0.0,North Carolina,,88.0,
292,2019,1,Bradley,Bradley,65,11,B10,MVC,5,12,18.8,-9.5,0.4427,5.5,-3.7,-0.300000000000001,-3.5,7.2,-0.300000000000001,-2.7,-8.1,7.8,-4.6,0.799999999999997,-1.2,2.09999999999999,18.6,0.0,Michigan State,,76.0,
293,2019,1,11,Ohio State,59,-3,B10,B12,0,3,10.6,2.8,0.0791000000000001,4.40000000000001,0.100000000000001,-2.4,0.600000000000001,0.699999999999999,4.2,-3.7,-8.2,5.3,-0.799999999999997,2.1,0.899999999999999,1.89999999999999,3.4,1.0,6,Iowa State,59.0,
294,2019,1,Gardner Webb,Gardner Webb,56,15,ACC,BSth,6,12,17.0,-16.7,0.4884,0.400000000000006,-5.8,-2.4,-0.699999999999999,8.0,-5.9,-9.2,-1.3,-1.1,-4.7,1.8,-4.8,-8.0,16.1,0.0,Virginia,,71.0,
295,2019,1,Vermont,Vermont,69,7,ACC,AE,4,2,4.7,-7.19999999999999,0.1822,-2.1,-1.5,2.1,1.2,5.5,4.8,-0.100000000000001,8.2,-0.700000000000003,-1.0,-2.7,-1.6,3.3,8.6,0.0,Florida State,,76.0,
296,2019,1,Fairleigh Dickinson,Fairleigh Dickinson,49,38,WCC,NEC,4,12,18.9,-20.4,0.625,4.8,-7.8,-4.8,-1.2,2.0,-6.4,-0.400000000000006,-3.5,10.4,-7.9,-3.8,-4.9,4.0,16.3,0.0,Gonzaga,,87.0,
297,2019,1,North Dakota State,North Dakota State,62,23,ACC,Sum,5,13,12.3,-19.8,0.5277,0.100000000000001,-8.6,1.8,5.0,14.9,3.6,1.0,-2.5,5.9,-7.6,-5.9,-7.1,7.09999999999999,19.8,0.0,Duke,,85.0,
298,2019,1,Northeastern,Northeastern,53,34,B12,CAA,2,3,3.80000000000001,-10.1,0.238,-3.9,-4.3,2.2,1.5,7.4,3.3,-1.8,0.0,-3.2,-7.0,-3.2,-0.100000000000001,4.0,11.1,0.0,Kansas,,87.0,
299,2019,1,Saint Mary’s,Saint Mary’s,57,4,BE,WCC,2,4,1.5,2.60000000000001,-0.0189,-0.599999999999994,1.5,0.699999999999999,1.7,-0.899999999999999,4.7,5.3,-0.900000000000002,1.40000000000001,0.5,-2.59999999999999,2.2,1.0,4.4,0.0,Villanova,,61.0,
300,2019,1,Saint Louis,Saint Louis,52,14,ACC,A10,-1,3,16.5,-2.3,0.2758,8.9,2.1,-2.0,2.2,-6.4,2.1,-7.5,-7.2,5.7,2.3,9.0,1.3,-2.60000000000001,8.2,0.0,Virginia Tech,,66.0,
301,2019,1,Belmont,Belmont,77,2,B10,OVC,2,-4,-3.30000000000001,-7.7,0.0737,-6.2,-2.8,4.2,-1.9,8.8,-0.199999999999999,4.3,-0.799999999999997,-8.40000000000001,-2.5,-2.1,-2.5,-4.8,3.0,0.0,Maryland,,79.0,
302,2019,1,13,UC Irvine,64,-6,BW,B12,-2,-6,0.799999999999997,-9.8,0.1693,-1.9,4.1,-0.100000000000001,6.1,-5.4,-1.3,1.9,-2.3,-1.2,8.3,-2.5,-2.5,-1.69999999999999,5.8,1.0,4,Kansas State,64.0,
303,2019,1,9,Baylor,69,-9,B12,ACC,0,0,-4.09999999999999,-5.0,0.0222,-1.6,-1.0,-1.2,4.5,-7.7,4.0,4.5,-2.2,-1.90000000000001,-0.600000000000001,-0.800000000000004,-1.6,0.700000000000003,-0.5,1.0,8,Syracuse,69.0,
304,2019,1,Colgate,Colgate,70,7,SEC,Pat,2,7,13.7,-10.3,0.3527,-0.600000000000001,-2.6,-3.5,0.199999999999999,1.4,3.1,4.9,6.7,1.9,-5.8,-2.8,1.5,0.899999999999991,14.3,0.0,Tennessee,,77.0,
305,2019,1,10,Iowa,72,-7,B10,Amer,0,5,-3.8,-6.8,0.0486,-3.7,-2.9,-1.2,2.5,7.6,-0.0999999999999979,-4.7,1.7,-3.8,-8.4,-1.9,3.1,-5.90000000000001,2.6,1.0,7,Cincinnati,72.0,
306,2019,1,New Mexico State,New Mexico State,77,1,SEC,WAC,6,0,9.5,-3.0,0.1265,0.299999999999997,2.8,-1.0,5.5,-5.4,10.3,-3.7,3.9,-5.0,3.4,4.1,1.3,2.2,4.7,0.0,Auburn,,78.0,
307,2019,1,Old Dominion,Old Dominion,48,13,B10,CUSA,1,0,23.5,-0.299999999999997,0.32,6.4,3.4,-2.0,0.100000000000001,2.4,2.2,1.0,-0.699999999999999,7.4,3.7,2.5,1.8,1.09999999999999,7.9,0.0,Purdue,,61.0,
308,2019,1,10,Minnesota,76,-10,B10,ACC,-2,-2,2.5,-3.2,0.0739,2.7,-2.8,0.399999999999999,-0.799999999999997,-2.3,-2.5,-6.7,3.8,2.1,-2.7,2.5,-2.0,-0.200000000000003,-0.4,1.0,7,Louisville,76.0,
309,2019,1,Seton Hall,Seton Hall,68,16,SC,BE,-2,10,8.5,0.199999999999989,0.1143,7.6,0.299999999999997,-1.4,-0.699999999999999,2.3,-4.0,-6.7,-0.999999999999996,3.3,1.9,9.0,-1.4,-3.30000000000001,4.4,0.0,Wofford,,84.0,
310,2019,1,9,Oklahoma,72,-23,B12,SEC,-1,0,2.8,4.80000000000001,-0.0347,2.7,3.5,1.2,3.3,4.4,1.5,-0.400000000000002,10.4,3.0,2.40000000000001,1.2,4.1,-0.599999999999994,-1.6,1.0,8,Mississippi,72.0,
311,2019,1,Georgia State,Georgia State,55,29,Amer,SB,4,9,9.3,-10.6,0.3021,-1.6,-7.8,0.100000000000001,-2.8,11.4,-7.8,-3.8,6.4,0.0999999999999943,-8.2,-2.6,-4.9,-4.0,9.1,0.0,Houston,,84.0,
312,2019,1,Arizona State,Arizona State,74,17,MAC,P12,1,9,4.89999999999999,-2.3,0.1069,2.8,-1.2,-2.7,1.3,0.0,0.0,-11.1,-6.7,4.90000000000001,2.0,0.100000000000001,-4.1,3.0,5.4,0.0,Buffalo,,91.0,
313,2019,1,Yale,Yale,74,5,SEC,Ivy,6,6,7.40000000000001,-5.90000000000001,0.2047,-4.4,2.6,0.0999999999999979,4.9,10.4,6.2,7.0,2.0,-3.1,1.6,-4.6,2.7,-1.0,8.2,0.0,LSU,,79.0,
314,2019,1,12,Oregon,54,-18,P12,B10,-4,-2,0.100000000000009,-3.10000000000001,0.0402,-0.899999999999999,-1.2,-3.2,-3.7,-5.1,-2.3,-2.1,-8.1,-1.9,-4.7,0.799999999999997,2.5,-0.400000000000006,7.4,1.0,5,Wisconsin,54.0,
315,2019,1,Northern Kentucky,Northern Kentucky,57,15,B12,Horz,5,5,7.40000000000001,-16.1,0.2977,-1.1,-6.1,-0.100000000000001,4.4,-3.2,2.7,-1.9,1.4,-2.2,-8.0,0.5,-2.3,-1.8,9.2,0.0,Texas Tech,,72.0,
316,2019,1,10,Florida,61,-9,SEC,MWC,-2,9,2.2,4.30000000000001,-0.0329,3.90000000000001,-0.399999999999999,-3.3,-3.2,-3.4,-7.3,10.9,-5.6,5.4,-2.2,1.3,1.6,6.5,3.1,1.0,7,Nevada,61.0,
317,2019,1,12,Murray State,64,-19,OVC,BE,3,-4,1.3,-2.69999999999999,0.0672,-1.3,-0.200000000000003,2.2,-2.8,-2.6,-4.6,1.6,8.5,-6.2,-3.2,3.9,3.5,0.299999999999997,1.5,1.0,5,Marquette,64.0,
318,2019,1,9,Washington,61,-17,P12,MWC,-2,1,5.7,3.7,0.0232,1.8,-1.0,-1.6,-6.9,2.9,-12.6,2.0,0.299999999999997,2.3,-3.8,0.700000000000003,1.9,2.3,-1.1,1.0,8,Utah State,61.0,
319,2019,1,9,UCF,58,-15,Amer,A10,0,1,-8.10000000000001,-5.7,-0.0142,-2.8,-1.9,2.4,5.4,1.5,1.0,-9.59999999999999,7.4,1.1,-0.700000000000003,-6.0,-2.8,3.3,-0.9,1.0,8,VCU,58.0,
320,2019,2,Florida,Florida,49,15,B10,SEC,1,10,4.3,-6.0,0.0718,1.8,-4.0,-4.0,-4.4,-5.9,-7.4,-2.4,-9.5,2.3,-4.2,0.800000000000004,-2.5,1.60000000000001,8.5,0.0,Michigan,,64.0,
321,2019,2,Washington,Washington,59,22,ACC,P12,0,2,14.5,-1.69999999999999,0.1485,0.799999999999997,1.4,-2.6,-5.9,6.2,-12.1,-4.5,-5.6,0.200000000000003,1.9,1.2,0.100000000000001,8.7,6.9,0.0,North Carolina,,81.0,
322,2019,2,Oklahoma,Oklahoma,51,12,ACC,B12,4,15,12.5,-3.19999999999999,0.0956,4.8,-2.8,-2.3,0.199999999999999,4.6,-2.4,-2.2,3.2,2.8,-0.0999999999999943,4.9,-4.4,-9.59999999999999,8.6,0.0,Virginia,,63.0,
323,2019,2,Baylor,Baylor,71,12,WCC,B12,3,13,8.80000000000001,-9.3,0.1344,7.8,-4.9,-4.8,0.399999999999999,-6.4,-2.6,3.0,-10.6,10.2,-4.1,2.2,-4.1,5.40000000000001,6.1,0.0,Gonzaga,,83.0,
324,2019,2,UCF,UCF,76,1,ACC,Amer,5,8,6.2,-4.09999999999999,0.0666,0.700000000000003,-0.399999999999999,-0.100000000000001,1.4,6.1,-0.100000000000001,-12.1,-5.2,6.0,0.5,-5.7,-1.4,7.19999999999999,9.2,0.0,Duke,,77.0,
325,2019,2,Liberty,Liberty,58,9,ACC,BSth,2,-3,8.59999999999999,-6.19999999999999,0.1929,-0.299999999999997,0.100000000000001,0.100000000000001,1.1,4.4,0.800000000000001,5.2,-6.4,-3.5,0.700000000000003,2.6,-0.599999999999994,1.59999999999999,5.6,0.0,Virginia Tech,,67.0,
326,2019,2,5,Auburn,75,-14,SEC,B12,-3,-4,-8.39999999999999,-2.8,-0.0327999999999999,-1.8,-3.90000000000001,2.0,-6.4,-1.5,-4.9,1.6,-8.6,0.899999999999999,-5.4,-3.1,-1.2,2.2,2.2,1.0,4,Kansas,75.0,
327,2019,2,Villanova,Villanova,61,26,B10,BE,0,0,8.2,-4.60000000000001,0.1091,0.399999999999999,-1.4,-1.1,0.600000000000001,4.2,-0.699999999999999,-4.5,3.5,-2.2,-2.5,2.2,-0.0999999999999943,1.90000000000001,2.5,0.0,Purdue,,87.0,
328,2019,2,Wofford,Wofford,56,6,SEC,SC,5,0,1.09999999999999,-7.3,0.0676,-4.5,-3.3,2.5,-1.2,5.0,0.300000000000001,14.1,-5.0,-1.0,-7.0,-6.0,1.7,-0.199999999999989,4.8,0.0,Kentucky,,62.0,
329,2019,2,Iowa,Iowa,77,6,SEC,B10,1,8,6.7,-5.39999999999999,0.1103,2.59999999999999,-3.4,-1.4,-0.399999999999999,1.8,0.800000000000001,-9.0,6.1,4.0,-8.8,0.300000000000004,3.0,-2.10000000000001,6.7,0.0,Tennessee,,83.0,
330,2019,2,Ohio State,Ohio State,59,15,Amer,B10,2,13,7.90000000000001,-3.3,0.111,1.8,-5.8,-2.2,0.0,6.8,0.100000000000001,-2.1,5.5,1.59999999999999,-4.9,1.4,-4.8,0.0999999999999943,6.9,0.0,Houston,,74.0,
331,2019,2,Minnesota,Minnesota,50,20,B10,B10,3,10,9.5,-5.3,0.1313,7.0,-5.6,1.4,-2.0,2.5,-2.0,-8.0,-0.699999999999999,5.8,-6.8,6.1,-2.4,-0.200000000000003,8.0,0.0,Michigan State,,70.0,
332,2019,2,13,UC Irvine,54,-19,BW,P12,2,-6,0.899999999999991,-5.89999999999999,0.1229,0.700000000000003,2.3,0.300000000000001,4.2,-4.1,1.8,0.699999999999999,0.899999999999999,1.5,8.09999999999999,-0.799999999999997,-4.9,-1.19999999999999,-1.8,1.0,12,Oregon,54.0,
333,2019,2,Maryland,Maryland,67,2,SEC,B10,1,5,6.30000000000001,3.3,0.0206000000000001,-0.199999999999996,4.0,-1.5,6.0,2.6,6.0,4.3,6.5,2.1,4.7,-3.0,1.8,3.5,3.1,0.0,LSU,,69.0,
334,2019,2,Buffalo,Buffalo,58,20,B12,MAC,3,-1,1.60000000000001,-10.1,0.0877,0.100000000000001,-4.3,1.7,2.5,-4.3,1.8,0.199999999999996,4.7,-2.90000000000001,-7.4,2.8,0.399999999999999,-7.40000000000001,1.5,0.0,Texas Tech,,78.0,
335,2019,2,Murray State,Murray State,62,28,ACC,OVC,6,1,1.3,-7.69999999999999,0.1294,-4.3,0.700000000000003,1.7,0.900000000000002,0.799999999999997,-3.7,2.3,8.3,-5.3,-3.0,-1.7,4.6,-0.200000000000003,6.4,0.0,Florida State,,90.0,
336,2021,1,Cleveland State,Cleveland State,56,31,Amer,Horz,0,5,20.7,-9.8,0.4841,0.699999999999996,-6.0,-2.2,1.4,8.5,-3.8,-1.2,5.2,-2.2,-7.9,3.6,-2.3,-1.2,6.7,0.0,Houston,,87.0,
337,2021,1,10,Rutgers,56,-4,B10,ACC,-3,1,-0.799999999999997,0.0,-0.0095999999999999,0.199999999999996,1.0,3.1,2.7,-0.799999999999997,-2.5,-4.1,-3.6,-2.7,0.100000000000001,3.5,1.6,-3.39999999999999,1.0,1.0,7,Clemson,56.0,
338,2021,1,Morehead State,Morehead State,67,17,B12,OVC,-1,-5,16.6,-1.40000000000001,0.3268,-3.2,3.2,-5.9,2.7,4.3,6.4,2.6,5.4,-5.4,3.7,1.0,1.6,4.0,5.0,0.0,West Virginia,,84.0,
339,2021,1,11,Syracuse,62,-16,ACC,MWC,1,7,-1.7,-7.59999999999999,0.0789000000000001,2.0,-1.8,0.899999999999999,1.7,-0.200000000000003,-9.1,6.2,7.6,-0.399999999999999,-4.7,3.8,1.2,-3.40000000000001,2.3,1.0,6,San Diego State,62.0,
340,2021,1,Liberty,Liberty,60,9,B12,ASun,4,-3,0.200000000000003,-9.2,0.1781,-5.3,-0.799999999999997,5.8,2.0,8.8,7.8,10.9,0.899999999999999,-4.0,-0.899999999999999,-5.0,-0.500000000000004,8.2,6.3,0.0,Oklahoma State,,69.0,
341,2021,1,12,Oregon State,56,-14,P12,SEC,-2,1,0.299999999999997,-10.4,0.1783,1.4,-4.5,1.0,4.4,1.6,-0.799999999999997,1.1,-7.1,2.9,-7.7,-0.800000000000004,0.400000000000002,1.80000000000001,4.0,1.0,5,Tennessee,56.0,
342,2021,1,Georgia Tech,Georgia Tech,60,11,MVC,ACC,1,7,-4.5,-6.5,0.0316,2.4,-5.5,2.6,-1.1,1.2,-8.7,1.7,-6.5,3.2,-5.2,0.800000000000004,-4.2,-3.8,-0.2,0.0,Loyola Chicago,,71.0,
343,2021,1,Drexel,Drexel,49,29,B10,CAA,10,11,9.8,-14.6,0.3771,1.3,-3.0,-1.4,-0.299999999999997,3.6,-2.1,10.7,3.3,1.8,-5.0,0.399999999999999,0.600000000000001,6.3,13.4,0.0,Illinois,,78.0,
344,2021,1,15,Oral Roberts,72,-3,Sum,B10,7,5,15.1,-10.1,0.4359,-0.5,-1.5,-0.399999999999999,-3.2,5.9,-5.6,9.8,0.699999999999996,2.4,-1.6,-2.3,-1.5,-4.5,11.1,1.0,2,Ohio State,72.0,
345,2021,1,Virginia Tech,Virginia Tech,70,5,SEC,ACC,2,-1,1.3,-1.09999999999999,0.0322,0.0,-0.899999999999999,3.4,2.9,2.3,7.2,0.599999999999994,3.9,0.199999999999996,0.799999999999997,0.0,-2.4,2.09999999999999,0.5,0.0,Florida,,75.0,
346,2021,1,Colgate,Colgate,68,17,SEC,Pat,13,8,-0.399999999999991,-8.8,0.1356,-5.6,1.9,3.6,3.7,3.8,0.599999999999998,1.6,4.2,-3.5,-2.6,-6.3,6.5,1.19999999999999,4.3,0.0,Arkansas,,85.0,
347,2021,1,Utah State,Utah State,53,12,B12,MWC,0,-3,7.09999999999999,2.2,0.0488,-0.0999999999999943,2.3,-3.5,4.1,-1.5,8.4,9.9,10.3,-0.899999999999999,1.9,1.1,2.1,-3.3,2.0,0.0,Texas Tech,,65.0,
348,2021,1,13,North Texas,69,-9,CUSA,B10,2,1,8.0,-1.69999999999999,0.1416,-2.6,2.9,-1.7,-4.5,4.3,-2.8,5.0,-1.4,-0.799999999999997,4.90000000000001,-3.8,-0.100000000000001,3.3,6.3,1.0,4,Purdue,69.0,
349,2021,1,Winthrop,Winthrop,63,10,BE,BSth,-2,-7,13.7,-0.200000000000003,0.2101,-0.200000000000003,2.8,-6.0,-3.5,-7.7,2.6,-5.7,-8.0,-0.200000000000003,1.8,-0.0999999999999943,3.0,-8.7,2.3,0.0,Villanova,,73.0,
350,2021,1,9,Wisconsin,62,-23,B10,ACC,-1,1,-2.5,1.19999999999999,-0.0386,-0.899999999999999,0.800000000000004,7.0,1.5,17.5,1.2,8.0,-1.4,2.6,-0.300000000000004,-4.3,1.4,6.8,0.0999999999999996,1.0,8,North Carolina,62.0,
351,2021,1,Hartford,Hartford,55,24,B12,AE,1,7,25.9,-5.09999999999999,0.5203,7.1,1.5,-1.4,4.2,12.7,2.3,-1.6,6.7,2.8,-2.6,9.09999999999999,5.3,1.89999999999999,11.5,0.0,Baylor,,79.0,
352,2021,1,Iona,Iona,55,13,SEC,MAAC,13,12,9.90000000000001,-11.4,0.3893,0.0999999999999943,-0.300000000000004,-3.8,1.5,-1.9,3.7,-7.5,-14.4,0.200000000000003,0.600000000000001,-0.399999999999999,-1.3,5.40000000000001,10.0,0.0,Alabama,,68.0,
353,2021,1,10,Maryland,54,-9,B10,BE,-6,-1,4.59999999999999,-0.200000000000003,0.0452999999999999,-3.1,-2.3,0.800000000000001,2.7,16.0,5.0,-3.0,11.3,-3.8,-0.799999999999997,-1.3,-2.7,0.299999999999997,1.9,1.0,7,Connecticut,54.0,
354,2021,1,14,Abilene Christian,52,-1,Slnd,B12,3,-4,12.0,-1.2,0.2081,0.0,1.3,0.800000000000001,-8.9,0.699999999999999,-1.0,0.0,-5.8,1.6,-0.5,-2.0,3.2,-0.900000000000006,5.3,1.0,3,Texas,52.0,
355,2021,1,11,UCLA,62,-11,P12,WCC,-1,3,0.5,-4.2,0.0641,3.0,-4.1,2.4,-1.6,-1.8,-1.1,-4.8,1.4,3.9,-3.9,0.599999999999994,-2.7,3.5,2.3,1.0,6,BYU,62.0,
356,2021,1,UNC Greensboro,UNC Greensboro,54,10,ACC,SC,-7,-5,15.5,-3.5,0.2952,6.2,-1.6,4.5,-1.4,3.0,5.5,8.9,-0.100000000000001,1.8,-4.09999999999999,9.0,1.4,2.10000000000001,6.0,0.0,Florida State,,64.0,
357,2021,1,Georgetown,Georgetown,73,23,P12,BE,5,9,5.2,0.299999999999997,0.0529,2.4,-0.299999999999997,-4.9,3.6,-1.5,-1.7,-0.400000000000002,2.1,4.2,-0.899999999999999,0.100000000000001,0.699999999999996,-3.2,3.6,0.0,Colorado,,96.0,
358,2021,1,Saint Bonaventure,Saint Bonaventure,61,15,SEC,A10,7,2,8.2,6.89999999999999,0.0004,2.3,3.0,-0.799999999999997,-1.1,-2.1,4.4,6.1,0.800000000000001,3.7,6.2,-0.399999999999999,-0.600000000000001,5.7,0.3,0.0,LSU,,76.0,
359,2021,1,Texas Southern,Texas Southern,66,16,B10,SWAC,1,4,20.8,-12.4,0.6214,6.6,-1.6,-5.1,-4.1,-3.5,-0.899999999999999,-10.0,-9.3,2.3,-2.90000000000001,11.0,1.1,-4.89999999999999,11.7,0.0,Michigan,,82.0,
360,2021,1,Grand Canyon,Grand Canyon,74,12,B10,WAC,9,4,20.8,-0.299999999999997,0.2639,1.6,3.4,-7.1,-0.300000000000001,-1.7,6.0,-2.7,-7.0,-3.3,0.899999999999999,6.4,4.9,4.59999999999999,8.8,0.0,Iowa,,86.0,
361,2021,1,Eastern Washington,Eastern Washington,84,9,B12,BSky,5,4,0.799999999999997,-11.1,0.2235,-4.3,-0.5,1.2,3.5,7.0,1.1,0.100000000000001,-1.2,-4.90000000000001,-1.7,-2.1,1.0,-4.0,7.8,0.0,Kansas,,93.0,
362,2021,1,Drake,Drake,56,16,P12,MVC,2,-3,0.200000000000003,-9.59999999999999,0.1544,-2.4,-3.0,2.9,-1.4,4.1,2.4,12.3,-4.9,-2.3,-7.5,-1.8,3.4,0.5,2.1,0.0,USC,,72.0,
363,2021,1,13,Ohio,58,-4,MAC,ACC,2,2,2.69999999999999,-6.8,0.1364,0.300000000000004,-3.2,-1.6,-4.8,-5.6,-4.8,-7.6,-5.6,-1.1,-5.5,1.5,0.299999999999997,-9.4,5.4,1.0,4,Virginia,58.0,
364,2021,1,UC Santa Barbara,UC Santa Barbara,62,1,BE,BW,4,-2,6.5,-3.3,0.141,2.7,-0.800000000000004,-0.699999999999999,-3.0,-3.4,3.7,-8.6,-2.3,2.9,-0.5,1.90000000000001,-1.3,3.3,3.7,0.0,Creighton,,63.0,
365,2021,1,Missouri,Missouri,68,4,B12,SEC,0,-1,-0.299999999999997,-0.5,0.0042999999999999,-0.100000000000001,0.399999999999999,-3.1,0.300000000000001,-1.3,-1.7,-8.4,-13.6,-1.8,-2.0,1.8,2.7,-1.0,-1.8,0.0,Oklahoma,,72.0,
366,2021,1,Norfolk State,Norfolk State,55,43,WCC,MEAC,5,10,26.0,-14.3,0.6093,11.3,0.100000000000001,-1.7,-0.399999999999999,1.6,-5.3,-1.9,-16.1,17.9,-0.400000000000006,-0.899999999999999,0.800000000000001,6.69999999999999,13.5,0.0,Gonzaga,,98.0,
367,2021,2,Rutgers,Rutgers,60,3,Amer,B10,0,9,13.9,-1.0,0.1156,1.09999999999999,-4.8,-0.0999999999999979,2.7,12.0,-1.1,3.0,9.2,-2.0,-4.4,4.4,-3.6,-2.8,2.1,0.0,Houston,,63.0,
368,2021,2,11,Syracuse,72,-3,ACC,B12,2,2,3.10000000000001,-2.3,0.0644,-2.0,1.7,1.0,-0.100000000000001,5.5,-2.2,11.3,3.4,-4.5,2.0,2.0,0.699999999999996,0.199999999999989,2.5,1.0,3,West Virginia,72.0,
369,2021,2,12,Oregon State,70,-10,P12,B12,0,3,0.799999999999997,-7.3,0.1461,3.4,-3.2,4.2,0.800000000000001,2.1,0.800000000000001,2.4,-7.7,5.9,-5.6,-0.800000000000004,0.300000000000001,6.5,6.2,1.0,4,Oklahoma State,70.0,
370,2021,2,8,Loyola Chicago,58,-13,MVC,B10,3,-1,9.2,2.10000000000001,0.0403,-0.699999999999996,-0.100000000000001,-0.300000000000001,-5.5,7.0,1.2,8.5,8.1,-2.7,-0.100000000000001,1.9,0.200000000000003,6.8,7.2,1.0,1,Illinois,58.0,
371,2021,2,15,Oral Roberts,78,-3,Sum,SEC,0,-2,3.59999999999999,-13.7,0.3767,-1.1,-2.9,5.0,2.3,7.5,-1.5,6.0,1.7,2.2,-0.600000000000001,-3.09999999999999,-5.0,-2.80000000000001,6.5,1.0,7,Florida,78.0,
372,2021,2,Texas Tech,Texas Tech,66,2,SEC,B12,1,5,-1.89999999999999,-1.0,-0.0059999999999998,1.8,-0.299999999999997,1.2,-3.5,-2.1,-3.5,-6.59999999999999,-7.1,3.2,2.1,-0.800000000000004,-2.5,7.39999999999999,3.7,0.0,Arkansas,,68.0,
373,2021,2,North Texas,North Texas,61,23,BE,CUSA,-3,-1,13.5,2.10000000000001,0.1498,-1.2,6.09999999999999,-6.9,-2.4,0.0,-2.1,2.8,-5.9,-0.100000000000001,6.2,-2.09999999999999,3.8,1.8,5.7,0.0,Villanova,,84.0,
374,2021,2,Wisconsin,Wisconsin,63,13,B12,B10,-5,5,11.9,4.09999999999999,0.0385,8.1,1.2,4.1,6.8,13.8,5.8,0.100000000000001,3.2,7.8,1.0,5.8,1.0,3.8,4.4,0.0,Baylor,,76.0,
375,2021,2,Maryland,Maryland,77,19,SEC,B10,2,8,1.0,-4.90000000000001,0.0608,-1.3,-3.2,1.8,4.2,10.6,5.0,-4.0,6.3,-2.7,0.0,0.200000000000003,-5.5,8.5,6.6,0.0,Alabama,,96.0,
376,2021,2,Abilene Christian,Abilene Christian,47,20,P12,Slnd,3,-6,10.5,2.8,0.1373,-0.899999999999999,5.3,-2.8,-9.1,-0.200000000000003,-3.5,-1.4,-14.5,-0.199999999999996,3.1,-1.0,6.0,-5.3,2.1,0.0,UCLA,,67.0,
377,2021,2,Colorado,Colorado,53,18,ACC,P12,-8,-6,4.09999999999999,0.5,0.026,2.4,-1.2,3.3,-0.199999999999999,4.5,5.8,2.8,8.3,1.8,-2.3,2.3,0.0,4.10000000000001,-0.1,0.0,Florida State,,71.0,
378,2021,2,LSU,LSU,78,8,B10,SEC,-3,2,-1.2,-8.7,0.0652999999999999,2.1,-3.6,0.199999999999999,-3.3,-2.1,-8.0,-5.0,-4.6,0.299999999999997,-9.0,3.7,3.5,-3.5,4.8,0.0,Michigan,,86.0,
379,2021,2,7,Oregon,80,-15,P12,B10,3,1,10.4,-2.5,0.1141,0.200000000000003,-1.8,-3.5,-4.0,2.4,1.4,5.2,-4.5,-0.5,-4.1,0.700000000000003,1.2,2.8,2.6,1.0,2,Iowa,80.0,
380,2021,2,6,USC,51,-34,P12,B12,-2,-2,-3.5,-2.0,-0.0088,-2.3,1.6,-0.400000000000002,2.6,-4.8,-0.400000000000002,-7.0,1.7,-2.8,3.7,-1.0,-1.6,1.0,0.6,1.0,3,Kansas,51.0,
381,2021,2,Ohio,Ohio,58,14,BE,MAC,6,4,2.5,-6.40000000000001,0.131,-0.0999999999999943,-4.2,-1.2,-2.2,-3.9,0.800000000000001,-2.7,-4.5,-0.100000000000001,-5.5,0.100000000000001,-1.6,-0.200000000000003,5.5,0.0,Creighton,,72.0,
382,2021,2,Oklahoma,Oklahoma,71,16,WCC,B12,1,11,14.4,-4.7,0.1149,10.2,-1.4,0.300000000000001,1.6,3.1,-4.1,7.6,3.1,13.2,0.5,2.7,-2.9,7.0,8.2,0.0,Gonzaga,,87.0,
383,2022,1,16,Georgia State,72,21,,,4,11,20.1,-10.9,0.4322,14.3,-6.5,-1.0,-5.7,-3.8,-7.7,-0.5,-10.6,17.8,-3.8,5.6,-7.2,5.6,11.8,,1,Gonzaga,93.0,0.0
384,2022,1,16,Norfolk State,49,36,,,5,5,17.6,-11.4,0.5143,1.4,2.7,-1.7,4.4,6.5,1.2,-10.6,-6.4,2.2,3.2,0.1,0.8,0.4,12.0,,1,Baylor,85.0,0.0
385,2022,1,16,Wright State,70,17,,,1,11,13.8,-14.5,0.5151,3.9,-6.8,0.1,-0.7,3.2,-1.7,4.0,-3.2,4.3,-9.7,2.4,-1.0,3.8,17.2,,1,Arizona,87.0,0.0
386,2022,1,16,Texas Southern,56,27,,,4,10,23.3,-5.7,0.5019,5.4,2.0,-3.6,1.0,-0.4,0.7,0.1,-6.5,5.3,2.7,3.8,0.6,1.4,17.2,,1,Kansas,83.0,0.0
387,2022,1,15,Cal State Fullerton,61,17,,,5,9,18.4,-8.8,0.4765,6.4,-3.8,-3.2,-4.1,2.9,0.5,-7.1,-7.2,7.1,-1.1,3.3,-5.7,1.6,12.2,,2,Duke,78.0,0.0
388,2022,1,15,Saint Peter's,85,-6,,,4,8,21.5,-0.2,0.3349,5.5,2.4,-4.2,-3.5,6.3,-3.1,-10.3,-15.9,7.8,3.2,0.1,0.9,1.9,12.5,,2,Kentucky,79.0,1.0
389,2022,1,15,Delaware,60,20,,,0,5,10.3,-10.2,0.3373,-1.5,-1.8,-2.9,0.3,4.1,-3.2,-4.1,-4.2,-3.9,0.7,0.9,-3.9,-4.0,12.8,,2,Villanova,80.0,0.0
390,2022,1,15,Jacksonville State,61,19,,,3,8,8.7,-12.1,0.3683,-3.9,-3.9,-3.3,3.6,4.9,3.1,-0.6,13.7,0.1,-4.8,-6.2,-1.3,4.8,12.6,,2,Auburn,80.0,0.0
391,2022,1,14,Montana State,62,35,,,2,0,6.1,-15.3,0.382,-1.7,-3.1,1.8,5.3,6.6,2.8,-4.4,-4.1,1.9,-3.9,-5.8,-1.5,-0.6,9.4,,3,Texas Tech,97.0,0.0
392,2022,1,14,Yale,56,22,,,5,9,22.8,-0.9,0.3942,6.9,0.7,-1.0,-4.1,9.6,-2.9,3.6,-9.7,5.4,-1.9,6.2,3.1,-3.0,11.9,,3,Purdue,78.0,0.0
393,2022,1,14,Longwood,56,32,,,5,4,4.5,-15.7,0.3569,-1.4,-4.4,-0.2,2.8,-0.8,2.9,-6.3,4.8,0.0,-7.8,-2.8,0.1,1.5,10.3,,3,Tennessee,88.0,0.0
394,2022,1,14,Colgate,60,7,,,-2,2,3.7,-9.8,0.2861,-7.7,0.4,-4.2,0.7,-0.7,-0.8,5.5,3.4,-3.8,1.7,-8.9,-1.4,-0.7,12.6,,3,Wisconsin,67.0,0.0
395,2022,1,13,Vermont,71,4,,,1,-2,0.8,-5.4,0.1026,-8.1,-0.2,2.5,3.5,6.9,7.2,11.3,9.7,-8.0,1.2,-6.1,-1.6,5.8,5.3,,4,Arkansas,75.0,0.0
396,2022,1,13,Akron,53,4,,,1,3,10.3,-11.1,0.3731,-2.2,-1.6,-4.3,2.1,2.8,-1.5,-10.3,3.0,-2.8,-0.5,-0.4,-2.5,3.8,9.4,,4,UCLA,57.0,0.0
397,2022,1,13,Chattanooga,53,1,,,-1,-3,5.2,-5.4,0.1576,0.3,-3.3,0.7,-2.4,0.7,-0.5,4.7,1.1,-2.2,-6.6,2.6,1.6,2.5,4.0,,4,Illinois,54.0,0.0
398,2022,1,13,South Dakota State,57,9,,,-2,-3,-3.4,-7.1,0.0734,-9.4,-4.8,2.0,0.0,6.5,3.8,3.3,5.0,-6.7,-4.0,-9.9,-4.0,-4.2,4.4,,4,Providence,66.0,0.0
399,2022,1,12,New Mexico State,70,-7,,,3,0,6.5,-2.7,0.1526,-2.6,0.2,-3.3,1.1,4.7,1.3,-4.8,4.1,-6.3,-3.0,2.3,4.5,-1.1,2.4,,5,Connecticut,63.0,1.0
400,2022,1,12,Indiana,53,29,,,-2,4,-0.2,-0.4,0.0035,1.3,2.7,-0.2,2.1,0.4,-3.1,-10.3,-6.2,1.2,3.6,1.2,1.8,-3.4,3.7,,5,Saint Mary's,82.0,0.0
401,2022,1,12,UAB,68,14,,,2,4,6.0,-9.2,0.152,0.7,-4.4,0.8,0.3,4.4,-0.1,-0.8,3.6,4.5,-4.0,-4.2,-3.4,-4.8,6.3,,5,Houston,82.0,0.0
402,2022,1,12,Richmond,59,-4,,,0,3,13.4,-1.7,0.2064,2.1,-0.7,-1.5,0.4,9.8,3.0,-0.5,2.7,0.4,0.0,3.0,-1.4,3.0,6.1,,5,Iowa,54.0,1.0
403,2022,1,11,Notre Dame,78,-14,,,1,-2,4.0,1.0,0.0366,-2.5,0.3,4.3,2.7,13.4,6.7,5.9,12.3,4.3,-0.6,-7.0,1.4,6.2,0.1,,6,Alabama,64.0,1.0
404,2022,1,11,Virginia Tech,73,8,,,-3,-2,-3.1,-4.4,0.0193,-5.1,-2.2,1.2,4.5,3.8,3.9,8.6,11.6,-1.6,-3.3,-7.0,-0.1,0.1,1.7,,6,Texas,81.0,0.0
405,2022,1,11,Michigan,75,-12,,,-2,7,-1.4,2.0,-0.0502,2.9,-0.4,-2.0,3.4,-9.3,1.1,1.5,-1.6,3.3,-0.3,1.7,-0.3,-0.8,4.1,,6,Colorado State,63.0,1.0
406,2022,1,11,Iowa State,59,-5,,,1,2,2.7,-0.6,0.0413,-0.4,-3.3,0.0,0.8,5.5,2.7,4.9,2.2,-0.4,-3.0,-0.2,-1.6,2.5,-0.5,,6,LSU,54.0,1.0
407,2022,1,10,Davidson,73,1,,,2,-4,-4.8,-6.0,0.0299,-3.6,-1.9,4.4,-1.6,7.1,4.8,-2.5,0.3,-4.5,-0.5,-0.6,-2.6,3.0,0.8,,7,Michigan State,74.0,0.0
408,2022,1,10,San Francisco,87,5,,,-3,4,0.2,2.8,-0.0399,-0.2,1.1,-1.0,2.5,5.2,1.6,2.7,-7.6,-0.4,1.6,0.0,1.2,-2.8,1.9,,7,Murray State,92.0,0.0
409,2022,1,10,Loyola Chicago,41,13,,,-1,-5,7.2,5.6,0.0095,-1.5,0.9,-1.7,-4.6,3.7,4.7,1.6,0.8,-1.8,-0.7,-0.7,2.5,0.6,-0.5,,7,Ohio State,54.0,0.0
410,2022,1,10,Miami FL,68,-2,,,0,3,-5.0,-4.6,0.0027,-3.1,-8.7,3.5,-5.6,10.4,-3.1,2.0,1.7,-4.8,-12.3,0.1,-1.5,-1.4,1.5,,7,USC,66.0,1.0
411,2022,1,9,Memphis,64,-11,,,2,5,-3.5,-1.3,-0.0247,-1.5,1.7,-4.4,-0.8,-6.9,-9.1,-3.2,-7.1,-0.9,2.7,-1.8,0.3,-5.8,2.1,,8,Boise State,53.0,1.0
412,2022,1,9,Marquette,63,32,,,2,5,4.9,0.6,0.0603,-0.5,3.1,-0.8,-5.0,8.0,-10.6,2.8,-8.2,-2.2,2.1,1.5,3.2,-0.9,3.7,,8,North Carolina,95.0,0.0
413,2022,1,9,TCU,69,-27,,,-2,0,-0.6,0.4,-0.0159,-1.3,-2.3,-4.1,0.1,-5.1,3.0,-0.4,1.1,-4.3,-3.1,3.0,-0.5,1.7,-1.0,,8,Seton Hall,42.0,1.0
414,2022,1,9,Creighton,72,-3,,,-2,1,-2.8,-5.9,0.0618,-2.1,-0.9,-1.2,6.2,1.0,-1.4,5.3,10.3,-7.3,-0.4,5.1,-1.3,-1.7,0.9,,8,San Diego State,69.0,1.0
