"","YEAR","ROUND","WSEED","WTEAM","WSCORE","LSEED","LTEAM","LSCORE","SCORE_DIFF","confW","confL","G","W","ADJOE","ADJDE","BARTHAG","EFG_O","EFG_D","TOR","TORD","ORB","DRB","FTR","FTRD","X2P_O","X2P_D","X3P_O","X3P_D","ADJ_T","WAB"
"1",2013,1,11,"Minnesota",83,6,"UCLA",63,-20,"B10","P12",1,4,-2.59999999999999,2.3,-0.0575,-0.199999999999996,1.9,-5.8,-0.300000000000001,-12.9,0.799999999999997,-8.5,-12.1,0.100000000000001,4.1,-0.400000000000006,-1.5,5.5,1.2
"2",2013,1,8,"Colorado State",84,9,"Missouri",72,12,"MWC","SEC",-1,1,3.3,3.2,-0.00559999999999994,-2,2.5,-1.7,-1.1,2.7,-5.4,9.1,6.7,-3,3,0.200000000000003,0.899999999999999,-2.90000000000001,0.7
"3",2013,1,12,"Mississippi",57,5,"Wisconsin",46,-11,"SEC","B10",-1,-4,-2.8,-11.3,0.1066,-0.5,-3.4,-0.200000000000001,-3.5,-1.5,-4.9,-9.1,-5.4,-1.4,-3.40000000000001,0.600000000000001,-2.4,-9.00000000000001,3
"4",2013,1,4,"Michigan",71,13,"South Dakota State",56,15,"B10","Sum",6,8,11.8,-10,0.2949,1.3,-3.2,-1.8,1.6,3.6,3.3,-4.6,-1.7,3,-2.2,-1,-3.2,0.799999999999997,9.4
"5",2013,1,6,"Butler",68,11,"Bucknell",56,12,"A10","Pat",2,-1,4.5,-0.0999999999999943,0.0688000000000001,1.1,4.2,5.1,3.3,6.6,2,2.7,6.7,1.90000000000001,4.2,-1.5,2.7,1.3,3.7
"6",2013,1,6,"Memphis",54,11,"Saint Mary’s",52,2,"CUSA","WCC",2,4,-7.80000000000001,-4.7,-0.0238,-1.3,-1.6,2.4,4.2,-1.3,6.1,0.200000000000003,-2,-1.2,-0.200000000000003,-0.0999999999999943,-3.7,4.5,2
"7",2013,1,10,"Iowa State",76,7,"Notre Dame",58,-18,"B12","BE",0,2,-4.3,-2.89999999999999,-0.00800000000000001,-1.59999999999999,-1.2,-0.899999999999999,-2.6,-0.200000000000003,1,-1,-8.1,-1.3,-2.9,-0.399999999999999,1.4,-7.89999999999999,3.2
"8",2013,1,8,"North Carolina",78,9,"Villanova",71,7,"ACC","BE",2,5,6.3,2.5,0.0395,2,0.700000000000003,-5.7,-0.5,1.5,2.1,-22.4,-13.8,0.299999999999997,3.9,4,-2.9,3.7,2.2
"9",2013,1,3,"Michigan State",65,14,"Valparaiso",54,11,"B10","Horz",2,1,3.60000000000001,-10.1,0.1878,-5.1,-1.7,-1,-0.300000000000001,4.9,-0.599999999999998,-5.1,-4.4,-5.3,-0.200000000000003,-3,-3.7,-1.19999999999999,7.5
"10",2013,1,1,"Indiana",83,16,"James Madison",62,21,"B10","CAA",0,8,22.5,-9.7,0.4956,7.1,-4.7,2.1,-0.200000000000003,9.4,0.299999999999997,9,-12.2,5.8,-3.7,6.7,-4.3,3.59999999999999,16.7
"11",2013,1,14,"Harvard",68,3,"New Mexico",62,-6,"Ivy","MWC",6,10,2.09999999999999,-8.80000000000001,0.2279,-5.9,-3.3,-3.2,-1.4,3.7,-3.8,-3.9,-5.5,-5.4,-6.9,-4.7,1.3,0.700000000000003,9.5
"12",2013,1,3,"Florida",79,14,"Northwestern State",47,32,"SEC","Slnd",9,10,10.9,-16.4,0.3964,6.2,-4.5,-1.4,0.800000000000001,-0.599999999999994,-8.9,-9.3,-10.6,4.3,-5,6.8,-2.9,-10.2,7.3
"13",2013,1,7,"San Diego State",70,10,"Oklahoma",55,15,"MWC","B12",0,1,-4.3,-6.09999999999999,0.0361,0.700000000000003,-2.7,0.600000000000001,-1.4,-1.4,-3.6,-0.100000000000001,-2.5,0.699999999999996,-3.1,0.400000000000006,-1.1,0.0999999999999943,0.1
"14",2013,1,2,"Ohio State",95,15,"Iona",70,25,"B10","MAAC",3,9,0.799999999999997,-15.6,0.245,-1.5,-6.2,-0.900000000000002,1.4,-0.999999999999996,-5.2,2.8,-2.7,-1,-5.5,-1.1,-5.1,-6,13.1
"15",2013,1,5,"VCU",88,12,"Akron",42,46,"A10","MAC",4,2,10.4,-2.30000000000001,0.1793,0.299999999999997,5.3,-3.9,8.3,-1,4.2,-7.1,5.3,-1.6,7.4,2.4,0.100000000000001,1.59999999999999,2.3
"16",2013,1,1,"Gonzaga",64,16,"Southern",58,6,"WCC","SWAC",4,11,23,-6.5,0.4849,5.8,3,0.399999999999999,0.600000000000001,11.6,-1.3,0.5,-5,9,1.6,-0.200000000000003,2.9,0.0999999999999943,13.3
"17",2013,1,2,"Duke",73,15,"Albany",61,12,"ACC","AE",1,6,17.2,-7.2,0.3785,4.3,-2.8,-5.6,0.5,-2.9,4.1,-0.799999999999997,4.9,4.09999999999999,-1.4,2.9,-4.1,4.59999999999999,12
"18",2013,1,1,"Kansas",64,16,"Western Kentucky",57,7,"B12","SB",2,12,11.5,-14.2,0.4619,4.7,-6.4,-1.9,-2.4,-1,-1.4,1.9,-5.8,4.6,-8.3,3.7,-2.1,1.7,15.9
"19",2013,1,7,"Creighton",67,10,"Cincinnati",63,4,"MVC","BE",2,6,11.9,6.7,0.0387,12,2.6,-0.5,-4.2,-9.9,-2.6,-1.3,-6.6,10.2,3.2,9.8,0.800000000000001,-0.299999999999997,1.8
"20",2013,1,9,"Wichita State",73,8,"Pittsburgh",55,-18,"MVC","BE",-6,-6,2.2,0.0999999999999943,0.0172,1.7,-0.699999999999996,-1.3,2,2.4,3.5,1,-1.9,1.9,0.399999999999999,1,-1.8,-4.7,0.9
"21",2013,1,2,"Miami FL",78,15,"Pacific",49,29,"ACC","BW",3,9,7.7,-10.3,0.3216,1.4,-4.3,-1.1,-1.6,2.1,-2.4,-3.1,-11,3.8,-4,-2.7,-2.8,-0.399999999999999,11.4
"22",2013,1,6,"Arizona",81,11,"Belmont",64,17,"P12","OVC",4,3,5.5,-4,0.1165,-4,-1.4,-0.100000000000001,-5.2,5.3,-7.5,4.6,-4.1,-6.3,-3.3,-0.100000000000001,2.3,-0.600000000000009,4.5
"23",2013,1,9,"Temple",76,8,"North Carolina State",72,-4,"A10","ACC",1,0,4.5,1.09999999999999,0.043,5.2,-2.2,2.1,-3.5,3.9,1.2,5.3,-5.1,4,0.200000000000003,6.3,-5.1,1.3,0.7
"24",2013,1,3,"Marquette",59,14,"Davidson",58,1,"BE","SC",2,1,2.40000000000001,-5.09999999999999,0.1061,-3.5,0.900000000000006,3.9,0.699999999999999,9.4,4.6,2,-4.7,-0.399999999999999,0.600000000000001,-7,0.199999999999996,-0.600000000000009,5.9
"25",2013,1,13,"La Salle",63,4,"Kansas State",61,-2,"A10","B12",0,2,1.40000000000001,-1.7,0.0379999999999999,-2.8,-1.8,1.1,0.899999999999999,9.5,-0.400000000000006,0.399999999999999,8.3,-2.5,-4.1,-1.90000000000001,3.1,-3,5.1
"26",2013,1,4,"Syracuse",81,13,"Montana",34,47,"BE","BSky",10,7,11.4,-14.8,0.4604,-3.9,-6,-0.200000000000003,5.3,13.7,4,-3.8,-0.5,-3.5,-5.4,-3,-4.9,1.50000000000001,6.5
"27",2013,1,1,"Louisville",79,16,"North Carolina A&T",48,31,"BE","MEAC",4,16,25.3,-11.2,0.6284,4.9,-0.400000000000006,-4.4,3.6,8.4,0.0999999999999943,-2.6,-6.2,5.4,0,2.6,-0.199999999999999,0.199999999999989,20.5
"28",2013,1,7,"Illinois",57,10,"Colorado",49,8,"B10","P12",1,0,4.89999999999999,2.5,0.0236000000000001,-0.799999999999997,2.8,-2.4,2.3,0,2.6,-9.9,10.7,0.399999999999999,2.7,-2.7,2.1,0.599999999999994,1
"29",2013,1,15,"Florida Gulf Coast",78,2,"Georgetown",68,-10,"ASun","BE",-3,1,4.19999999999999,-11.3,0.2429,-0.5,-3.9,-0.899999999999999,0.299999999999997,-2.1,-1.8,1.59999999999999,2.59999999999999,-2.09999999999999,-5.5,1.9,-0.600000000000001,-6.59999999999999,10.6
"30",2013,1,12,"Oregon",68,5,"Oklahoma State",55,-13,"P12","B12",-4,-4,2.3,0,0.0255,-0.5,-1.9,-3.2,-0.300000000000001,-4.5,3.6,2.1,1.8,0.399999999999999,-2.5,-1.7,-1,-1.90000000000001,0.3
"31",2013,1,4,"Saint Louis",64,13,"New Mexico State",44,20,"A10","WAC",1,5,5.5,-7.8,0.2189,1.1,0.100000000000001,-4.3,5,-9,-0.699999999999999,-3,4.3,0.200000000000003,0.899999999999999,2.2,-0.799999999999997,-0.399999999999991,6.9
"32",2013,1,12,"UC Berkeley",64,5,"UNLV",61,-3,"P12","MWC",1,3,-0.700000000000003,-3.89999999999999,0.0538,0.899999999999999,-0.199999999999996,1.3,1.7,0.799999999999997,-3.6,5.5,-2.9,0.100000000000001,0.899999999999999,2.4,-2,2.8,1.3
"33",2013,2,4,"Syracuse",66,12,"UC Berkeley",60,6,"BE","P12",7,9,7.59999999999999,-5.3,0.1322,1,-1.7,0,6.8,6.3,3.8,5.6,2.9,-0.299999999999997,0.899999999999999,3.2,-5.2,-1.09999999999999,4.6
"34",2013,2,3,"Marquette",74,6,"Butler",72,2,"BE","A10",0,0,3.8,0.200000000000003,0.0396,-1.1,-0.5,0.699999999999999,2.1,2.5,6.8,2.5,-4.4,1.4,-0.399999999999999,-4.7,-0.900000000000006,-0.100000000000009,-0.2
"35",2013,2,3,"Michigan State",70,6,"Memphis",48,22,"B10","CUSA",-1,-5,5.30000000000001,-2.40000000000001,0.0720000000000001,-1.8,-1,0.100000000000001,-2.9,0.5,-3.5,-0.600000000000001,-2.5,-0.700000000000003,0.5,-3.1,-2.9,-4.89999999999999,2.2
"36",2013,2,1,"Indiana",58,9,"Temple",52,6,"B10","A10",2,5,10.3,-7.2,0.1472,5.7,-5,3.4,0.799999999999997,8.2,0,10.2,-7.1,3.2,-4.09999999999999,7.5,-4.9,1,6.3
"37",2013,2,15,"Florida Gulf Coast",81,7,"San Diego State",71,-10,"ASun","MWC",-3,-3,2.59999999999999,-6.8,0.18,-3.1,-2.2,-2.9,-3.9,-0.699999999999999,-4.9,0.0999999999999943,-3.8,-4,-3.6,-0.699999999999996,0.5,-2.3,4.4
"38",2013,2,4,"Michigan",78,5,"VCU",53,25,"B10","A10",2,3,7.7,1.60000000000001,0.0327000000000001,3.3,-1.9,-2.3,-9.8,-4.1,-5.3,-1.4,-17.6,2.9,-2.5,2.8,-0.299999999999997,-3.3,3.6
"39",2013,2,9,"Wichita State",76,1,"Gonzaga",70,-6,"MVC","WCC",-5,1,8.30000000000001,-0.799999999999997,0.0554,4.9,-0.399999999999999,-2.2,0.800000000000001,-0.200000000000003,3.3,4.3,-8.4,5.4,-1.5,2.6,0.699999999999996,0.0999999999999943,5.4
"40",2013,2,1,"Kansas",70,8,"North Carolina",58,12,"B12","ACC",2,7,0,-6.8,0.0612,4,-6.5,3.1,-3.1,-0.800000000000004,-2.3,11.3,4.9,6.6,-7,-0.800000000000004,-4.1,-3.7,5
"41",2013,2,2,"Duke",66,7,"Creighton",50,16,"ACC","MVC",0,2,2,-3.5,0.039,-4.3,-0.399999999999999,-3.3,4.3,0,5.1,5,6.6,-4.90000000000001,0.700000000000003,-1.5,-2.2,2.59999999999999,4
"42",2013,2,6,"Arizona",74,14,"Harvard",51,23,"P12","Ivy",6,8,9.5,-7.7,0.2867,-1.8,-2.6,-1.3,-1.1,9.4,-4.7,-12.2,1.7,-0.899999999999999,-5.5,-2.7,2.5,2.09999999999999,7.2
"43",2013,2,2,"Ohio State",78,10,"Iowa State",75,3,"B10","B12",2,6,-3.60000000000001,-8.89999999999999,0.0578,-3.2,-2.6,-2.3,2.1,-2.4,-0.300000000000001,2.5,-3.2,-2.5,-5.2,-1.8,1.3,-4.3,6.5
"44",2013,2,1,"Louisville",82,8,"Colorado State",56,26,"BE","MWC",7,11,-0.699999999999989,-13.9,0.0984,1.4,-3.8,1.1,10.5,-3.2,10.1,-4.1,-1.5,2.4,-3.7,-0.800000000000004,-2.3,2.3,7.1
"45",2013,2,2,"Miami FL",63,7,"Illinois",59,4,"ACC","B10",2,8,2.60000000000001,-1.90000000000001,0.0458,4.4,-3,-0.900000000000002,-3.3,-2.3,-4.6,3.6,-7.7,3.2,-3.4,4.5,-1.5,-3.09999999999999,3.9
"46",2013,2,3,"Florida",78,11,"Minnesota",64,14,"SEC","B10",3,8,3.10000000000001,-6.8,0.0644,5.90000000000001,-2.3,-3.8,2.3,-9.4,-4.8,-10.6,-6.8,5.5,-1,4.09999999999999,-2.9,-1.3,2
"47",2013,2,12,"Oregon",74,4,"Saint Louis",57,-17,"P12","A10",-2,0,3.2,-1.09999999999999,0.0453,1.1,-0.899999999999999,-3.8,1.6,-7.9,1.9,5.6,1.7,0.899999999999999,-0.799999999999997,0.700000000000003,-0.299999999999997,-4.5,0.9
"48",2013,2,13,"La Salle",76,12,"Mississippi",74,-2,"A10","SEC",2,3,-2,-0.600000000000009,-0.0176000000000001,-2.8,-2.9,-1.2,0.199999999999999,5.1,-2.4,7.5,2.6,0.100000000000001,-4.4,-5.3,1.1,4.90000000000001,1.3
"49",2014,1,2,"Wisconsin",75,15,"American",35,40,"B10","Pat",5,10,20.9,-1.8,0.3263,-2.5,0.800000000000004,-10.4,-4.3,1.6,-2.3,7.7,-13.6,-3.8,0.199999999999996,-0.299999999999997,2.2,2.5,13.4
"50",2014,1,2,"Michigan",57,15,"Wofford",40,17,"B10","SC",7,11,25.3,-2.3,0.502,6.90000000000001,-0.100000000000001,-1.6,-2.6,-1.5,1.5,1.9,-12.7,5.3,0.600000000000001,5.6,-1.1,0.5,14.2
"51",2014,1,8,"Memphis",71,9,"George Washington",66,5,"Amer","A10",0,-1,2.39999999999999,0.200000000000003,0.0327999999999999,0.399999999999999,1.2,-0.399999999999999,0.699999999999999,0.699999999999996,1.9,-7.1,0.399999999999999,2.5,1.8,-3.4,-0.199999999999999,2.3,-0.4
"52",2014,1,8,"Kentucky",56,9,"Kansas State",49,7,"SEC","B12",7,9,9.3,3.3,0.0589,1.1,0.700000000000003,-0.399999999999999,-2.9,7.3,-3.5,11.5,-8.6,1.7,-1,0.100000000000001,2.9,1.10000000000001,3.4
"53",2014,1,6,"North Carolina",79,11,"Providence",77,2,"ACC","BE",-1,2,-1.5,-5.7,0.0634,1.6,-1.9,-0.400000000000002,2.9,2.8,0.5,1,7.7,3.2,-2.09999999999999,-1.1,-1.1,5.89999999999999,3
"54",2014,1,4,"Michigan State",93,13,"Delaware",78,15,"B10","CAA",3,4,8.89999999999999,-10.7,0.3082,4.1,-3.6,4,0.899999999999999,3.8,-5.3,-10.2,2.3,2.6,-6.1,4.5,0.5,-6.09999999999999,8.3
"55",2014,1,4,"UCLA",76,13,"Tulsa",59,17,"P12","CUSA",3,7,13.4,0.799999999999997,0.163,4.9,3.5,-2.2,0,-0.399999999999999,-1,-8.9,-11.8,3.8,5.4,5.3,-0.800000000000004,1.8,8.1
"56",2014,1,1,"Florida",67,16,"Albany",55,12,"SEC","AE",5,17,13.1,-14.7,0.4675,3.40000000000001,-2.9,-2.2,3,3.4,-0.399999999999999,0.399999999999999,2.1,4.3,-2.5,-0.100000000000001,-1.9,-0.100000000000001,20.3
"57",2014,1,1,"Virginia",70,16,"Coastal Carolina",59,11,"ACC","BSth",6,12,16.3,-12.5,0.5503,2.8,-3.3,-3.7,0.0999999999999979,-0.300000000000004,-3.5,3.4,-7.1,1.4,-4.6,4.3,-0.100000000000001,-6.3,15.9
"58",2014,1,1,"Wichita State",64,16,"Cal Poly",37,27,"MVC","BW",3,22,14.4,-11.4,0.4939,6.4,-4.59999999999999,1.5,0.0999999999999979,4.1,-7,13.7,-7.2,8.09999999999999,-5,2,-2.7,4.7,18.8
"59",2014,1,4,"San Diego State",73,13,"New Mexico State",69,4,"MWC","WAC",-1,4,-2.19999999999999,-11.3,0.1575,-6.5,0,-3.5,4.5,-1.6,-3.6,-8.8,-1.7,-7.8,0.799999999999997,-1.9,-2.4,-3.09999999999999,8.3
"60",2014,1,11,"Dayton",60,6,"Ohio State",59,-1,"A10","B10",-2,-1,-4.59999999999999,-10.6,0.0919,-2.1,-3.59999999999999,-0.900000000000002,3.1,-4.3,0.800000000000001,1.7,-13.2,0.700000000000003,-2.4,-5.3,-3.9,0,3.9
"61",2014,1,12,"Stephen F. Austin",77,5,"VCU",75,-2,"Slnd","A10",2,-4,-3.7,-11.8,0.1428,-4.4,-2.7,0.300000000000001,2,-3.3,1.9,-4.7,-11,-6.7,-1.2,0,-4.4,7.3,1.9
"62",2014,1,8,"Gonzaga",85,9,"Oklahoma State",77,8,"WCC","B12",1,7,-2,-1.5,-0.000299999999999967,2.8,-1.7,2.7,-2.6,2.6,-2.5,-8.5,-2.4,2.3,-1.7,2.6,-0.900000000000002,-2.7,2.6
"63",2014,1,14,"Mercer",78,3,"Duke",71,-7,"ASun","ACC",2,2,16.3,-3.2,0.2439,-0.200000000000003,2.5,-2.9,-0.5,3.2,0.199999999999999,1.5,-0.200000000000003,-1.3,3.4,0.700000000000003,-0.300000000000001,1.5,9.3
"64",2014,1,2,"Kansas",80,15,"Eastern Kentucky",69,11,"B12","OVC",3,3,7.10000000000001,-11.9,0.3093,-2.5,-8.6,3.3,-7.8,14.3,-5.2,5.09999999999999,-9.4,-0.200000000000003,-12.4,-4.6,-0.299999999999997,2.2,10.2
"65",2014,1,3,"Creighton",76,14,"Louisiana Lafayette",66,10,"BE","SB",3,7,14.7,-2.59999999999999,0.2587,7.4,-1.9,-3.8,-3.7,-8.8,-4,-10.4,-11,6.7,-3.6,4.3,1,-4.59999999999999,9.4
"66",2014,1,1,"Arizona",68,16,"Weber State",59,9,"P12","BSky",9,16,10.2,-19.2,0.4805,-2.4,-5.5,-3.3,5.3,8,-1.4,-8.7,-0.899999999999999,-0.399999999999999,-6.8,-3,-1.7,0,16.3
"67",2014,1,2,"Villanova",73,15,"Milwaukee",53,20,"BE","Horz",0,9,10.9,-11.4,0.4137,4.5,-2.8,-2.6,1.5,4,-2.5,-0.200000000000003,2.1,4.7,-7.4,2.9,4.3,-0.200000000000003,14.4
"68",2014,1,12,"North Dakota State",80,5,"Oklahoma",75,-5,"Sum","B12",3,0,4.3,-3.59999999999999,0.118,-2.8,-0.0999999999999943,0.0999999999999996,0.699999999999999,1.8,2.5,-2.2,-1.7,-6.7,2.7,3.2,-3.59999999999999,7.59999999999999,3.9
"69",2014,1,6,"Baylor",74,11,"Nebraska",60,14,"B12","B10",4,5,11,4.5,0.0712999999999999,3,1.1,1.1,-3.2,14.4,3,2.5,-12.6,0.899999999999999,-1.4,4.7,4.1,-3.50000000000001,1.8
"70",2014,1,3,"Syracuse",77,14,"Western Michigan",53,24,"ACC","MAC",2,6,9.5,-9.7,0.3551,-3.8,0.399999999999999,-6.1,3.4,7.1,-0.5,-13.2,2,-6,-2.3,0.5,3,-5.5,10.8
"71",2014,1,3,"Iowa State",93,14,"North Carolina Central",75,18,"B12","MEAC",4,2,10.7,-1.40000000000001,0.1885,4,3.3,-2.7,-7.8,-6.6,-4.6,-13.1,-14.1,3.6,2.8,3.3,3.1,7.5,8.1
"72",2014,1,4,"Louisville",71,13,"Manhattan",64,7,"Amer","MAAC",4,6,12.6,-8.80000000000001,0.2191,2.8,-1.5,-4.4,3.3,2.7,-0.599999999999994,-14.3,-14.4,4,0.299999999999997,-0.100000000000001,-4.1,-0.799999999999997,5.8
"73",2014,1,9,"Pittsburgh",77,8,"Colorado",48,-29,"ACC","P12",-1,-3,-10.2,2,-0.1521,-2.40000000000001,2.7,3.4,-1.4,-3.2,-2.9,4,-6.2,-1.5,1.8,-3.3,3,3.10000000000001,-1.7
"74",2014,1,7,"Texas",87,10,"Arizona State",85,2,"B12","P12",2,3,2.10000000000001,0.299999999999997,0.0255,-5,0.200000000000003,1.2,-0.699999999999999,15.1,0,0.899999999999999,3.7,-1.9,-2.4,-6.3,2.6,-0.599999999999994,2.4
"75",2014,1,12,"Harvard",61,5,"Cincinnati",57,-4,"Ivy","Amer",3,1,-3.2,-3.7,0.0142,-4.4,-1.40000000000001,-0.200000000000003,1.3,6.8,3,-9.7,-0.299999999999997,-3.1,-1.7,-5.1,-0.700000000000003,-2,3.1
"76",2014,1,5,"Saint Louis",83,12,"North Carolina State",80,3,"A10","ACC",-3,4,-9.89999999999999,-11,0.0411,-0.399999999999999,-3.1,2.8,3.6,-5.3,-6.6,3.3,-7,-1,-2.9,1.2,-2.5,1,3.2
"77",2014,1,7,"Oregon",87,10,"BYU",68,19,"P12","WCC",0,2,4.3,-0.5,0.0642,2.9,0,0.800000000000001,2.3,-2.7,3.3,-3.8,11,1.8,1.2,2,-1.3,-3.7,2
"78",2014,1,11,"Tennessee",86,6,"Massachusetts",67,-19,"SEC","A10",-3,1,-9.09999999999999,3.5,-0.1422,0.600000000000001,0.100000000000001,2,1.8,-5.40000000000001,4.2,-2.59999999999999,5.7,-0.700000000000003,2.3,2.7,-3.7,8.7,3.2
"79",2014,1,7,"Connecticut",89,10,"Saint Joseph's",81,8,"Amer","A10",6,8,-1.3,-6.2,0.0625,-2.4,-3.2,-1.4,4.3,0.899999999999999,5,-5.3,5.1,-4.2,-3.8,0.800000000000004,-1.2,-1.10000000000001,2.6
"80",2014,1,10,"Stanford",58,7,"New Mexico",53,-5,"P12","MWC",-2,4,1.09999999999999,-0.799999999999997,0.0256999999999999,-0.199999999999996,-3,-1.1,-2.1,3.2,0.0999999999999979,1.7,-5.7,1.8,-4.7,-3.2,-0.100000000000001,-1,3.3
"81",2014,2,4,"Michigan State",80,12,"Harvard",73,7,"B10","Ivy",7,3,7.69999999999999,0.0999999999999943,0.0678,2.4,-0.400000000000006,-0.200000000000003,-3.4,0.600000000000001,-1.8,-14.7,4,2.4,-1.4,0.600000000000001,0.5,0.700000000000003,4.7
"82",2014,2,3,"Iowa State",85,6,"North Carolina",83,2,"B12","ACC",2,4,5.19999999999999,4.09999999999999,0.002,4.3,0.700000000000003,-2.4,-3.4,-9.3,-2.8,-6.5,-10.7,4.7,-0.700000000000003,2.2,2.4,0.799999999999997,3.3
"83",2014,2,1,"Florida",61,9,"Pittsburgh",45,16,"SEC","ACC",3,10,-1.19999999999999,-5.59999999999999,0.0314,1.5,-1.3,1.2,2.1,-1.90000000000001,-1,-1.9,-5.2,1.2,-2,0.799999999999997,0.399999999999999,-0.699999999999996,7.6
"84",2014,2,1,"Virginia",78,8,"Memphis",60,18,"ACC","Amer",4,7,2,-7.5,0.097,-1.1,-4.2,-2.1,-1.9,-1.9,-7.5,2.5,-1.3,-3.7,-7.1,3.9,1.3,-8.3,5.4
"85",2014,2,8,"Kentucky",78,1,"Wichita State",76,-2,"SEC","MVC",-5,5,-0.799999999999997,-3.2,0.0233,2.5,-1.3,-1.9,2.1,-7,-3.5,-4.9,-1.09999999999999,2.3,-1.3,1.8,-1.1,-0.800000000000011,4.2
"86",2014,2,1,"Arizona",84,8,"Gonzaga",61,23,"P12","WCC",3,5,2.60000000000001,-5.89999999999999,0.0572,-3.5,-2.3,-1.7,1.7,5.8,-2.2,-0.200000000000003,-4.4,-2.9,-3.09999999999999,-2.6,0.199999999999999,-2.2,5.4
"87",2014,2,6,"Baylor",85,3,"Creighton",55,-30,"B12","BE",-1,3,6,2.40000000000001,0.0259,7.6,-0.200000000000003,-2.8,-1,-12.4,-4.2,-10.9,0.700000000000003,8,0.600000000000001,3.4,-1.4,2.50000000000001,2.5
"88",2014,2,2,"Michigan",79,7,"Texas",65,14,"B10","B12",2,4,12.6,3.2,0.0788,8.3,2.9,-2.7,0.800000000000001,-10.2,0.300000000000001,-8.5,-14.3,5.8,7.3,7.5,-3.4,-6.1,4.1
"89",2014,2,4,"Louisville",66,5,"Saint Louis",51,15,"Amer","A10",4,5,13.9,-2.80000000000001,0.1233,3.9,-0.5,-3.3,4,8.3,3.7,0.900000000000006,2.8,2.2,-0.100000000000001,5.1,-1,1.3,1.5
"90",2014,2,2,"Wisconsin",85,7,"Oregon",77,8,"B10","P12",4,6,4.60000000000001,-4.09999999999999,0.0721,-0.200000000000003,-1.9,-3.4,-3.6,-4.1,-4.5,-1.09999999999999,-20.7,0.299999999999997,-3.5,-1.3,1.7,-5.4,5.3
"91",2014,2,4,"San Diego State",63,12,"North Dakota State",44,19,"MWC","Sum",4,6,-4.5,-12.3,0.1347,-7.8,-5.4,-0.4,3.5,5.5,1.5,3.5,-7.8,-10.3,-2.6,-0.5,-7,0,5.8
"92",2014,2,11,"Tennessee",83,14,"Mercer",63,20,"SEC","ASun",3,-1,8.5,-8.39999999999999,0.2381,-4.2,-0.299999999999997,-0.699999999999999,-2.1,7.7,-3.6,4.5,-9.5,-1,-2.4,-6.9,3.5,-2.1,3.2
"93",2014,2,7,"Connecticut",77,2,"Villanova",65,-12,"Amer","BE",-6,-3,2.7,1.2,0.00890000000000002,2.1,1.7,0,0.399999999999999,2.2,-4.1,6.2,2.9,5.7,0.799999999999997,-3.1,2.3,2.8,3.6
"94",2014,2,11,"Dayton",55,3,"Syracuse",53,-2,"A10","ACC",-3,2,1.2,-6.3,0.0968,-4.2,-0.799999999999997,-3.3,3.1,4.2,2.7,-2.4,-6.3,-2.7,-2.8,-4.6,1.3,-3.90000000000001,7.3
"95",2014,2,10,"Stanford",60,2,"Kansas",57,-3,"P12","B12",-1,2,7.5,-0.900000000000006,0.0834,2.90000000000001,-0.899999999999999,2.1,-0.600000000000001,8,0.699999999999999,3.3,8.5,5.6,-1.5,-2.4,0.600000000000001,1,5.8
"96",2014,2,4,"UCLA",77,12,"Stephen F. Austin",60,17,"P12","Slnd",4,-2,7,-5,0.164,1.8,-0.600000000000001,-2.4,-3.3,-8.4,-0.299999999999997,-1.7,-15,0.700000000000003,-1.4,3.1,-0.300000000000004,6.7,2.8
"97",2015,1,5,"Arkansas",56,12,"Wofford",53,3,"SEC","SC",3,1,10.9,-0.799999999999997,0.2149,-1.1,1.3,-0.300000000000001,2.3,6.3,6.9,-0.300000000000004,2.4,-0.300000000000004,-1.09999999999999,-1.9,4.3,8.7,3.7
"98",2015,1,1,"Wisconsin",86,16,"Coastal Carolina",72,14,"B10","BSth",10,16,24.6,-9.40000000000001,0.4341,4.8,0,-5.1,-1.1,-2.7,-4.3,-2.7,-12.6,6.7,-1.09999999999999,0.600000000000001,3.7,-4.8,16.4
"99",2015,1,4,"Maryland",65,13,"Valparaiso",62,3,"B10","Horz",4,3,5.2,-0.5,0.0913,-0.0999999999999943,0.299999999999997,-0.100000000000001,-1.4,-5.8,3.1,7.9,-5.3,0,1.8,-0.799999999999997,-1.6,1.4,6.8
"100",2015,1,3,"Notre Dame",69,14,"Northeastern",65,4,"ACC","CAA",3,9,18.3,-2.40000000000001,0.2815,3.8,-1.9,-7,1.8,-2.2,6.9,-4.7,-0.899999999999999,5.2,-1.7,0.399999999999999,-1.8,0.299999999999997,13.2
"101",2015,1,1,"Kentucky",79,16,"Hampton",56,23,"SEC","MEAC",4,21,25.5,-18.3,0.6903,5.9,-6.8,-3.9,1.2,7.7,0.900000000000002,0.100000000000001,-13.8,5.6,-5.4,4.5,-6.8,-6.09999999999999,25.7
"102",2015,1,4,"North Carolina",67,13,"Harvard",65,2,"ACC","Ivy",10,6,17.2,-2.40000000000001,0.245,4.5,-1.2,-0.199999999999999,-2.4,7.6,2.8,-3.7,4.9,5.4,1.1,1.5,-4,8.3,7.8
"103",2015,1,7,"Michigan State",70,10,"Georgia",63,7,"B10","SEC",6,6,8.7,0,0.0845,4.7,0.5,-1.7,-0.199999999999999,1.3,-1.5,-15,4.7,3.59999999999999,0.599999999999994,4.3,0.300000000000001,-0.899999999999999,1.4
"104",2015,1,2,"Virginia",79,15,"Belmont",67,12,"ACC","OVC",2,9,3.39999999999999,-22.7,0.4151,-5.9,-9,-4.6,-0.600000000000001,5.4,-5.4,2.7,0.400000000000002,-6.7,-11.1,-2.5,-3.5,-9.2,14.7
"105",2015,1,7,"Wichita State",81,10,"Indiana",76,5,"MVC","B10",0,9,-5.2,-11.5,0.0803999999999999,-4.1,-4.5,-2.2,5.4,-0.799999999999997,-4.1,3.5,3.8,-1.3,-8.3,-5.2,2.8,-4.6,4.5
"106",2015,1,8,"San Diego State",76,9,"Saint John's",64,12,"MWC","BE",3,6,-7.5,-7.2,0.0122,-2.7,-2.9,2.9,1.6,8.1,-5.7,0.5,-7.6,-2.3,-2.6,-2.5,-2,-5.8,-1
"107",2015,1,10,"Ohio State",75,7,"VCU",72,-3,"B10","A10",1,2,-5.5,0.900000000000006,-0.0730999999999999,-5.5,3.1,-1.3,1.9,-1.7,-1.4,2.59999999999999,10,-6.7,3.09999999999999,-2.7,2.3,0.900000000000006,0.5
"108",2015,1,2,"Gonzaga",86,15,"North Dakota State",76,10,"WCC","Sum",6,13,19.4,-7.60000000000001,0.4463,8.2,-3.9,0.100000000000001,0.600000000000001,7.8,4.3,3,-0.199999999999999,11.5,-3,1.8,-3.2,3.7,11.7
"109",2015,1,1,"Duke",85,16,"Robert Morris",56,29,"ACC","NEC",4,15,24.5,-12.7,0.5478,6.5,-2.8,-3.5,-3.2,4.8,-5.7,4.3,-13.7,8.5,-2,1.2,-2.7,0.400000000000006,19.3
"110",2015,1,2,"Kansas",75,15,"New Mexico State",56,19,"B12","WAC",4,6,9.69999999999999,-7.5,0.2695,-1.2,-1.8,-2.6,-3.1,-4.4,0.600000000000001,-1.7,1.3,-2.9,-3,1.7,0.699999999999999,3.2,13.5
"111",2015,1,2,"Arizona",93,15,"Texas Southern",72,21,"P12","SWAC",3,12,15.6,-21.2,0.6329,4,-4.2,-3.2,1.9,0.700000000000003,-12.2,0.300000000000004,4.2,3.3,-5.8,3.8,-0.899999999999999,3,13.5
"112",2015,1,1,"Villanova",93,16,"Lafayette",52,41,"BE","Pat",4,14,12.1,-23.4,0.5824,-0.5,-8,-0.800000000000001,4.8,4.8,-3.3,11.4,2.9,0.200000000000003,-6.2,-1.9,-7.5,-0.399999999999991,18.4
"113",2015,1,3,"Oklahoma",69,14,"Albany",60,9,"B12","AE",2,0,6.69999999999999,-13.7,0.36,-0.600000000000001,-5.5,-1.2,-0.400000000000002,-1.1,5.4,-6.2,-2,0.300000000000004,-4,-1.5,-4.5,6.2,7.8
"114",2015,1,14,"Georgia State",57,3,"Baylor",56,-1,"SB","B12",-1,-1,6.8,-5.3,0.1514,-2.2,0,3.8,-3.9,11.9,-3.3,0.899999999999999,-7.7,-7.3,3.3,6,-3.3,-1.1,8
"115",2015,1,8,"North Carolina State",66,9,"LSU",65,1,"ACC","SEC",3,0,6.3,4,0.0206999999999999,-1,0.899999999999999,-4.2,-4.2,0,-2.7,1.8,5.3,-2.8,-0.299999999999997,1.7,2.1,-5.39999999999999,0.6
"116",2015,1,14,"UAB",60,3,"Iowa State",59,-1,"CUSA","B12",-1,6,14.2,-4.5,0.3382,6.7,0,-4.3,-1.2,-5.9,-3.5,0.799999999999997,-9.6,7.7,-2.2,3,2.8,4.5,14.5
"117",2015,1,4,"Louisville",57,13,"UC Irvine",55,2,"ACC","BW",4,8,4.30000000000001,-9.39999999999999,0.2088,-3,-0.700000000000003,-1,4.1,4.7,0.100000000000001,8.5,-2,0.600000000000001,0.899999999999999,-7.5,-3.3,1.7,10.4
"118",2015,1,8,"Cincinnati",66,9,"Purdue",65,1,"Amer","B10",0,2,-4,-1.60000000000001,-0.0274,-0.799999999999997,-1.3,1.1,2.3,0.799999999999997,1.4,-4.6,-12.3,-1.3,-0.0999999999999943,0.199999999999996,-3.2,-4.7,-2.3
"119",2015,1,4,"Georgetown",84,13,"Eastern Washington",74,10,"BE","BSky",1,-1,2.5,-14.1,0.3297,-3.8,-5.2,3.3,2.4,5,0.300000000000001,8.7,8.1,-1.7,-6.1,-4,-2.5,-3.90000000000001,6.3
"120",2015,1,5,"Northern Iowa",71,12,"Wyoming",54,17,"MVC","MWC",2,8,13.3,-5.2,0.3107,3.7,-1.4,-1,1.3,5,-0.100000000000001,-0.600000000000001,0,-1.1,0,7.2,-2.8,-0.700000000000003,6.9
"121",2015,1,6,"Xavier",76,11,"Mississippi",57,19,"BE","SEC",3,2,3.5,-4.10000000000001,0.1012,5.5,2.4,1.6,0.100000000000001,-3.5,-4.1,2.4,-7.90000000000001,6.90000000000001,5.3,1.9,-1.2,-1.09999999999999,1.8
"122",2015,1,7,"Iowa",83,10,"Davidson",52,31,"B10","A10",3,-1,-4.3,-10.2,0.0776,-7.3,-3.7,3,1.9,6,-0.0999999999999979,9.5,-5.5,-5.8,-7.7,-5.40000000000001,2.6,-2.60000000000001,0.4
"123",2015,1,11,"UCLA",60,6,"SMU",59,-1,"P12","Amer",-3,4,-0.700000000000003,-2,0.021,2.5,-2.8,1.9,2.4,2.8,0.599999999999998,8.09999999999999,-1.1,3.9,-2.5,-0.5,-2.9,-3.2,3.1
"124",2015,1,8,"Oregon",79,9,"Oklahoma State",73,6,"P12","B12",4,8,3.59999999999999,3.69999999999999,-0.00900000000000001,2.09999999999999,1.5,-1.6,-4.4,3.3,-1.1,-9.9,-6.7,1.59999999999999,3,2.3,-1.2,2.90000000000001,2.8
"125",2015,1,5,"Utah",57,12,"Stephen F. Austin",50,7,"P12","Slnd",3,-1,3.90000000000001,-10.1,0.1594,-0.399999999999999,-6,-2.1,-6.2,-6.3,-1.2,1.5,-14.8,-3.1,-6.9,2.8,-2.5,-5.00000000000001,2.5
"126",2015,1,11,"Dayton",66,6,"Providence",53,-13,"A10","BE",-2,-5,4.59999999999999,-0.799999999999997,0.0762,-4.5,0.900000000000006,0.200000000000003,-1.4,11.9,0.600000000000001,-7.4,8.7,-3.7,0.600000000000001,-4.3,0.799999999999997,1.90000000000001,2.9
"127",2015,1,5,"West Virginia",68,12,"Buffalo",62,6,"B12","MAC",2,2,1.2,-4.7,0.0991,-2.6,4.2,2,8.3,5.6,0.700000000000003,-2.2,21.2,-2.1,3.8,-2.5,3.5,-0.300000000000011,5.4
"128",2015,1,6,"Butler",56,11,"Texas",48,8,"BE","B12",0,3,-1.8,-2.10000000000001,0.00669999999999993,-0.700000000000003,4.6,-3.1,5.5,-3.2,-3.3,4.2,-1.4,-2,9.4,1.8,-4,1.1,2.6
"129",2015,2,4,"North Carolina",87,5,"Arkansas",78,9,"ACC","SEC",2,-1,6.39999999999999,-3.5,0.0811,1.6,-2.9,1.3,-4.6,4.3,-3.4,-2.09999999999999,-1,2.1,-0.600000000000001,0.899999999999999,-5.2,0,2.6
"130",2015,2,1,"Wisconsin",72,8,"Oregon",65,7,"B10","P12",5,11,14.8,-5.5,0.1379,2.5,-0.299999999999997,-4.5,-0.899999999999999,1.9,-7.8,7.1,-13,4,-2.4,-0.399999999999999,4.3,-7.60000000000001,8.3
"131",2015,2,5,"West Virginia",69,4,"Maryland",59,-10,"B12","B10",0,3,-0.0999999999999943,0.700000000000003,-0.0114,5.1,-7.2,0.199999999999999,-10.8,-11.2,-0.600000000000001,4.1,-27.4,2.5,-7.7,6,-4.7,-4.09999999999999,2.8
"132",2015,2,1,"Kentucky",64,8,"Cincinnati",51,13,"SEC","Amer",5,15,13.8,-8.3,0.1462,2,-4.5,-4.7,1.4,2.2,-0.499999999999996,6.8,5.6,1.6,-3.1,2,-4.8,3.2,14.4
"133",2015,2,7,"Michigan State",60,2,"Virginia",54,-6,"B10","ACC",-5,3,-4.2,-8.5,0.0321,-2.6,-2.6,-1.8,1.4,0.799999999999997,-2.8,2.2,-10.4,-1.09999999999999,-3.7,-3.3,-0.699999999999999,-5.5,7
"134",2015,2,11,"UCLA",92,14,"UAB",75,17,"P12","CUSA",1,3,9.09999999999999,-3.5,0.2704,2,0.899999999999999,-2.5,-1.8,-0.400000000000006,-4.5,0,-1.3,0.799999999999997,-2,3.59999999999999,3.7,1.5,7.5
"135",2015,2,7,"Wichita State",78,2,"Kansas",65,-13,"MVC","B12",2,-2,-0.700000000000003,-0.900000000000006,0.00309999999999999,-0.899999999999999,-1.2,4.2,-3.8,0.399999999999999,4.2,6.4,-2.8,-2.5,0.799999999999997,2.5,-3.8,4.6,4.8
"136",2015,2,2,"Arizona",73,10,"Ohio State",58,15,"P12","B10",3,10,3.59999999999999,-6.19999999999999,0.0596,-0.700000000000003,-1.3,-0.5,-1,1,-9.6,12.4,9.5,-0.300000000000004,-2.5,-1,1.3,0.400000000000006,6.5
"137",2015,2,1,"Duke",68,8,"San Diego State",49,19,"ACC","MWC",4,9,22.1,3.09999999999999,0.1073,10,3,-2.3,-2.5,0.0999999999999943,0.5,3.59999999999999,-1.8,10,4,6.7,0.799999999999997,5.2,9.4
"138",2015,2,8,"North Carolina State",71,1,"Villanova",68,-3,"ACC","BE",0,11,7.80000000000001,-5.7,0.0979000000000001,6,0,0.300000000000001,6.7,-1.4,1,6.5,-4.3,5.7,1.7,3.3,-2.5,0,10.2
"139",2015,2,4,"Louisville",66,5,"Northern Iowa",53,13,"ACC","MVC",1,-4,-6,-5.59999999999999,0.00620000000000009,-8.2,-1.6,-0.600000000000001,2.1,7.7,3.9,-1.09999999999999,6.3,-4.9,-0.700000000000003,-9.1,-1.8,7.09999999999999,0.5
"140",2015,2,6,"Xavier",75,14,"Georgia State",67,8,"BE","SB",3,-1,6.2,-2.90000000000001,0.1247,1.3,4.2,1.8,-4.4,1.3,-7.5,0.799999999999997,-6.5,0.300000000000004,5.8,2.9,1.5,2.3,4.3
"141",2015,2,2,"Gonzaga",87,7,"Iowa",68,19,"WCC","B10",3,12,6.2,1.09999999999999,0.0287,9.8,-1.4,-1,-1.8,-1.7,-2.3,0.700000000000003,1.4,9.7,-1.7,6.7,0.399999999999999,0.600000000000009,5.7
"142",2015,2,5,"Utah",75,4,"Georgetown",64,-11,"P12","BE",-1,-3,-2.30000000000001,4.8,-0.0568000000000001,-3.90000000000001,4.1,1,1.9,3,2.6,0.5,9.8,-1.8,1.7,-4.8,5,3.2,0
"143",2015,2,3,"Oklahoma",72,11,"Dayton",66,6,"B12","A10",-1,-3,4.59999999999999,-6,0.129,-3.6,-3.2,-0.299999999999997,-1.4,8.2,3,-15.3,-2.2,-4.4,-4.3,-1.3,-0.800000000000001,3.7,3.7
"144",2015,2,3,"Notre Dame",67,6,"Butler",64,3,"ACC","BE",4,9,16.8,10,0.0286000000000001,9.9,1.2,-2.5,-2.2,-6.8,6.9,-4.09999999999999,-9.3,11.9,0.299999999999997,3.4,1.9,0,5.1
"145",2016,1,14,"Stephen F. Austin",70,3,"West Virginia",56,-14,"Slnd","B12",5,2,4.5,-6.09999999999999,0.1161,-5,-1.1,2.3,-0.899999999999999,8.5,-3.6,11.9,15.1,-4.2,-2,-4.4,0.300000000000004,2.7,8.6
"146",2016,1,5,"Maryland",79,12,"South Dakota State",74,5,"B10","Sum",3,2,4.40000000000001,-4.8,0.1469,3.90000000000001,-1.5,1.8,-0.800000000000001,-3.3,4.4,-3.2,-13.2,6.09999999999999,-1.6,0.100000000000001,-1.2,-1.3,5.2
"147",2016,1,6,"Notre Dame",70,11,"Michigan",63,7,"ACC","B10",1,2,4.89999999999999,3.89999999999999,0.00690000000000002,-0.5,-1.9,0.800000000000001,-3.1,7.9,5.7,5.1,-1,0.299999999999997,-4.6,-0.600000000000001,2.2,-0.799999999999997,1.5
"148",2016,1,4,"Kentucky",85,13,"Stony Brook",57,28,"SEC","AE",5,3,18.6,-4.10000000000001,0.3037,1.3,-3.1,-1.1,-0.399999999999999,2.7,5.9,5.59999999999999,13.2,2.2,-3.09999999999999,-0.600000000000001,-1.5,0.400000000000006,6.1
"149",2016,1,1,"North Carolina",83,16,"Florida Gulf Coast",67,16,"ACC","ASun",9,16,20.4,-7.5,0.4395,1.1,0.399999999999999,-1.8,2.3,9,2.5,-5,-4.9,2.4,-3.7,-1.5,5,3.7,17
"150",2016,1,15,"Middle Tennessee",90,2,"Michigan State",81,-9,"CUSA","B10",2,6,18.6,-3.5,0.3204,4.59999999999999,-6.1,0.5,-5.2,8.4,-1.4,-4.9,-8.3,3.6,-6.3,4.2,-3.7,-0.900000000000006,10.4
"151",2016,1,5,"Indiana",99,12,"Chattanooga",74,25,"B10","SC",2,0,15.7,-2.39999999999999,0.2882,7,-0.700000000000003,1.6,-1.3,4.90000000000001,0.199999999999999,-7.7,-0.699999999999999,5.4,-1.5,6,0.599999999999994,2.2,2.8
"152",2016,1,4,"Iowa State",94,13,"Iona",81,13,"B12","MAAC",2,1,12.3,-3.5,0.234,3.3,1,-1.9,-2.4,-3,-0.899999999999999,-6.3,-11.4,4.2,3.5,1.7,-2.3,-0.299999999999997,7.2
"153",2016,1,1,"Virginia",81,16,"Hampton",45,36,"ACC","MEAC",6,9,21.7,-16.5,0.6985,8.09999999999999,-0.200000000000003,-3.6,2.1,-4.6,-2,-9.2,-2.3,5.3,-1.2,9.8,0.900000000000006,-10,14.9
"154",2016,1,10,"VCU",75,7,"Oregon State",67,-8,"A10","P12",-5,-7,-2.19999999999999,3.89999999999999,-0.0931,-1.2,0.299999999999997,0.300000000000001,-1.9,-4.2,4.5,4.59999999999999,2.5,-3.2,1.4,2.2,-1.3,-2.3,0.4
"155",2016,1,11,"Northern Iowa",75,6,"Texas",72,-3,"MVC","B12",-2,-2,2.5,-1.10000000000001,0.0518000000000001,-3.8,-1,0.200000000000001,0,13,4.6,5.4,13.6,-2.8,-3.1,-3.1,2.1,2.59999999999999,5.3
"156",2016,1,4,"Duke",93,13,"UNC Wilmington",85,8,"ACC","CAA",5,2,11.7,-2,0.1936,2.5,2,-1.6,-2.5,1.1,4.6,5,-29.9,0,2.8,4.1,0.100000000000001,-2.59999999999999,4.9
"157",2016,1,1,"Kansas",105,16,"Austin Peay",79,26,"B12","OVC",3,16,17.5,-18.7,0.6161,4.40000000000001,-8.7,-2.4,-0.100000000000001,0.300000000000004,-2.1,-8.4,6,1.7,-9.9,6.59999999999999,-3.9,-0.400000000000006,22.9
"158",2016,1,7,"Wisconsin",47,10,"Pittsburgh",43,4,"B10","ACC",3,2,-5.10000000000001,-3.40000000000001,-0.015,-2.6,-1.9,-0.399999999999999,1.7,-3.8,0.199999999999999,1.9,1.2,-3.8,-3.6,-0.100000000000001,2,-2.2,-1.4
"159",2016,1,3,"Miami FL",79,14,"Buffalo",72,7,"ACC","MAC",1,8,14.3,-5.90000000000001,0.3457,4.6,-1.5,-2.3,-0.300000000000001,-1.7,0.800000000000001,-0.899999999999999,-8.7,4.2,-1.9,3.8,0.100000000000001,-5.90000000000001,12.7
"160",2016,1,11,"Wichita State",65,6,"Arizona",55,-10,"MVC","P12",0,0,5.8,7.90000000000001,-0.0299,4.7,1.5,3.5,-7.2,3.3,1.3,6.4,-16.1,3,3.6,5.8,-1.1,2.3,3.2
"161",2016,1,2,"Villanova",86,15,"UNC Asheville",56,30,"BE","BSth",8,15,21.9,-8.5,0.4216,6.5,-2.59999999999999,-2.3,-1.6,-3.4,0.0999999999999979,-7.7,-3,7.2,-8,4.1,4.3,-4.3,15.2
"162",2016,1,2,"Oklahoma",82,15,"Cal State Bakersfield",68,14,"B12","WAC",7,8,14.8,-1.60000000000001,0.222,5,2,0.100000000000001,-3.8,-2.9,0.800000000000001,-5,-13.8,-0.299999999999997,2.5,7.90000000000001,0.300000000000004,2.39999999999999,11.5
"163",2016,1,9,"Connecticut",74,8,"Colorado",67,-7,"Amer","P12",-3,-4,-2.7,1.8,-0.066,-3.1,2.3,2.5,-2.8,6.2,-4.3,10.9,0.300000000000004,-6,2.3,2.1,2.7,3,-0.5
"164",2016,1,12,"Arkansas Little Rock",85,5,"Purdue",83,-2,"SB","B10",2,-2,9.60000000000001,-3.3,0.1584,1.7,-1.6,2.1,-7.3,8.3,-6.1,3.9,-10.2,3.9,-2.8,-1.5,0.5,5.10000000000001,2.3
"165",2016,1,3,"Texas A&M",92,14,"Green Bay",65,27,"SEC","Horz",3,7,6.09999999999999,-12,0.3397,1.40000000000001,-4.1,1.6,-0.400000000000002,3.9,-2.8,-4.1,-3.5,2.8,-4.4,-0.899999999999999,-3,-8.89999999999999,9.7
"166",2016,1,2,"Xavier",71,15,"Weber State",53,18,"BE","BSky",2,5,15.3,-5.2,0.363,-3.1,0.399999999999999,-2.2,3.7,9.3,0.399999999999999,-4,5.5,-5.5,3.4,0.799999999999997,-4.5,4.7,11.4
"167",2016,1,9,"Butler",71,8,"Texas Tech",61,-10,"BE","B12",-1,-3,-5.10000000000001,0.300000000000011,-0.0672,-2.6,-0.100000000000001,3.3,0.399999999999999,-0.900000000000002,4.8,2.90000000000001,-2.9,-0.699999999999996,-1.9,-4.7,1.8,-2,-0.7
"168",2016,1,7,"Iowa",72,10,"Temple",70,2,"B10","Amer",0,1,8.10000000000001,-1.60000000000001,0.1535,4.3,1.6,1,2.6,2.8,1.6,6.4,-3.7,3.8,2.40000000000001,3.7,0.100000000000001,3.3,2.1
"169",2016,1,1,"Oregon",91,16,"Holy Cross",52,39,"P12","Pat",2,15,21.7,-10.7,0.6765,4.4,-4.3,-0.699999999999999,0.599999999999998,11,0.899999999999999,4.2,-1.4,5.4,-6.7,1.8,0.5,4.40000000000001,21.2
"170",2016,1,8,"Saint Joseph's",78,9,"Cincinnati",76,2,"A10","Amer",3,6,4.2,4.09999999999999,-0.006,1.90000000000001,2.5,-2,-4.2,-8.4,-4.8,4.2,-2,4.59999999999999,7.90000000000001,-2.09999999999999,-4.6,4.90000000000001,3.1
"171",2016,1,3,"Utah",80,14,"Fresno State",69,11,"P12","MWC",2,3,9.5,-2.8,0.2161,6.7,-0.799999999999997,3.1,-5.7,-0.800000000000001,-1.9,0.199999999999996,-23.4,8.5,-3.9,1.9,4.1,-2.89999999999999,6.5
"172",2016,1,13,"Hawaii",77,4,"UC Berkeley",66,-11,"BW","P12",2,-3,5.5,-2.2,0.1061,0.300000000000004,-0.600000000000001,-0.400000000000002,-5.7,2,-1.1,-3.7,-2.7,-3,-3.3,4.09999999999999,4.7,-2.60000000000001,1.4
"173",2016,1,9,"Providence",70,8,"USC",69,-1,"BE","P12",-1,-3,5,3.3,0.0159,4.2,-2,0.5,-3.9,1.7,1.3,-2.2,0.300000000000001,1.4,-3.2,6.6,0.200000000000003,2.8,-3.2
"174",2016,1,10,"Syracuse",70,7,"Dayton",51,-19,"ACC","A10",-4,2,-6.40000000000001,-1,-0.0673,1.6,-0.399999999999999,0.5,-2.4,-4.8,-11.1,5.4,4.8,4.3,-4.4,-1.6,4.2,3,2.7
"175",2016,1,12,"Yale",79,5,"Baylor",75,-4,"Ivy","B12",4,-1,10.2,3.60000000000001,0.0715,-0.600000000000001,4.5,-1.3,2,0.700000000000003,4.5,-3.1,5.3,-1.6,3.6,1.4,4.2,0.600000000000009,3.6
"176",2016,1,11,"Gonzaga",68,6,"Seton Hall",52,-16,"WCC","BE",-1,-2,-6.60000000000001,-3.09999999999999,-0.0224,-5.40000000000001,0.600000000000001,2.3,4.4,2.6,4.8,6,5.7,-5.5,-0.100000000000001,-3.09999999999999,1.4,2.2,3.2
"177",2016,2,5,"Maryland",73,13,"Hawaii",60,13,"B10","BW",3,0,8,1.3,0.0894,3.3,1.6,0.799999999999997,-3.4,-1.3,3.5,-8.4,-13.2,1.7,0.700000000000003,4,2.1,-3.5,3.2
"178",2016,2,6,"Notre Dame",76,14,"Stephen F. Austin",75,1,"ACC","Slnd",6,0,8,6.8,0.00339999999999996,-0.799999999999997,0,-2.4,-11.1,-0.799999999999997,1.4,-1.4,-14.2,-1.6,-3.2,0.5,4.1,-2.7,3.5
"179",2016,2,1,"North Carolina",85,9,"Providence",66,19,"ACC","BE",5,9,14.6,-0.5,0.1338,4.6,-1.2,-0.700000000000001,-2.4,10.3,-0.300000000000001,-5,2.4,5.9,-5.2,0.600000000000001,3.90000000000001,2.40000000000001,5.2
"180",2016,2,5,"Indiana",73,4,"Kentucky",67,-6,"B10","SEC",1,0,1.90000000000001,-3.30000000000001,0.0349,-5.2,-5.3,-3.4,-0.899999999999999,0.299999999999997,2.7,3.9,10.6,-3.2,-6.3,-5,-1.7,-1.3,1.8
"181",2016,2,1,"Virginia",77,9,"Butler",69,8,"ACC","BE",4,7,1.7,-7.59999999999999,0.0700999999999999,2.2,-1.3,0.6,0.199999999999999,-2.3,-2.3,-7.2,-2.4,2.7,-2.8,1,0.900000000000006,-7.3,6.6
"182",2016,2,3,"Miami FL",65,11,"Wichita State",57,8,"ACC","MVC",1,2,9.10000000000001,8.7,-0.0118,5.3,3.59999999999999,1.8,-5.8,-1.6,5.9,3.3,-16.3,4,4.8,5.2,1.7,0.200000000000003,6.7
"183",2016,2,11,"Gonzaga",82,3,"Utah",59,-23,"WCC","P12",0,-1,-1.60000000000001,2.8,-0.0430999999999999,-0.100000000000001,3.2,1.1,0.200000000000001,-2.9,1.8,3.5,-5.1,1.2,0.100000000000001,-1.5,6.8,-1.3,3.5
"184",2016,2,1,"Kansas",73,9,"Connecticut",61,12,"B12","Amer",1,7,10.4,-3,0.093,4.2,0.600000000000001,1.5,0.300000000000001,3.6,-1.2,9,1.9,2.8,1.4,4.8,-0.100000000000001,3.19999999999999,10.4
"185",2016,2,2,"Villanova",87,7,"Iowa",68,19,"BE","B10",7,13,8.69999999999999,-4.89999999999999,0.0850000000000001,4.8,-1.3,1.5,1.8,-3.7,-1.9,1.1,5,8.7,-4.6,-1.2,2.6,-3.09999999999999,6.9
"186",2016,2,2,"Oklahoma",85,10,"VCU",81,4,"B12","A10",1,4,6.10000000000001,-0.100000000000009,0.0515,3.3,-2,2,-3.7,-2,2.8,0.799999999999997,-8.5,-1.9,-3.3,7,0,0.5,8.1
"187",2016,2,10,"Syracuse",75,15,"Middle Tennessee",50,25,"ACC","CUSA",4,0,8,-5.90000000000001,0.2633,-1.7,-2.1,1,1,4.8,9.6,0.5,-14.4,-0.599999999999994,0.100000000000001,-3.2,-4,-3,2.9
"188",2016,2,3,"Texas A&M",92,11,"Northern Iowa",88,4,"SEC","MVC",2,6,3.3,-4.5,0.1017,-2,-1.3,2.2,2.2,17.1,1.8,4,7.5,0,-3.3,-3.1,0.899999999999999,4.7,7.3
"189",2016,2,7,"Wisconsin",66,2,"Xavier",63,-3,"B10","BE",-1,6,8.2,0.799999999999997,0.0720000000000001,2.9,-0.300000000000004,0.299999999999997,0.699999999999999,2.1,-1.7,3.7,0,3.2,3.8,1.4,-6.3,8.30000000000001,7.3
"190",2016,2,1,"Oregon",69,8,"Saint Joseph's",64,5,"P12","A10",1,2,4.2,-1.39999999999999,0.0563,1.09999999999999,0.799999999999997,1.8,4.1,5.8,4.7,2.9,7,0.300000000000004,-3.1,1.7,5.1,-1.90000000000001,3.3
"191",2016,2,4,"Duke",71,12,"Yale",64,7,"ACC","Ivy",7,3,12.1,3.30000000000001,0.0913,1.5,2.8,-5.6,-0.400000000000002,-6.09999999999999,10.4,-1.1,-8,-0.399999999999999,3.4,2.5,1.3,1.90000000000001,4.3
"192",2016,2,4,"Iowa State",78,12,"Arkansas Little Rock",61,17,"B12","SB",2,-5,13.8,1.89999999999999,0.143,5.2,3.9,0.0999999999999996,-4.2,-0.5,0.600000000000001,-5.4,-13.4,7.8,3.8,0.5,2.6,8.5,1.5
"193",2017,1,8,"Arkansas",77,9,"Seton Hall",71,6,"SEC","BE",3,5,6,4.2,0.0161,1.5,-1.2,-2.9,1,-3.8,8.8,0.5,3,0.399999999999999,-1.3,2.7,-0.899999999999999,2.09999999999999,1.2
"194",2017,1,4,"West Virginia",86,13,"Bucknell",80,6,"B12","Pat",2,2,7.10000000000001,-9.8,0.2146,-4,0.799999999999997,-1.9,7.9,11.1,4,1.7,9.4,-4.5,0,-1.7,1.09999999999999,0.799999999999997,8.5
"195",2017,1,7,"Michigan",92,10,"Oklahoma State",91,1,"B10","B12",6,6,-3.5,-4.7,0.0145,3,-1.3,-4,-0.800000000000001,-13.6,-1.9,-7.3,-18.2,5.9,-2.4,-1.8,1.4,-8.90000000000001,0.5
"196",2017,1,11,"Xavier",76,6,"Maryland",65,-11,"BE","B10",-6,0,-2.19999999999999,0,-0.0265,0.5,-4.1,0.600000000000001,0.5,-4.1,6.8,-2.6,-0.799999999999997,-1,-6.9,1.8,0.800000000000004,0.199999999999989,2.1
"197",2017,1,5,"Notre Dame",60,12,"Princeton",58,2,"ACC","Ivy",7,3,11.7,1,0.1216,0.399999999999999,0.399999999999999,-1.2,-1.5,3.2,6.1,4.2,-5.3,0.399999999999999,1.3,0.799999999999997,-0.700000000000003,4.09999999999999,6.3
"198",2017,1,2,"Kentucky",79,15,"Northern Kentucky",70,9,"SEC","Horz",5,8,12.8,-12.8,0.4147,0.5,-2.2,-3.1,2.2,2.3,1.3,4.4,3,1.3,-1.90000000000001,-0.400000000000006,-1.8,4.40000000000001,13.9
"199",2017,1,1,"North Carolina",103,16,"Texas Southern",64,39,"ACC","SWAC",4,10,20.4,-15,0.6178,3.6,-1,-0.400000000000002,-0.599999999999998,9.6,-9.9,-10,-0.699999999999996,1,-3,5.9,1.4,2.8,12.8
"200",2017,1,3,"UCLA",97,14,"Kent State",80,17,"P12","MAC",1,9,18.7,-3.30000000000001,0.3853,11.6,-1.4,-2.8,-3.2,-9,-1.2,-5.7,-8.9,10.6,-3.2,8.9,1.2,5.09999999999999,13.8
"201",2017,1,5,"Iowa State",84,12,"Nevada",73,11,"B12","MWC",0,-4,6.3,-4.5,0.1244,2.5,0.700000000000003,-1.4,3.6,-4.7,5.3,-13.7,-2.6,2.59999999999999,-1.8,1.8,3.6,-1.40000000000001,4.8
"202",2017,1,5,"Virginia",76,12,"UNC Wilmington",71,5,"ACC","CAA",1,-6,-5.90000000000001,-18.1,0.1596,-2.6,-7.1,1.7,0.599999999999998,-4.2,-4,-4.8,-5.8,-6,-9.1,2.4,-2.3,-11.2,3.5
"203",2017,1,3,"Florida State",86,14,"Florida Gulf Coast",80,6,"ACC","ASun",4,0,7.60000000000001,-8.2,0.2845,-0.199999999999996,-1.4,-1.5,2.1,0,0.199999999999999,4.6,1.4,-1,-5.6,1,3.9,5.59999999999999,7.6
"204",2017,1,1,"Gonzaga",66,16,"South Dakota State",46,20,"WCC","Sum",6,19,9.59999999999999,-23.4,0.5116,3.4,-12.7,-2.2,0.900000000000002,2.9,-2.7,-0.899999999999999,-0.200000000000003,3.59999999999999,-12.4,2.40000000000001,-7.9,3,17.5
"205",2017,1,2,"Duke",87,15,"Troy",65,22,"ACC","SB",2,6,13.3,-11,0.384,3.2,-2.7,-1.5,-0.300000000000001,0.899999999999999,0,-0.800000000000004,-1.6,2.6,-0.600000000000001,2.8,-4.8,0.299999999999997,16.7
"206",2017,1,1,"Kansas",100,16,"UC Davis",62,38,"B12","BW",2,8,24.1,-6.3,0.5439,7.7,-0.600000000000001,-2.7,-1,5,1.4,-4.8,-3.1,6.7,-3.2,5.9,3,1.10000000000001,18.5
"207",2017,1,11,"Rhode Island",84,6,"Creighton",72,-12,"A10","BE",-1,0,3.40000000000001,1.10000000000001,0.0214,6.8,4.9,0.700000000000003,-0.0999999999999979,-8.6,-0.0999999999999979,-11.3,-15.7,5.2,4.8,6.5,3.5,5,3.9
"208",2017,1,9,"Michigan State",78,8,"Miami FL",58,-20,"B10","ACC",-2,1,-0.799999999999997,-1.80000000000001,0.0143,-3,0.899999999999999,-1,2.4,4.2,0.899999999999999,0.799999999999997,-6,-3.1,2.5,-1.7,-1.6,-3.5,2.5
"209",2017,1,2,"Arizona",100,15,"North Dakota",82,18,"P12","BSky",8,10,14.5,-7.10000000000001,0.4045,0.300000000000004,-3,-1.7,-2.2,7.2,-1.8,4.4,-11.1,0.100000000000001,-1.6,0.299999999999997,-3.8,-5.40000000000001,13.2
"210",2017,1,7,"Saint Mary’s",85,10,"VCU",77,8,"WCC","A10",-1,3,9.90000000000001,-2.10000000000001,0.1346,6.8,-2.2,-0.300000000000001,-5.7,1.8,-5.6,-8.6,-14.3,5.4,-0.600000000000001,6.3,-3.8,-8.89999999999999,2.6
"211",2017,1,1,"Villanova",76,16,"Mount Saint Mary’s",56,20,"BE","NEC",0,12,23.3,-9.3,0.5456,6.5,-1.8,-2.1,-1.6,7.1,-7,2.6,-10.5,9.8,-0.399999999999999,1.1,-3,-2.7,19
"212",2017,1,3,"Baylor",91,14,"New Mexico State",73,18,"B12","WAC",3,-1,7,-8.59999999999999,0.2443,-0.200000000000003,-1.8,1.1,-2,4.2,0.899999999999999,-9.4,-5.1,-2,-4.1,1.8,1.9,-4,8.1
"213",2017,1,2,"Louisville",78,15,"Jacksonville State",63,15,"ACC","OVC",1,5,13.2,-12.7,0.4415,-1.2,-3.7,-4.7,3,5.5,0,0.600000000000001,4.4,-0.299999999999997,-0.300000000000004,-1.7,-6.2,4.40000000000001,14.9
"214",2017,1,7,"South Carolina",93,10,"Marquette",73,20,"SEC","BE",4,7,-13.1,-12.8,0.0202,-10.2,-6.7,1.1,6,6.9,2.4,9.2,8.8,-6.8,-5.2,-9.5,-6.2,-1.90000000000001,1.1
"215",2017,1,6,"Cincinnati",75,11,"Kansas State",61,14,"Amer","B12",1,9,3,-2.10000000000001,0.0474,-0.700000000000003,-4.4,-3.8,-1.9,6,-2.9,-8.6,-4.3,0.300000000000004,-4.1,-1.7,-3.8,-1.8,3.9
"216",2017,1,4,"Purdue",80,13,"Vermont",70,10,"B10","AE",1,-2,6.59999999999999,-5.10000000000001,0.1433,0.400000000000006,-0.899999999999999,1.3,-3,1,-2.7,-1,-3.6,-2.8,-0.299999999999997,3.59999999999999,-1.7,4.60000000000001,4.9
"217",2017,1,3,"Oregon",93,14,"Iona",77,16,"P12","MAAC",3,11,8.5,-12.2,0.3442,2.1,-3.6,0.600000000000001,1.3,5.4,-2.6,3.4,-7.1,5.2,-1.6,-1.7,-4.9,-3.3,11.8
"218",2017,1,4,"Florida",80,13,"East Tennessee State",65,15,"SEC","SC",3,0,9.3,-8.19999999999999,0.1981,-4.2,-2.90000000000001,-3.9,-1,2,2.1,-2.59999999999999,-4.2,-4.7,0,-2.3,-4.9,-1.3,7.1
"219",2017,1,10,"Wichita State",64,7,"Dayton",58,-6,"MVC","A10",-4,-7,-5.60000000000001,4.8,-0.107,-0.600000000000001,3.90000000000001,0.699999999999999,1.6,-8.6,3.2,3,0.100000000000001,0.299999999999997,5.2,-1.8,1.1,-0.400000000000006,-2.6
"220",2017,1,12,"Middle Tennessee",81,5,"Minnesota",72,-9,"CUSA","B10",-1,-7,-1.90000000000001,-3.69999999999999,0.0326000000000001,-5.4,-2.8,0.500000000000002,-2.2,-0.400000000000002,6.4,9.6,-9,-6.1,-2.6,-2.6,-1.9,5.10000000000001,1.7
"221",2017,1,4,"Butler",76,13,"Winthrop",64,12,"BE","BSth",3,-1,12.4,-4.39999999999999,0.2932,1.1,4.09999999999999,-2.8,1,0.899999999999999,-1.4,-1.1,2.5,3.6,5.4,-1.3,1.2,-5.09999999999999,7.3
"222",2017,1,8,"Wisconsin",84,9,"Virginia Tech",74,10,"B10","ACC",4,5,-3.90000000000001,-10.5,0.0854,-4.8,-3.5,-0.199999999999999,3,12.5,-4.6,-8,0.699999999999999,-3.5,-5.9,-4.4,1.3,-5.59999999999999,1.8
"223",2017,1,11,"USC",66,6,"SMU",65,-1,"P12","Amer",-1,4,6.7,-6.5,0.146,2.4,-4.1,1.2,0.400000000000002,6.2,-5,-0.799999999999997,0.600000000000001,0,-3.1,4.4,-4.7,-5.3,5.1
"224",2017,1,8,"Northwestern",68,9,"Vanderbilt",66,2,"B10","SEC",1,5,-1.3,1.40000000000001,-0.0334,-2.4,-2,-2.2,1.8,6,3.6,-4.3,5.4,0.699999999999996,-2.8,-3.4,-0.5,-0.0999999999999943,1.9
"225",2017,2,7,"Michigan",73,2,"Louisville",69,-4,"B10","ACC",-4,-1,-5.7,-6.09999999999999,0.0103,-5.6,-6.2,1.8,0.100000000000001,12,-1.5,3.9,11.6,-5.8,-5.2,-3,-6.2,5.40000000000001,3.1
"226",2017,2,4,"West Virginia",83,5,"Notre Dame",71,12,"B12","ACC",1,2,-3.89999999999999,-7.10000000000001,0.0293,-2.3,-0.300000000000004,3,8.9,10.6,1.1,10.3,15.8,-1.1,-1.7,-2.2,1.5,3.90000000000001,0.5
"227",2017,2,1,"North Carolina",72,8,"Arkansas",65,7,"ACC","SEC",3,7,6.09999999999999,-8.3,0.1276,0.300000000000004,0.300000000000004,-0.400000000000002,0.100000000000001,9.4,-9.2,-3.8,-7.5,1,-0.400000000000006,-1,0.699999999999996,1.8,4.5
"228",2017,2,4,"Purdue",80,5,"Iowa State",76,4,"B10","B12",0,3,-3.40000000000001,-3.10000000000001,0.00319999999999998,0.700000000000003,-1.3,4.2,-2.9,5.1,-7.2,5.7,-2.7,0.900000000000006,-0.899999999999999,0.299999999999997,-1.4,0.800000000000011,-0.9
"229",2017,2,4,"Florida",65,5,"Virginia",39,26,"SEC","ACC",2,4,4.8,2,0.00990000000000002,-0.799999999999997,-0.300000000000004,1.3,0.300000000000001,3.8,5,14.2,0.200000000000003,0.599999999999994,0.600000000000001,-2.6,-1.2,9.90000000000001,1.4
"230",2017,2,2,"Kentucky",65,10,"Wichita State",62,3,"SEC","MVC",3,1,1.09999999999999,-0.900000000000006,0.0114,-1.3,3.7,-0.5,-0.100000000000001,-0.700000000000003,3.5,0.5,-1.6,2.2,6.3,-4.90000000000001,-0.599999999999998,3.7,4.9
"231",2017,2,1,"Gonzaga",79,8,"Northwestern",73,6,"WCC","B10",3,13,6.59999999999999,-8.90000000000001,0.1164,6.9,-5,0.199999999999999,-0.799999999999997,-0.800000000000001,-4.4,8.5,-9.2,7.5,-4,4,-4.3,4.59999999999999,5.7
"232",2017,2,1,"Kansas",90,9,"Michigan State",70,20,"B12","B10",1,11,9.90000000000001,-0.400000000000006,0.0811000000000001,2.1,1.4,-2.9,2.7,4.9,2.4,2.5,-4.7,0.700000000000003,1.2,3.1,1,3.30000000000001,10.6
"233",2017,2,2,"Arizona",69,7,"Saint Mary’s",60,9,"P12","WCC",3,3,-0.400000000000006,1.8,-0.0177,-4.09999999999999,2.40000000000001,-0.899999999999999,2.1,0.100000000000001,4.1,12.7,2,-5.4,3,-0.399999999999999,1,5.89999999999999,4
"234",2017,2,8,"Wisconsin",65,1,"Villanova",62,-3,"B10","BE",-1,5,7.7,0.5,0.0356,5.4,0.600000000000001,0.100000000000001,0.600000000000001,-5.7,1.9,2.1,-5.9,8.1,6,1,-6.5,1.19999999999999,6
"235",2017,2,7,"South Carolina",88,2,"Duke",81,-7,"SEC","ACC",1,2,13.4,6.59999999999999,0.0353,7.5,1.9,-2.1,-7,-2.3,-1.8,-0.900000000000006,-13.3,7.6,3.5,4.5,-1.3,0.100000000000009,6.9
"236",2017,2,3,"UCLA",79,6,"Cincinnati",67,12,"P12","Amer",0,1,7.59999999999999,7.5,-0.0117,7.8,3.5,-0.200000000000001,-4.4,-6.4,-0.799999999999997,-5.7,-3.7,7,3.9,6.1,2.1,9.19999999999999,1
"237",2017,2,11,"Xavier",91,3,"Florida State",66,-25,"BE","ACC",-3,2,-0.199999999999989,-2.7,0.0301,1.8,-3.7,-2,2,-0.700000000000003,4.3,-2.7,3.9,2.4,-7.1,0.200000000000003,1.5,4.39999999999999,4.3
"238",2017,2,4,"Butler",74,12,"Middle Tennessee",65,9,"BE","CUSA",-1,-6,6.5,0.300000000000011,0.0699000000000001,0.5,2.9,-0.6,-0.199999999999999,-2.9,3.2,7.1,-1.2,0.899999999999999,4.2,-0.299999999999997,0.5,1.40000000000001,3.5
"239",2017,2,3,"Baylor",82,11,"USC",78,4,"B12","P12",-2,1,3.10000000000001,-6.69999999999999,0.126,0.299999999999997,-4,4.9,-0.799999999999997,8.8,-2,-2.9,6.1,1.2,-2.2,-0.900000000000006,-4.59999999999999,-5,6.6
"240",2017,2,3,"Oregon",75,11,"Rhode Island",72,3,"P12","A10",3,8,6.7,-0.299999999999997,0.0604,4.7,1.4,0.700000000000003,-0.0999999999999979,-0.399999999999999,-0.199999999999999,-4.8,-18.7,3.3,0.700000000000003,4.7,1.7,0.700000000000003,5.6
"241",2018,1,10,"Butler",79,7,"Arkansas",62,-17,"BE","SEC",0,2,0.600000000000009,5.10000000000001,-0.0585,-0.200000000000003,-1.5,-0.6,-0.100000000000001,1.2,7.1,11.3,5.5,-3.09999999999999,-1.3,3.8,-1.59999999999999,2,1.1
"242",2018,1,5,"West Virginia",85,12,"Murray State",68,17,"B12","OVC",7,0,10.3,-5,0.1904,-4.6,2.7,-1.1,5.3,4.1,2.5,-6,13.6,-5.6,-2.2,-1.90000000000001,7.1,3.40000000000001,5
"243",2018,1,3,"Michigan",61,14,"Montana",47,14,"B10","BSky",8,7,7.7,-8,0.2191,2.7,-0.699999999999996,-3.4,-1.7,-8,-1.2,-7.6,-11.4,3.3,0.5,1.5,-2,-3.19999999999999,8
"244",2018,1,5,"Kentucky",78,12,"Davidson",73,5,"SEC","A10",4,5,-1.2,-6.7,0.0770000000000001,-5.6,-4.40000000000001,4.1,0.600000000000001,13.1,7.6,19.4,2.7,-5.3,-2.3,-3.2,-4.9,4.5,7.2
"245",2018,1,2,"North Carolina",84,15,"Lipscomb",66,18,"ACC","ASun",7,3,17.5,-4.7,0.3867,0.5,-1.9,-3.3,-3.6,10,1.2,-12.6,-12.4,-2.2,-7.5,3.2,4.2,-3.30000000000001,10.3
"246",2018,1,3,"Michigan State",82,14,"Bucknell",78,4,"B10","Pat",0,5,10.9,-7,0.2587,3,-5.09999999999999,2.2,-2.4,10,-0.899999999999999,-6.7,-3.8,0.200000000000003,-8.6,5.3,0.600000000000001,-4.90000000000001,11
"247",2018,1,16,"UMBC",74,1,"Virginia",54,-20,"AE","ACC",1,6,12.5,-15.5,0.4649,0.5,-7.3,-3.2,0.199999999999999,1.1,-2.7,-5.7,-4.6,2,-8.2,0.0999999999999943,-4,-8.8,16.2
"248",2018,1,13,"Marshall",81,4,"Wichita State",75,-6,"CUSA","Amer",-2,0,12.1,0.200000000000003,0.2038,0.399999999999999,-0.5,-0.699999999999999,-2.1,13,-9.7,1.7,4.3,-1.7,-2.7,2.2,1.3,-5.80000000000001,5.9
"249",2018,1,4,"Gonzaga",68,13,"UNC Greensboro",64,4,"WCC","SC",5,5,13.8,-0.299999999999997,0.1985,5.3,-0.399999999999999,-3.7,-4,-0.700000000000003,-0.799999999999997,6.1,-10.1,7.1,-3.2,1.8,3.1,4.3,6.5
"250",2018,1,2,"Duke",89,15,"Iona",67,22,"ACC","MAAC",3,9,13.5,-14.7,0.4259,2,-6.1,1.5,-1.5,14.3,-0.800000000000001,4.4,-6.3,4.5,-6.3,-1.09999999999999,-3.8,-0.599999999999994,13.9
"251",2018,1,1,"Kansas",76,16,"Penn",60,16,"B12","Ivy",7,7,18.5,-1.19999999999999,0.2741,4.6,2.1,0,1.2,5.6,8.6,-6.4,-7.2,2.3,0.600000000000001,5.3,3.3,-0.199999999999989,11.5
"252",2018,1,9,"Kansas State",69,8,"Creighton",59,-10,"B12","BE",-5,-4,6.60000000000001,3.7,0.0252,4.8,1,-1.6,-5.8,-3.4,-7.3,-7.3,-12,5.3,1.1,3.1,0.600000000000001,5.8,-0.5
"253",2018,1,6,"TCU",57,11,"Syracuse",52,5,"B12","ACC",-4,-2,13.5,8.40000000000001,0.0459999999999999,9.6,6.09999999999999,-1.3,-2.1,-0.5,-4.3,-6.4,-0.899999999999999,8.5,5,7.7,5.8,6,2.6
"254",2018,1,11,"Loyola Chicago",64,6,"Miami FL",62,-2,"MVC","ACC",-5,-10,2.8,1.19999999999999,0.0178999999999999,-4.6,1.6,-2.3,-0.599999999999998,7,2.3,-3.1,2.9,-4.4,1.7,-3.4,0.799999999999997,1.8,0.7
"255",2018,1,13,"Buffalo",89,4,"Arizona",68,-21,"MAC","P12",0,0,2.5,-2.3,0.0767,1.5,1.1,1,-1.4,1.3,-4,7,-8.3,2.40000000000001,-0.699999999999996,-0.200000000000003,2.7,-5.5,5.1
"256",2018,1,1,"Villanova",87,16,"Radford",61,26,"BE","BSth",6,13,27.1,-8.7,0.5166,10.2,-1.6,-3.7,-2,-2.4,-0.899999999999999,-1.8,-5,11.9,0.100000000000001,5.1,-2.9,5.39999999999999,17.1
"257",2018,1,9,"Alabama",86,8,"Virginia Tech",83,-3,"SEC","ACC",-3,1,7.3,3.3,0.0505,5.8,2.6,-3.3,-0.0999999999999979,-5.5,-1.5,-5.4,-7.1,3.8,2.3,6.2,1.90000000000001,0.299999999999997,2.4
"258",2018,1,5,"Clemson",79,12,"New Mexico State",68,11,"ACC","WAC",4,-3,5.7,-1.90000000000001,0.1057,1.3,1.2,0,-1.6,-6.6,3.8,4.4,-5.8,-0.399999999999999,-1.8,2.6,4.1,-2.2,2.6
"259",2018,1,3,"Tennessee",73,14,"Wright State",47,26,"SEC","Horz",2,1,14.8,-5.2,0.3587,2.2,-1.59999999999999,-0.700000000000003,-0.600000000000001,4.7,5.8,0.200000000000003,7.7,-0.400000000000006,0.300000000000004,4.5,-2.9,-2.2,9.9
"260",2018,1,2,"Cincinnati",68,15,"Georgia State",53,15,"Amer","SB",3,7,2.8,-13.8,0.2523,-2.7,-3.8,0.300000000000001,1,12.9,-5.2,5.1,-11.8,-0.699999999999996,-2.6,-3.40000000000001,-2.9,-1.5,11
"261",2018,1,4,"Auburn",62,13,"College of Charleston",58,4,"SEC","CAA",2,0,7.2,-7.39999999999999,0.2987,-1.90000000000001,-0.199999999999996,1.3,2.9,6.6,0.100000000000001,3.2,6,-3.3,-1,-0.199999999999996,0.5,7.8,6.4
"262",2018,1,2,"Purdue",74,15,"Cal State Fullerton",48,26,"B10","BW",7,10,21.6,-6.8,0.4724,6.1,-1.2,-4.9,-0.5,2,-0.899999999999999,-10,-11,2.1,0.5,8.2,-3.2,-2,13.1
"263",2018,1,7,"Texas A&M",73,10,"Providence",69,4,"SEC","BE",0,1,2.8,-1.2,0.0613,1.8,-3.4,1.8,-3.7,5,-1.7,-6.6,-4.2,3,-5.8,-0.300000000000004,0.399999999999999,2,0
"264",2018,1,1,"Xavier",102,16,"Texas Southern",83,19,"BE","SWAC",-1,13,16.8,-14.7,0.6281,5.4,-1.3,0,-0.5,1.7,-9.4,-1.9,-5.6,7.4,0.399999999999999,1.3,-3.2,-0.899999999999991,19.7
"265",2018,1,6,"Houston",67,11,"San Diego State",65,2,"Amer","MWC",3,5,4.59999999999999,-1,0.0610999999999999,1.59999999999999,-3.1,0.5,0.100000000000001,2.2,0.800000000000001,-2.5,12,-1.5,-4,4.6,-0.900000000000006,-0.599999999999994,3.9
"266",2018,1,7,"Nevada",87,10,"Texas",83,4,"MWC","B12",3,10,9.60000000000001,8.8,-0.00850000000000006,4.8,1.1,-3.5,0,-2.7,0.199999999999999,3.3,3.9,0.899999999999999,3.2,7.2,-1.5,4.10000000000001,1.1
"267",2018,1,9,"Florida State",67,8,"Missouri",54,-13,"ACC","SEC",-3,-3,-2.2,-0.400000000000006,-0.0211,0.899999999999999,-1.7,3,-3.4,-2,-1.9,1.3,-2.1,-3.3,0,4,-2.8,-5.7,-0.5
"268",2018,1,6,"Florida",77,11,"Saint Bonaventure",62,15,"SEC","A10",0,-5,5.60000000000001,-5.8,0.1647,-0.800000000000004,-0.299999999999997,-2,-0.399999999999999,-0.600000000000001,1.4,-7.9,-6,-0.899999999999999,-3.1,-1.6,3.2,-1.90000000000001,0
"269",2018,1,5,"Ohio State",81,12,"South Dakota State",73,8,"B10","Sum",3,-3,2.8,-6.10000000000001,0.1165,-0.199999999999996,-1.3,3.1,3.7,5.6,1.9,-4.3,3.9,4,-3.7,-4,1.5,-3.3,3.9
"270",2018,1,3,"Texas Tech",70,14,"Stephen F. Austin",60,10,"B12","Slnd",6,-1,8.90000000000001,-5.59999999999999,0.2338,-1.1,-3.3,-2.9,-4.2,0.899999999999999,0.199999999999999,-1.2,-12.3,-0.600000000000001,-2.3,-1.5,-3.3,-4.5,6.5
"271",2018,1,8,"Seton Hall",94,9,"North Carolina State",83,11,"BE","ACC",1,1,2.2,-3.09999999999999,0.0692,-0.5,-1.3,1,-2.7,0.899999999999999,-3.6,1,-3.9,-0.100000000000001,-3.6,-0.700000000000003,2.2,-2.09999999999999,1.6
"272",2018,1,7,"Rhode Island",83,10,"Oklahoma",78,5,"A10","B12",2,8,-4.89999999999999,-2.2,-0.0362,-2.4,-0.600000000000001,-2,5.8,2.6,-1.8,-3.1,15,-2.9,1.5,-0.699999999999996,-3,-7.10000000000001,0.5
"273",2018,2,5,"Kentucky",95,13,"Buffalo",75,20,"SEC","MAC",2,-1,1.3,-7.10000000000001,0.1239,-3,-2,2.1,-1.3,3.8,1.9,14.1,-7.2,-3.09999999999999,-0.399999999999999,-1.4,-3,-3.8,5.6
"274",2018,2,9,"Florida State",75,1,"Xavier",70,-5,"ACC","BE",0,6,7.7,1.3,0.058,2.7,1.5,-0.600000000000001,-3.7,-2.1,-6.7,4,-6.8,2.3,4.4,2.2,-2.1,-0.799999999999997,7.9
"275",2018,2,1,"Kansas",83,8,"Seton Hall",79,4,"B12","BE",5,9,4.3,-1.8,0.0483,4.6,-1.2,-1.2,0.5,-4.9,2.8,-8.2,-5.2,3.6,-1.4,3.6,-0.5,-0.799999999999997,5.7
"276",2018,2,1,"Villanova",81,9,"Alabama",58,23,"BE","SEC",4,16,20.5,-1.2,0.1651,7.6,0.700000000000003,-5.3,-0.5,0.200000000000003,-3.8,-12.5,-9.8,5.5,2.1,7.5,-1.1,-0.300000000000011,11.7
"277",2018,2,11,"Syracuse",55,3,"Michigan State",53,-2,"ACC","B10",-2,7,12.9,2.2,0.1003,10,-3.5,0.0999999999999979,-4.9,2.3,-3.8,-4.6,-0.699999999999999,8.6,-6.7,8.4,1.9,4,8.4
"278",2018,2,5,"Clemson",84,4,"Auburn",53,-31,"ACC","SEC",-1,1,1.5,3.80000000000001,-0.0312,-2.1,2.5,-1,3.3,4.9,1.7,6.3,10.9,-2.9,3.8,-0.899999999999999,-0.100000000000001,6.59999999999999,0.4
"279",2018,2,7,"Texas A&M",86,2,"North Carolina",65,-21,"SEC","ACC",2,4,9.5,2.39999999999999,0.0602,0.600000000000001,3.2,-2.5,1,3.5,-1.8,-4,-1.6,-1.5,-0.400000000000006,3,5.4,2.3,5.2
"280",2018,2,3,"Michigan",64,6,"Houston",63,1,"B10","Amer",5,6,-0.399999999999991,-3.5,0.0278,0.600000000000001,2.2,-3.5,0.399999999999999,-8.3,-0.900000000000002,-1.9,-11.6,4.2,3,-3.5,0.900000000000006,-3.5,4.5
"281",2018,2,7,"Nevada",75,2,"Cincinnati",73,-2,"MWC","Amer",-1,2,-7.30000000000001,-14.8,0.0955,-3.59999999999999,-6.1,3.5,3.6,11.8,-1.1,-0.299999999999997,-3.3,-1.9,-9.3,-3.90000000000001,-0.800000000000001,-4.5,3.4
"282",2018,2,3,"Texas Tech",69,6,"Florida",66,3,"B12","SEC",3,6,-2.5,-2.40000000000001,0.00380000000000003,1.2,-2.3,3.5,1.7,4.2,-1.8,6.7,5.6,3.5,-1.5,-1.1,-2.90000000000001,-0.900000000000006,3.3
"283",2018,2,4,"Gonzaga",90,5,"Ohio State",84,6,"WCC","B10",3,7,1.2,0.600000000000009,0.00380000000000003,2.9,-1.6,-1,-0.5,2.8,-2.1,1,-0.399999999999999,3.5,-2,1.5,-0.100000000000001,2.3,0.4
"284",2018,2,2,"Duke",87,7,"Rhode Island",62,25,"ACC","A10",3,3,12.6,-4.39999999999999,0.1604,4.8,-4,2.2,-5.3,7.8,1.8,4.5,-18.3,5.6,-5.2,2,-1.2,1.30000000000001,5
"285",2018,2,9,"Kansas State",50,16,"UMBC",43,7,"B12","AE",4,0,7.5,-8.5,0.3621,0.399999999999999,-2.5,0,0.900000000000002,0,3.6,3.6,6,5.3,-2.1,-4.1,-2,-2.8,7.4
"286",2018,2,11,"Loyola Chicago",63,3,"Tennessee",62,-1,"MVC","SEC",-2,-6,3.7,-3.40000000000001,0.0781,-6.90000000000001,-0.699999999999996,-1.2,1,11.3,5.2,3.3,12.4,-9.3,-1,-1.8,-0.199999999999999,0.699999999999989,4.4
"287",2018,2,5,"West Virginia",94,13,"Marshall",71,23,"B12","CUSA",2,1,12.1,-6.7,0.272,-4.3,0,-0.699999999999999,4.9,14.6,-2.2,-1.8,15.2,-6.7,-3.3,-0.600000000000001,3,-4.7,7.1
"288",2018,2,2,"Purdue",76,10,"Butler",73,3,"B10","BE",2,9,7.10000000000001,0.400000000000006,0.0416,3.7,-4.9,0.100000000000001,-1.8,0.399999999999999,3.4,9.5,-11.1,-0.199999999999996,-4,6.3,-4.09999999999999,-0.399999999999991,5.9
"289",2019,1,12,"Liberty",80,5,"Mississippi State",76,-4,"BSth","SEC",1,-6,7.7,-2.8,0.1552,-1.3,1.4,2,-1,9.5,3.2,6,-0.600000000000001,-3,0.100000000000001,0.900000000000006,2.40000000000001,5.5,5.1
"290",2019,1,2,"Michigan",74,15,"Montana",55,19,"B10","BSky",4,4,8.39999999999999,-17.6,0.3853,-4.5,-6,-3.4,-1.2,-2.7,-0.0999999999999979,-4.1,-13.2,-3.8,-5,-3.59999999999999,-5.3,-2.09999999999999,12.4
"291",2019,1,2,"Kentucky",79,15,"Abilene Christian",44,35,"SEC","Slnd",7,3,16.6,-10.9,0.4504,1.1,-3.2,1.3,-5.4,9.8,-3,7.9,-11.5,3.4,-6.2,-2.3,1,-0.199999999999989,11.4
"292",2019,1,1,"North Carolina",88,16,"Iona",73,15,"ACC","MAAC",3,12,14.9,-17.4,0.5538,-0.100000000000001,-3.4,-0.100000000000001,-0.199999999999999,10.2,-7.9,-6.6,-0.100000000000001,-1.1,-2.4,1.1,-3.1,4.09999999999999,20.4
"293",2019,1,2,"Michigan State",76,15,"Bradley",65,11,"B10","MVC",5,12,18.8,-9.5,0.4427,5.5,-3.7,-0.300000000000001,-3.5,7.2,-0.300000000000001,-2.7,-8.1,7.8,-4.6,0.799999999999997,-1.2,2.09999999999999,18.6
"294",2019,1,11,"Ohio State",62,6,"Iowa State",59,-3,"B10","B12",0,3,10.6,2.8,0.0791000000000001,4.40000000000001,0.100000000000001,-2.4,0.600000000000001,0.699999999999999,4.2,-3.7,-8.2,5.3,-0.799999999999997,2.1,0.899999999999999,1.89999999999999,3.4
"295",2019,1,1,"Virginia",71,16,"Gardner Webb",56,15,"ACC","BSth",6,12,17,-16.7,0.4884,0.400000000000006,-5.8,-2.4,-0.699999999999999,8,-5.9,-9.2,-1.3,-1.1,-4.7,1.8,-4.8,-8,16.1
"296",2019,1,4,"Florida State",76,13,"Vermont",69,7,"ACC","AE",4,2,4.7,-7.19999999999999,0.1822,-2.1,-1.5,2.1,1.2,5.5,4.8,-0.100000000000001,8.2,-0.700000000000003,-1,-2.7,-1.6,3.3,8.6
"297",2019,1,1,"Gonzaga",87,16,"Fairleigh Dickinson",49,38,"WCC","NEC",4,12,18.9,-20.4,0.625,4.8,-7.8,-4.8,-1.2,2,-6.4,-0.400000000000006,-3.5,10.4,-7.9,-3.8,-4.9,4,16.3
"298",2019,1,1,"Duke",85,16,"North Dakota State",62,23,"ACC","Sum",5,13,12.3,-19.8,0.5277,0.100000000000001,-8.6,1.8,5,14.9,3.6,1,-2.5,5.9,-7.6,-5.9,-7.1,7.09999999999999,19.8
"299",2019,1,4,"Kansas",87,13,"Northeastern",53,34,"B12","CAA",2,3,3.80000000000001,-10.1,0.238,-3.9,-4.3,2.2,1.5,7.4,3.3,-1.8,0,-3.2,-7,-3.2,-0.100000000000001,4,11.1
"300",2019,1,6,"Villanova",61,11,"Saint Mary’s",57,4,"BE","WCC",2,4,1.5,2.60000000000001,-0.0189,-0.599999999999994,1.5,0.699999999999999,1.7,-0.899999999999999,4.7,5.3,-0.900000000000002,1.40000000000001,0.5,-2.59999999999999,2.2,1,4.4
"301",2019,1,4,"Virginia Tech",66,13,"Saint Louis",52,14,"ACC","A10",-1,3,16.5,-2.3,0.2758,8.9,2.1,-2,2.2,-6.4,2.1,-7.5,-7.2,5.7,2.3,9,1.3,-2.60000000000001,8.2
"302",2019,1,6,"Maryland",79,11,"Belmont",77,2,"B10","OVC",2,-4,-3.30000000000001,-7.7,0.0737,-6.2,-2.8,4.2,-1.9,8.8,-0.199999999999999,4.3,-0.799999999999997,-8.40000000000001,-2.5,-2.1,-2.5,-4.8,3
"303",2019,1,13,"UC Irvine",70,4,"Kansas State",64,-6,"BW","B12",-2,-6,0.799999999999997,-9.8,0.1693,-1.9,4.1,-0.100000000000001,6.1,-5.4,-1.3,1.9,-2.3,-1.2,8.3,-2.5,-2.5,-1.69999999999999,5.8
"304",2019,1,9,"Baylor",78,8,"Syracuse",69,-9,"B12","ACC",0,0,-4.09999999999999,-5,0.0222,-1.6,-1,-1.2,4.5,-7.7,4,4.5,-2.2,-1.90000000000001,-0.600000000000001,-0.800000000000004,-1.6,0.700000000000003,-0.5
"305",2019,1,2,"Tennessee",77,15,"Colgate",70,7,"SEC","Pat",2,7,13.7,-10.3,0.3527,-0.600000000000001,-2.6,-3.5,0.199999999999999,1.4,3.1,4.9,6.7,1.9,-5.8,-2.8,1.5,0.899999999999991,14.3
"306",2019,1,10,"Iowa",79,7,"Cincinnati",72,-7,"B10","Amer",0,5,-3.8,-6.8,0.0486,-3.7,-2.9,-1.2,2.5,7.6,-0.0999999999999979,-4.7,1.7,-3.8,-8.4,-1.9,3.1,-5.90000000000001,2.6
"307",2019,1,5,"Auburn",78,12,"New Mexico State",77,1,"SEC","WAC",6,0,9.5,-3,0.1265,0.299999999999997,2.8,-1,5.5,-5.4,10.3,-3.7,3.9,-5,3.4,4.1,1.3,2.2,4.7
"308",2019,1,3,"Purdue",61,14,"Old Dominion",48,13,"B10","CUSA",1,0,23.5,-0.299999999999997,0.32,6.4,3.4,-2,0.100000000000001,2.4,2.2,1,-0.699999999999999,7.4,3.7,2.5,1.8,1.09999999999999,7.9
"309",2019,1,10,"Minnesota",86,7,"Louisville",76,-10,"B10","ACC",-2,-2,2.5,-3.2,0.0739,2.7,-2.8,0.399999999999999,-0.799999999999997,-2.3,-2.5,-6.7,3.8,2.1,-2.7,2.5,-2,-0.200000000000003,-0.4
"310",2019,1,7,"Wofford",84,10,"Seton Hall",68,16,"SC","BE",-2,10,8.5,0.199999999999989,0.1143,7.6,0.299999999999997,-1.4,-0.699999999999999,2.3,-4,-6.7,-0.999999999999996,3.3,1.9,9,-1.4,-3.30000000000001,4.4
"311",2019,1,9,"Oklahoma",95,8,"Mississippi",72,-23,"B12","SEC",-1,0,2.8,4.80000000000001,-0.0347,2.7,3.5,1.2,3.3,4.4,1.5,-0.400000000000002,10.4,3,2.40000000000001,1.2,4.1,-0.599999999999994,-1.6
"312",2019,1,3,"Houston",84,14,"Georgia State",55,29,"Amer","SB",4,9,9.3,-10.6,0.3021,-1.6,-7.8,0.100000000000001,-2.8,11.4,-7.8,-3.8,6.4,0.0999999999999943,-8.2,-2.6,-4.9,-4,9.1
"313",2019,1,6,"Buffalo",91,11,"Arizona State",74,17,"MAC","P12",1,9,4.89999999999999,-2.3,0.1069,2.8,-1.2,-2.7,1.3,0,0,-11.1,-6.7,4.90000000000001,2,0.100000000000001,-4.1,3,5.4
"314",2019,1,3,"LSU",79,14,"Yale",74,5,"SEC","Ivy",6,6,7.40000000000001,-5.90000000000001,0.2047,-4.4,2.6,0.0999999999999979,4.9,10.4,6.2,7,2,-3.1,1.6,-4.6,2.7,-1,8.2
"315",2019,1,12,"Oregon",72,5,"Wisconsin",54,-18,"P12","B10",-4,-2,0.100000000000009,-3.10000000000001,0.0402,-0.899999999999999,-1.2,-3.2,-3.7,-5.1,-2.3,-2.1,-8.1,-1.9,-4.7,0.799999999999997,2.5,-0.400000000000006,7.4
"316",2019,1,3,"Texas Tech",72,14,"Northern Kentucky",57,15,"B12","Horz",5,5,7.40000000000001,-16.1,0.2977,-1.1,-6.1,-0.100000000000001,4.4,-3.2,2.7,-1.9,1.4,-2.2,-8,0.5,-2.3,-1.8,9.2
"317",2019,1,10,"Florida",70,7,"Nevada",61,-9,"SEC","MWC",-2,9,2.2,4.30000000000001,-0.0329,3.90000000000001,-0.399999999999999,-3.3,-3.2,-3.4,-7.3,10.9,-5.6,5.4,-2.2,1.3,1.6,6.5,3.1
"318",2019,1,12,"Murray State",83,5,"Marquette",64,-19,"OVC","BE",3,-4,1.3,-2.69999999999999,0.0672,-1.3,-0.200000000000003,2.2,-2.8,-2.6,-4.6,1.6,8.5,-6.2,-3.2,3.9,3.5,0.299999999999997,1.5
"319",2019,1,9,"Washington",78,8,"Utah State",61,-17,"P12","MWC",-2,1,5.7,3.7,0.0232,1.8,-1,-1.6,-6.9,2.9,-12.6,2,0.299999999999997,2.3,-3.8,0.700000000000003,1.9,2.3,-1.1
"320",2019,1,9,"UCF",73,8,"VCU",58,-15,"Amer","A10",0,1,-8.10000000000001,-5.7,-0.0142,-2.8,-1.9,2.4,5.4,1.5,1,-9.59999999999999,7.4,1.1,-0.700000000000003,-6,-2.8,3.3,-0.9
"321",2019,2,2,"Michigan",64,10,"Florida",49,15,"B10","SEC",1,10,4.3,-6,0.0718,1.8,-4,-4,-4.4,-5.9,-7.4,-2.4,-9.5,2.3,-4.2,0.800000000000004,-2.5,1.60000000000001,8.5
"322",2019,2,1,"North Carolina",81,9,"Washington",59,22,"ACC","P12",0,2,14.5,-1.69999999999999,0.1485,0.799999999999997,1.4,-2.6,-5.9,6.2,-12.1,-4.5,-5.6,0.200000000000003,1.9,1.2,0.100000000000001,8.7,6.9
"323",2019,2,1,"Virginia",63,9,"Oklahoma",51,12,"ACC","B12",4,15,12.5,-3.19999999999999,0.0956,4.8,-2.8,-2.3,0.199999999999999,4.6,-2.4,-2.2,3.2,2.8,-0.0999999999999943,4.9,-4.4,-9.59999999999999,8.6
"324",2019,2,1,"Gonzaga",83,9,"Baylor",71,12,"WCC","B12",3,13,8.80000000000001,-9.3,0.1344,7.8,-4.9,-4.8,0.399999999999999,-6.4,-2.6,3,-10.6,10.2,-4.1,2.2,-4.1,5.40000000000001,6.1
"325",2019,2,1,"Duke",77,9,"UCF",76,1,"ACC","Amer",5,8,6.2,-4.09999999999999,0.0666,0.700000000000003,-0.399999999999999,-0.100000000000001,1.4,6.1,-0.100000000000001,-12.1,-5.2,6,0.5,-5.7,-1.4,7.19999999999999,9.2
"326",2019,2,4,"Virginia Tech",67,12,"Liberty",58,9,"ACC","BSth",2,-3,8.59999999999999,-6.19999999999999,0.1929,-0.299999999999997,0.100000000000001,0.100000000000001,1.1,4.4,0.800000000000001,5.2,-6.4,-3.5,0.700000000000003,2.6,-0.599999999999994,1.59999999999999,5.6
"327",2019,2,5,"Auburn",89,4,"Kansas",75,-14,"SEC","B12",-3,-4,-8.39999999999999,-2.8,-0.0327999999999999,-1.8,-3.90000000000001,2,-6.4,-1.5,-4.9,1.6,-8.6,0.899999999999999,-5.4,-3.1,-1.2,2.2,2.2
"328",2019,2,3,"Purdue",87,6,"Villanova",61,26,"B10","BE",0,0,8.2,-4.60000000000001,0.1091,0.399999999999999,-1.4,-1.1,0.600000000000001,4.2,-0.699999999999999,-4.5,3.5,-2.2,-2.5,2.2,-0.0999999999999943,1.90000000000001,2.5
"329",2019,2,2,"Kentucky",62,7,"Wofford",56,6,"SEC","SC",5,0,1.09999999999999,-7.3,0.0676,-4.5,-3.3,2.5,-1.2,5,0.300000000000001,14.1,-5,-1,-7,-6,1.7,-0.199999999999989,4.8
"330",2019,2,2,"Tennessee",83,10,"Iowa",77,6,"SEC","B10",1,8,6.7,-5.39999999999999,0.1103,2.59999999999999,-3.4,-1.4,-0.399999999999999,1.8,0.800000000000001,-9,6.1,4,-8.8,0.300000000000004,3,-2.10000000000001,6.7
"331",2019,2,3,"Houston",74,11,"Ohio State",59,15,"Amer","B10",2,13,7.90000000000001,-3.3,0.111,1.8,-5.8,-2.2,0,6.8,0.100000000000001,-2.1,5.5,1.59999999999999,-4.9,1.4,-4.8,0.0999999999999943,6.9
"332",2019,2,2,"Michigan State",70,10,"Minnesota",50,20,"B10","B10",3,10,9.5,-5.3,0.1313,7,-5.6,1.4,-2,2.5,-2,-8,-0.699999999999999,5.8,-6.8,6.1,-2.4,-0.200000000000003,8
"333",2019,2,13,"UC Irvine",73,12,"Oregon",54,-19,"BW","P12",2,-6,0.899999999999991,-5.89999999999999,0.1229,0.700000000000003,2.3,0.300000000000001,4.2,-4.1,1.8,0.699999999999999,0.899999999999999,1.5,8.09999999999999,-0.799999999999997,-4.9,-1.19999999999999,-1.8
"334",2019,2,3,"LSU",69,6,"Maryland",67,2,"SEC","B10",1,5,6.30000000000001,3.3,0.0206000000000001,-0.199999999999996,4,-1.5,6,2.6,6,4.3,6.5,2.1,4.7,-3,1.8,3.5,3.1
"335",2019,2,3,"Texas Tech",78,6,"Buffalo",58,20,"B12","MAC",3,-1,1.60000000000001,-10.1,0.0877,0.100000000000001,-4.3,1.7,2.5,-4.3,1.8,0.199999999999996,4.7,-2.90000000000001,-7.4,2.8,0.399999999999999,-7.40000000000001,1.5
"336",2019,2,4,"Florida State",90,12,"Murray State",62,28,"ACC","OVC",6,1,1.3,-7.69999999999999,0.1294,-4.3,0.700000000000003,1.7,0.900000000000002,0.799999999999997,-3.7,2.3,8.3,-5.3,-3,-1.7,4.6,-0.200000000000003,6.4
"337",2021,1,2,"Houston",87,15,"Cleveland State",56,31,"Amer","Horz",0,5,20.7,-9.8,0.4841,0.699999999999996,-6,-2.2,1.4,8.5,-3.8,-1.2,5.2,-2.2,-7.9,3.6,-2.3,-1.2,6.7
"338",2021,1,10,"Rutgers",60,7,"Clemson",56,-4,"B10","ACC",-3,1,-0.799999999999997,0,-0.00959999999999994,0.199999999999996,1,3.1,2.7,-0.799999999999997,-2.5,-4.1,-3.6,-2.7,0.100000000000001,3.5,1.6,-3.39999999999999,1
"339",2021,1,3,"West Virginia",84,14,"Morehead State",67,17,"B12","OVC",-1,-5,16.6,-1.40000000000001,0.3268,-3.2,3.2,-5.9,2.7,4.3,6.4,2.6,5.4,-5.4,3.7,1,1.6,4,5
"340",2021,1,11,"Syracuse",78,6,"San Diego State",62,-16,"ACC","MWC",1,7,-1.7,-7.59999999999999,0.0789000000000001,2,-1.8,0.899999999999999,1.7,-0.200000000000003,-9.1,6.2,7.6,-0.399999999999999,-4.7,3.8,1.2,-3.40000000000001,2.3
"341",2021,1,4,"Oklahoma State",69,13,"Liberty",60,9,"B12","ASun",4,-3,0.200000000000003,-9.2,0.1781,-5.3,-0.799999999999997,5.8,2,8.8,7.8,10.9,0.899999999999999,-4,-0.899999999999999,-5,-0.500000000000004,8.2,6.3
"342",2021,1,12,"Oregon State",70,5,"Tennessee",56,-14,"P12","SEC",-2,1,0.299999999999997,-10.4,0.1783,1.4,-4.5,1,4.4,1.6,-0.799999999999997,1.1,-7.1,2.9,-7.7,-0.800000000000004,0.400000000000002,1.80000000000001,4
"343",2021,1,8,"Loyola Chicago",71,9,"Georgia Tech",60,11,"MVC","ACC",1,7,-4.5,-6.5,0.0316,2.4,-5.5,2.6,-1.1,1.2,-8.7,1.7,-6.5,3.2,-5.2,0.800000000000004,-4.2,-3.8,-0.2
"344",2021,1,1,"Illinois",78,16,"Drexel",49,29,"B10","CAA",10,11,9.8,-14.6,0.3771,1.3,-3,-1.4,-0.299999999999997,3.6,-2.1,10.7,3.3,1.8,-5,0.399999999999999,0.600000000000001,6.3,13.4
"345",2021,1,15,"Oral Roberts",75,2,"Ohio State",72,-3,"Sum","B10",7,5,15.1,-10.1,0.4359,-0.5,-1.5,-0.399999999999999,-3.2,5.9,-5.6,9.8,0.699999999999996,2.4,-1.6,-2.3,-1.5,-4.5,11.1
"346",2021,1,7,"Florida",75,10,"Virginia Tech",70,5,"SEC","ACC",2,-1,1.3,-1.09999999999999,0.0322,0,-0.899999999999999,3.4,2.9,2.3,7.2,0.599999999999994,3.9,0.199999999999996,0.799999999999997,0,-2.4,2.09999999999999,0.5
"347",2021,1,3,"Arkansas",85,14,"Colgate",68,17,"SEC","Pat",13,8,-0.399999999999991,-8.8,0.1356,-5.6,1.9,3.6,3.7,3.8,0.599999999999998,1.6,4.2,-3.5,-2.6,-6.3,6.5,1.19999999999999,4.3
"348",2021,1,6,"Texas Tech",65,11,"Utah State",53,12,"B12","MWC",0,-3,7.09999999999999,2.2,0.0488,-0.0999999999999943,2.3,-3.5,4.1,-1.5,8.4,9.9,10.3,-0.899999999999999,1.9,1.1,2.1,-3.3,2
"349",2021,1,13,"North Texas",78,4,"Purdue",69,-9,"CUSA","B10",2,1,8,-1.69999999999999,0.1416,-2.6,2.9,-1.7,-4.5,4.3,-2.8,5,-1.4,-0.799999999999997,4.90000000000001,-3.8,-0.100000000000001,3.3,6.3
"350",2021,1,5,"Villanova",73,12,"Winthrop",63,10,"BE","BSth",-2,-7,13.7,-0.200000000000003,0.2101,-0.200000000000003,2.8,-6,-3.5,-7.7,2.6,-5.7,-8,-0.200000000000003,1.8,-0.0999999999999943,3,-8.7,2.3
"351",2021,1,9,"Wisconsin",85,8,"North Carolina",62,-23,"B10","ACC",-1,1,-2.5,1.19999999999999,-0.0386,-0.899999999999999,0.800000000000004,7,1.5,17.5,1.2,8,-1.4,2.6,-0.300000000000004,-4.3,1.4,6.8,0.0999999999999996
"352",2021,1,1,"Baylor",79,16,"Hartford",55,24,"B12","AE",1,7,25.9,-5.09999999999999,0.5203,7.1,1.5,-1.4,4.2,12.7,2.3,-1.6,6.7,2.8,-2.6,9.09999999999999,5.3,1.89999999999999,11.5
"353",2021,1,2,"Alabama",68,15,"Iona",55,13,"SEC","MAAC",13,12,9.90000000000001,-11.4,0.3893,0.0999999999999943,-0.300000000000004,-3.8,1.5,-1.9,3.7,-7.5,-14.4,0.200000000000003,0.600000000000001,-0.399999999999999,-1.3,5.40000000000001,10
"354",2021,1,10,"Maryland",63,7,"Connecticut",54,-9,"B10","BE",-6,-1,4.59999999999999,-0.200000000000003,0.0452999999999999,-3.1,-2.3,0.800000000000001,2.7,16,5,-3,11.3,-3.8,-0.799999999999997,-1.3,-2.7,0.299999999999997,1.9
"355",2021,1,14,"Abilene Christian",53,3,"Texas",52,-1,"Slnd","B12",3,-4,12,-1.2,0.2081,0,1.3,0.800000000000001,-8.9,0.699999999999999,-1,0,-5.8,1.6,-0.5,-2,3.2,-0.900000000000006,5.3
"356",2021,1,11,"UCLA",73,6,"BYU",62,-11,"P12","WCC",-1,3,0.5,-4.2,0.0641,3,-4.1,2.4,-1.6,-1.8,-1.1,-4.8,1.4,3.9,-3.9,0.599999999999994,-2.7,3.5,2.3
"357",2021,1,4,"Florida State",64,13,"UNC Greensboro",54,10,"ACC","SC",-7,-5,15.5,-3.5,0.2952,6.2,-1.6,4.5,-1.4,3,5.5,8.9,-0.100000000000001,1.8,-4.09999999999999,9,1.4,2.10000000000001,6
"358",2021,1,5,"Colorado",96,12,"Georgetown",73,23,"P12","BE",5,9,5.2,0.299999999999997,0.0529,2.4,-0.299999999999997,-4.9,3.6,-1.5,-1.7,-0.400000000000002,2.1,4.2,-0.899999999999999,0.100000000000001,0.699999999999996,-3.2,3.6
"359",2021,1,8,"LSU",76,9,"Saint Bonaventure",61,15,"SEC","A10",7,2,8.2,6.89999999999999,0.000400000000000067,2.3,3,-0.799999999999997,-1.1,-2.1,4.4,6.1,0.800000000000001,3.7,6.2,-0.399999999999999,-0.600000000000001,5.7,0.3
"360",2021,1,1,"Michigan",82,16,"Texas Southern",66,16,"B10","SWAC",1,4,20.8,-12.4,0.6214,6.6,-1.6,-5.1,-4.1,-3.5,-0.899999999999999,-10,-9.3,2.3,-2.90000000000001,11,1.1,-4.89999999999999,11.7
"361",2021,1,2,"Iowa",86,15,"Grand Canyon",74,12,"B10","WAC",9,4,20.8,-0.299999999999997,0.2639,1.6,3.4,-7.1,-0.300000000000001,-1.7,6,-2.7,-7,-3.3,0.899999999999999,6.4,4.9,4.59999999999999,8.8
"362",2021,1,3,"Kansas",93,14,"Eastern Washington",84,9,"B12","BSky",5,4,0.799999999999997,-11.1,0.2235,-4.3,-0.5,1.2,3.5,7,1.1,0.100000000000001,-1.2,-4.90000000000001,-1.7,-2.1,1,-4,7.8
"363",2021,1,6,"USC",72,11,"Drake",56,16,"P12","MVC",2,-3,0.200000000000003,-9.59999999999999,0.1544,-2.4,-3,2.9,-1.4,4.1,2.4,12.3,-4.9,-2.3,-7.5,-1.8,3.4,0.5,2.1
"364",2021,1,13,"Ohio",62,4,"Virginia",58,-4,"MAC","ACC",2,2,2.69999999999999,-6.8,0.1364,0.300000000000004,-3.2,-1.6,-4.8,-5.6,-4.8,-7.6,-5.6,-1.1,-5.5,1.5,0.299999999999997,-9.4,5.4
"365",2021,1,5,"Creighton",63,12,"UC Santa Barbara",62,1,"BE","BW",4,-2,6.5,-3.3,0.141,2.7,-0.800000000000004,-0.699999999999999,-3,-3.4,3.7,-8.6,-2.3,2.9,-0.5,1.90000000000001,-1.3,3.3,3.7
"366",2021,1,8,"Oklahoma",72,9,"Missouri",68,4,"B12","SEC",0,-1,-0.299999999999997,-0.5,0.00429999999999997,-0.100000000000001,0.399999999999999,-3.1,0.300000000000001,-1.3,-1.7,-8.4,-13.6,-1.8,-2,1.8,2.7,-1,-1.8
"367",2021,1,1,"Gonzaga",98,16,"Norfolk State",55,43,"WCC","MEAC",5,10,26,-14.3,0.6093,11.3,0.100000000000001,-1.7,-0.399999999999999,1.6,-5.3,-1.9,-16.1,17.9,-0.400000000000006,-0.899999999999999,0.800000000000001,6.69999999999999,13.5
"368",2021,2,2,"Houston",63,10,"Rutgers",60,3,"Amer","B10",0,9,13.9,-1,0.1156,1.09999999999999,-4.8,-0.0999999999999979,2.7,12,-1.1,3,9.2,-2,-4.4,4.4,-3.6,-2.8,2.1
"369",2021,2,11,"Syracuse",75,3,"West Virginia",72,-3,"ACC","B12",2,2,3.10000000000001,-2.3,0.0644,-2,1.7,1,-0.100000000000001,5.5,-2.2,11.3,3.4,-4.5,2,2,0.699999999999996,0.199999999999989,2.5
"370",2021,2,12,"Oregon State",80,4,"Oklahoma State",70,-10,"P12","B12",0,3,0.799999999999997,-7.3,0.1461,3.4,-3.2,4.2,0.800000000000001,2.1,0.800000000000001,2.4,-7.7,5.9,-5.6,-0.800000000000004,0.300000000000001,6.5,6.2
"371",2021,2,8,"Loyola Chicago",71,1,"Illinois",58,-13,"MVC","B10",3,-1,9.2,2.10000000000001,0.0403,-0.699999999999996,-0.100000000000001,-0.300000000000001,-5.5,7,1.2,8.5,8.1,-2.7,-0.100000000000001,1.9,0.200000000000003,6.8,7.2
"372",2021,2,15,"Oral Roberts",81,7,"Florida",78,-3,"Sum","SEC",0,-2,3.59999999999999,-13.7,0.3767,-1.1,-2.9,5,2.3,7.5,-1.5,6,1.7,2.2,-0.600000000000001,-3.09999999999999,-5,-2.80000000000001,6.5
"373",2021,2,3,"Arkansas",68,6,"Texas Tech",66,2,"SEC","B12",1,5,-1.89999999999999,-1,-0.00599999999999989,1.8,-0.299999999999997,1.2,-3.5,-2.1,-3.5,-6.59999999999999,-7.1,3.2,2.1,-0.800000000000004,-2.5,7.39999999999999,3.7
"374",2021,2,5,"Villanova",84,13,"North Texas",61,23,"BE","CUSA",-3,-1,13.5,2.10000000000001,0.1498,-1.2,6.09999999999999,-6.9,-2.4,0,-2.1,2.8,-5.9,-0.100000000000001,6.2,-2.09999999999999,3.8,1.8,5.7
"375",2021,2,1,"Baylor",76,9,"Wisconsin",63,13,"B12","B10",-5,5,11.9,4.09999999999999,0.0385,8.1,1.2,4.1,6.8,13.8,5.8,0.100000000000001,3.2,7.8,1,5.8,1,3.8,4.4
"376",2021,2,2,"Alabama",96,10,"Maryland",77,19,"SEC","B10",2,8,1,-4.90000000000001,0.0608,-1.3,-3.2,1.8,4.2,10.6,5,-4,6.3,-2.7,0,0.200000000000003,-5.5,8.5,6.6
"377",2021,2,11,"UCLA",67,14,"Abilene Christian",47,20,"P12","Slnd",3,-6,10.5,2.8,0.1373,-0.899999999999999,5.3,-2.8,-9.1,-0.200000000000003,-3.5,-1.4,-14.5,-0.199999999999996,3.1,-1,6,-5.3,2.1
"378",2021,2,4,"Florida State",71,5,"Colorado",53,18,"ACC","P12",-8,-6,4.09999999999999,0.5,0.026,2.4,-1.2,3.3,-0.199999999999999,4.5,5.8,2.8,8.3,1.8,-2.3,2.3,0,4.10000000000001,-0.1
"379",2021,2,1,"Michigan",86,8,"LSU",78,8,"B10","SEC",-3,2,-1.2,-8.7,0.0652999999999999,2.1,-3.6,0.199999999999999,-3.3,-2.1,-8,-5,-4.6,0.299999999999997,-9,3.7,3.5,-3.5,4.8
"380",2021,2,7,"Oregon",95,2,"Iowa",80,-15,"P12","B10",3,1,10.4,-2.5,0.1141,0.200000000000003,-1.8,-3.5,-4,2.4,1.4,5.2,-4.5,-0.5,-4.1,0.700000000000003,1.2,2.8,2.6
"381",2021,2,6,"USC",85,3,"Kansas",51,-34,"P12","B12",-2,-2,-3.5,-2,-0.00880000000000003,-2.3,1.6,-0.400000000000002,2.6,-4.8,-0.400000000000002,-7,1.7,-2.8,3.7,-1,-1.6,1,0.6
"382",2021,2,5,"Creighton",72,13,"Ohio",58,14,"BE","MAC",6,4,2.5,-6.40000000000001,0.131,-0.0999999999999943,-4.2,-1.2,-2.2,-3.9,0.800000000000001,-2.7,-4.5,-0.100000000000001,-5.5,0.100000000000001,-1.6,-0.200000000000003,5.5
"383",2021,2,1,"Gonzaga",87,8,"Oklahoma",71,16,"WCC","B12",1,11,14.4,-4.7,0.1149,10.2,-1.4,0.300000000000001,1.6,3.1,-4.1,7.6,3.1,13.2,0.5,2.7,-2.9,7,8.2
