,Unnamed: 0,YEAR,ROUND,LSEED,LTEAM,LSCORE,SCORE_DIFF,G,W,ADJOE,ADJDE,BARTHAG,EFG_O,EFG_D,TOR,TORD,ORB,DRB,FTR,FTRD,X2P_O,X2P_D,X3P_O,X3P_D,ADJ_T,WAB,HSEED,HTEAM,HSCORE
0,1,2013,1,11,Minnesota,83,-20,-1,-4,2.59999999999999,-2.3,0.0575,0.199999999999996,-1.9,5.8,0.300000000000001,12.9,-0.799999999999997,8.5,12.1,-0.100000000000001,-4.1,0.400000000000006,1.5,-5.5,-1.2,6,UCLA,83
1,2,2013,1,9,Missouri,72,12,-1,1,3.3,3.2,-0.0055999999999999,-2.0,2.5,-1.7,-1.1,2.7,-5.4,9.1,6.7,-3.0,3.0,0.200000000000003,0.899999999999999,-2.90000000000001,0.7,8,Colorado State,72
2,3,2013,1,12,Mississippi,57,-11,1,4,2.8,11.3,-0.1066,0.5,3.4,0.200000000000001,3.5,1.5,4.9,9.1,5.4,1.4,3.40000000000001,-0.600000000000001,2.4,9.00000000000001,-3.0,5,Wisconsin,57
3,4,2013,1,13,South Dakota State,56,15,6,8,11.8,-10.0,0.2949,1.3,-3.2,-1.8,1.6,3.6,3.3,-4.6,-1.7,3.0,-2.2,-1.0,-3.2,0.799999999999997,9.4,4,Michigan,56
4,5,2013,1,11,Bucknell,56,12,2,-1,4.5,-0.0999999999999943,0.0688000000000001,1.1,4.2,5.1,3.3,6.6,2.0,2.7,6.7,1.90000000000001,4.2,-1.5,2.7,1.3,3.7,6,Butler,56
5,6,2013,1,11,Saint Mary’s,52,2,2,4,-7.80000000000001,-4.7,-0.0238,-1.3,-1.6,2.4,4.2,-1.3,6.1,0.200000000000003,-2.0,-1.2,-0.200000000000003,-0.0999999999999943,-3.7,4.5,2.0,6,Memphis,52
6,7,2013,1,10,Iowa State,76,-18,0,-2,4.3,2.89999999999999,0.008,1.59999999999999,1.2,0.899999999999999,2.6,0.200000000000003,-1.0,1.0,8.1,1.3,2.9,0.399999999999999,-1.4,7.89999999999999,-3.2,7,Notre Dame,76
7,8,2013,1,9,Villanova,71,7,2,5,6.3,2.5,0.0395,2.0,0.700000000000003,-5.7,-0.5,1.5,2.1,-22.4,-13.8,0.299999999999997,3.9,4.0,-2.9,3.7,2.2,8,North Carolina,71
8,9,2013,1,14,Valparaiso,54,11,2,1,3.60000000000001,-10.1,0.1878,-5.1,-1.7,-1.0,-0.300000000000001,4.9,-0.599999999999998,-5.1,-4.4,-5.3,-0.200000000000003,-3.0,-3.7,-1.19999999999999,7.5,3,Michigan State,54
9,10,2013,1,16,James Madison,62,21,0,8,22.5,-9.7,0.4956,7.1,-4.7,2.1,-0.200000000000003,9.4,0.299999999999997,9.0,-12.2,5.8,-3.7,6.7,-4.3,3.59999999999999,16.7,1,Indiana,62
10,11,2013,1,14,Harvard,68,-6,-6,-10,-2.09999999999999,8.80000000000001,-0.2279,5.9,3.3,3.2,1.4,-3.7,3.8,3.9,5.5,5.4,6.9,4.7,-1.3,-0.700000000000003,-9.5,3,New Mexico,68
11,12,2013,1,14,Northwestern State,47,32,9,10,10.9,-16.4,0.3964,6.2,-4.5,-1.4,0.800000000000001,-0.599999999999994,-8.9,-9.3,-10.6,4.3,-5.0,6.8,-2.9,-10.2,7.3,3,Florida,47
12,13,2013,1,10,Oklahoma,55,15,0,1,-4.3,-6.09999999999999,0.0361,0.700000000000003,-2.7,0.600000000000001,-1.4,-1.4,-3.6,-0.100000000000001,-2.5,0.699999999999996,-3.1,0.400000000000006,-1.1,0.0999999999999943,0.1,7,San Diego State,55
13,14,2013,1,15,Iona,70,25,3,9,0.799999999999997,-15.6,0.245,-1.5,-6.2,-0.900000000000002,1.4,-0.999999999999996,-5.2,2.8,-2.7,-1.0,-5.5,-1.1,-5.1,-6.0,13.1,2,Ohio State,70
14,15,2013,1,12,Akron,42,46,4,2,10.4,-2.30000000000001,0.1793,0.299999999999997,5.3,-3.9,8.3,-1.0,4.2,-7.1,5.3,-1.6,7.4,2.4,0.100000000000001,1.59999999999999,2.3,5,VCU,42
15,16,2013,1,16,Southern,58,6,4,11,23.0,-6.5,0.4849,5.8,3.0,0.399999999999999,0.600000000000001,11.6,-1.3,0.5,-5.0,9.0,1.6,-0.200000000000003,2.9,0.0999999999999943,13.3,1,Gonzaga,58
16,17,2013,1,15,Albany,61,12,1,6,17.2,-7.2,0.3785,4.3,-2.8,-5.6,0.5,-2.9,4.1,-0.799999999999997,4.9,4.09999999999999,-1.4,2.9,-4.1,4.59999999999999,12.0,2,Duke,61
17,18,2013,1,16,Western Kentucky,57,7,2,12,11.5,-14.2,0.4619,4.7,-6.4,-1.9,-2.4,-1.0,-1.4,1.9,-5.8,4.6,-8.3,3.7,-2.1,1.7,15.9,1,Kansas,57
18,19,2013,1,10,Cincinnati,63,4,2,6,11.9,6.7,0.0387,12.0,2.6,-0.5,-4.2,-9.9,-2.6,-1.3,-6.6,10.2,3.2,9.8,0.800000000000001,-0.299999999999997,1.8,7,Creighton,63
19,20,2013,1,9,Wichita State,73,-18,6,6,-2.2,-0.0999999999999943,-0.0172,-1.7,0.699999999999996,1.3,-2.0,-2.4,-3.5,-1.0,1.9,-1.9,-0.399999999999999,-1.0,1.8,4.7,-0.9,8,Pittsburgh,73
20,21,2013,1,15,Pacific,49,29,3,9,7.7,-10.3,0.3216,1.4,-4.3,-1.1,-1.6,2.1,-2.4,-3.1,-11.0,3.8,-4.0,-2.7,-2.8,-0.399999999999999,11.4,2,Miami FL,49
21,22,2013,1,11,Belmont,64,17,4,3,5.5,-4.0,0.1165,-4.0,-1.4,-0.100000000000001,-5.2,5.3,-7.5,4.6,-4.1,-6.3,-3.3,-0.100000000000001,2.3,-0.600000000000009,4.5,6,Arizona,64
22,23,2013,1,9,Temple,76,-4,-1,0,-4.5,-1.09999999999999,-0.043,-5.2,2.2,-2.1,3.5,-3.9,-1.2,-5.3,5.1,-4.0,-0.200000000000003,-6.3,5.1,-1.3,-0.7,8,North Carolina State,76
23,24,2013,1,14,Davidson,58,1,2,1,2.40000000000001,-5.09999999999999,0.1061,-3.5,0.900000000000006,3.9,0.699999999999999,9.4,4.6,2.0,-4.7,-0.399999999999999,0.600000000000001,-7.0,0.199999999999996,-0.600000000000009,5.9,3,Marquette,58
24,25,2013,1,13,La Salle,63,-2,0,-2,-1.40000000000001,1.7,-0.0379999999999999,2.8,1.8,-1.1,-0.899999999999999,-9.5,0.400000000000006,-0.399999999999999,-8.3,2.5,4.1,1.90000000000001,-3.1,3.0,-5.1,4,Kansas State,63
25,26,2013,1,13,Montana,34,47,10,7,11.4,-14.8,0.4604,-3.9,-6.0,-0.200000000000003,5.3,13.7,4.0,-3.8,-0.5,-3.5,-5.4,-3.0,-4.9,1.50000000000001,6.5,4,Syracuse,34
26,27,2013,1,16,North Carolina A&T,48,31,4,16,25.3,-11.2,0.6284,4.9,-0.400000000000006,-4.4,3.6,8.4,0.0999999999999943,-2.6,-6.2,5.4,0.0,2.6,-0.199999999999999,0.199999999999989,20.5,1,Louisville,48
27,28,2013,1,10,Colorado,49,8,1,0,4.89999999999999,2.5,0.0236000000000001,-0.799999999999997,2.8,-2.4,2.3,0.0,2.6,-9.9,10.7,0.399999999999999,2.7,-2.7,2.1,0.599999999999994,1.0,7,Illinois,49
28,29,2013,1,15,Florida Gulf Coast,78,-10,3,-1,-4.19999999999999,11.3,-0.2429,0.5,3.9,0.899999999999999,-0.299999999999997,2.1,1.8,-1.59999999999999,-2.59999999999999,2.09999999999999,5.5,-1.9,0.600000000000001,6.59999999999999,-10.6,2,Georgetown,78
29,30,2013,1,12,Oregon,68,-13,4,4,-2.3,-0.0,-0.0255,0.5,1.9,3.2,0.300000000000001,4.5,-3.6,-2.1,-1.8,-0.399999999999999,2.5,1.7,1.0,1.90000000000001,-0.3,5,Oklahoma State,68
30,31,2013,1,13,New Mexico State,44,20,1,5,5.5,-7.8,0.2189,1.1,0.100000000000001,-4.3,5.0,-9.0,-0.699999999999999,-3.0,4.3,0.200000000000003,0.899999999999999,2.2,-0.799999999999997,-0.399999999999991,6.9,4,Saint Louis,44
31,32,2013,1,12,UC Berkeley,64,-3,-1,-3,0.700000000000003,3.89999999999999,-0.0538,-0.899999999999999,0.199999999999996,-1.3,-1.7,-0.799999999999997,3.6,-5.5,2.9,-0.100000000000001,-0.899999999999999,-2.4,2.0,-2.8,-1.3,5,UNLV,64
32,33,2013,2,12,UC Berkeley,60,6,7,9,7.59999999999999,-5.3,0.1322,1.0,-1.7,0.0,6.8,6.3,3.8,5.6,2.9,-0.299999999999997,0.899999999999999,3.2,-5.2,-1.09999999999999,4.6,4,Syracuse,60
33,34,2013,2,6,Butler,72,2,0,0,3.8,0.200000000000003,0.0396,-1.1,-0.5,0.699999999999999,2.1,2.5,6.8,2.5,-4.4,1.4,-0.399999999999999,-4.7,-0.900000000000006,-0.100000000000009,-0.2,3,Marquette,72
34,35,2013,2,6,Memphis,48,22,-1,-5,5.30000000000001,-2.40000000000001,0.0720000000000001,-1.8,-1.0,0.100000000000001,-2.9,0.5,-3.5,-0.600000000000001,-2.5,-0.700000000000003,0.5,-3.1,-2.9,-4.89999999999999,2.2,3,Michigan State,48
35,36,2013,2,9,Temple,52,6,2,5,10.3,-7.2,0.1472,5.7,-5.0,3.4,0.799999999999997,8.2,0.0,10.2,-7.1,3.2,-4.09999999999999,7.5,-4.9,1.0,6.3,1,Indiana,52
36,37,2013,2,15,Florida Gulf Coast,81,-10,3,3,-2.59999999999999,6.8,-0.18,3.1,2.2,2.9,3.9,0.699999999999999,4.9,-0.0999999999999943,3.8,4.0,3.6,0.699999999999996,-0.5,2.3,-4.4,7,San Diego State,81
37,38,2013,2,5,VCU,53,25,2,3,7.7,1.60000000000001,0.0327000000000001,3.3,-1.9,-2.3,-9.8,-4.1,-5.3,-1.4,-17.6,2.9,-2.5,2.8,-0.299999999999997,-3.3,3.6,4,Michigan,53
38,39,2013,2,9,Wichita State,76,-6,5,-1,-8.30000000000001,0.799999999999997,-0.0554,-4.9,0.399999999999999,2.2,-0.800000000000001,0.200000000000003,-3.3,-4.3,8.4,-5.4,1.5,-2.6,-0.699999999999996,-0.0999999999999943,-5.4,1,Gonzaga,76
39,40,2013,2,8,North Carolina,58,12,2,7,0.0,-6.8,0.0612,4.0,-6.5,3.1,-3.1,-0.800000000000004,-2.3,11.3,4.9,6.6,-7.0,-0.800000000000004,-4.1,-3.7,5.0,1,Kansas,58
40,41,2013,2,7,Creighton,50,16,0,2,2.0,-3.5,0.039,-4.3,-0.399999999999999,-3.3,4.3,0.0,5.1,5.0,6.6,-4.90000000000001,0.700000000000003,-1.5,-2.2,2.59999999999999,4.0,2,Duke,50
41,42,2013,2,14,Harvard,51,23,6,8,9.5,-7.7,0.2867,-1.8,-2.6,-1.3,-1.1,9.4,-4.7,-12.2,1.7,-0.899999999999999,-5.5,-2.7,2.5,2.09999999999999,7.2,6,Arizona,51
42,43,2013,2,10,Iowa State,75,3,2,6,-3.60000000000001,-8.89999999999999,0.0578,-3.2,-2.6,-2.3,2.1,-2.4,-0.300000000000001,2.5,-3.2,-2.5,-5.2,-1.8,1.3,-4.3,6.5,2,Ohio State,75
43,44,2013,2,8,Colorado State,56,26,7,11,-0.699999999999989,-13.9,0.0984,1.4,-3.8,1.1,10.5,-3.2,10.1,-4.1,-1.5,2.4,-3.7,-0.800000000000004,-2.3,2.3,7.1,1,Louisville,56
44,45,2013,2,7,Illinois,59,4,2,8,2.60000000000001,-1.90000000000001,0.0458,4.4,-3.0,-0.900000000000002,-3.3,-2.3,-4.6,3.6,-7.7,3.2,-3.4,4.5,-1.5,-3.09999999999999,3.9,2,Miami FL,59
45,46,2013,2,11,Minnesota,64,14,3,8,3.10000000000001,-6.8,0.0644,5.90000000000001,-2.3,-3.8,2.3,-9.4,-4.8,-10.6,-6.8,5.5,-1.0,4.09999999999999,-2.9,-1.3,2.0,3,Florida,64
46,47,2013,2,12,Oregon,74,-17,2,0,-3.2,1.09999999999999,-0.0453,-1.1,0.899999999999999,3.8,-1.6,7.9,-1.9,-5.6,-1.7,-0.899999999999999,0.799999999999997,-0.700000000000003,0.299999999999997,4.5,-0.9,4,Saint Louis,74
47,48,2013,2,13,La Salle,76,-2,-2,-3,2.0,0.600000000000009,0.0176000000000001,2.8,2.9,1.2,-0.199999999999999,-5.1,2.4,-7.5,-2.6,-0.100000000000001,4.4,5.3,-1.1,-4.90000000000001,-1.3,12,Mississippi,76
48,49,2014,1,15,American,35,40,5,10,20.9,-1.8,0.3263,-2.5,0.800000000000004,-10.4,-4.3,1.6,-2.3,7.7,-13.6,-3.8,0.199999999999996,-0.299999999999997,2.2,2.5,13.4,2,Wisconsin,35
49,50,2014,1,15,Wofford,40,17,7,11,25.3,-2.3,0.502,6.90000000000001,-0.100000000000001,-1.6,-2.6,-1.5,1.5,1.9,-12.7,5.3,0.600000000000001,5.6,-1.1,0.5,14.2,2,Michigan,40
50,51,2014,1,9,George Washington,66,5,0,-1,2.39999999999999,0.200000000000003,0.0327999999999999,0.399999999999999,1.2,-0.399999999999999,0.699999999999999,0.699999999999996,1.9,-7.1,0.399999999999999,2.5,1.8,-3.4,-0.199999999999999,2.3,-0.4,8,Memphis,66
51,52,2014,1,9,Kansas State,49,7,7,9,9.3,3.3,0.0589,1.1,0.700000000000003,-0.399999999999999,-2.9,7.3,-3.5,11.5,-8.6,1.7,-1.0,0.100000000000001,2.9,1.10000000000001,3.4,8,Kentucky,49
52,53,2014,1,11,Providence,77,2,-1,2,-1.5,-5.7,0.0634,1.6,-1.9,-0.400000000000002,2.9,2.8,0.5,1.0,7.7,3.2,-2.09999999999999,-1.1,-1.1,5.89999999999999,3.0,6,North Carolina,77
53,54,2014,1,13,Delaware,78,15,3,4,8.89999999999999,-10.7,0.3082,4.1,-3.6,4.0,0.899999999999999,3.8,-5.3,-10.2,2.3,2.6,-6.1,4.5,0.5,-6.09999999999999,8.3,4,Michigan State,78
54,55,2014,1,13,Tulsa,59,17,3,7,13.4,0.799999999999997,0.163,4.9,3.5,-2.2,0.0,-0.399999999999999,-1.0,-8.9,-11.8,3.8,5.4,5.3,-0.800000000000004,1.8,8.1,4,UCLA,59
55,56,2014,1,16,Albany,55,12,5,17,13.1,-14.7,0.4675,3.40000000000001,-2.9,-2.2,3.0,3.4,-0.399999999999999,0.399999999999999,2.1,4.3,-2.5,-0.100000000000001,-1.9,-0.100000000000001,20.3,1,Florida,55
56,57,2014,1,16,Coastal Carolina,59,11,6,12,16.3,-12.5,0.5503,2.8,-3.3,-3.7,0.0999999999999979,-0.300000000000004,-3.5,3.4,-7.1,1.4,-4.6,4.3,-0.100000000000001,-6.3,15.9,1,Virginia,59
57,58,2014,1,16,Cal Poly,37,27,3,22,14.4,-11.4,0.4939,6.4,-4.59999999999999,1.5,0.0999999999999979,4.1,-7.0,13.7,-7.2,8.09999999999999,-5.0,2.0,-2.7,4.7,18.8,1,Wichita State,37
58,59,2014,1,13,New Mexico State,69,4,-1,4,-2.19999999999999,-11.3,0.1575,-6.5,0.0,-3.5,4.5,-1.6,-3.6,-8.8,-1.7,-7.8,0.799999999999997,-1.9,-2.4,-3.09999999999999,8.3,4,San Diego State,69
59,60,2014,1,11,Dayton,60,-1,2,1,4.59999999999999,10.6,-0.0919,2.1,3.59999999999999,0.900000000000002,-3.1,4.3,-0.800000000000001,-1.7,13.2,-0.700000000000003,2.4,5.3,3.9,-0.0,-3.9,6,Ohio State,60
60,61,2014,1,12,Stephen F. Austin,77,-2,-2,4,3.7,11.8,-0.1428,4.4,2.7,-0.300000000000001,-2.0,3.3,-1.9,4.7,11.0,6.7,1.2,-0.0,4.4,-7.3,-1.9,5,VCU,77
61,62,2014,1,9,Oklahoma State,77,8,1,7,-2.0,-1.5,-0.0002999999999999,2.8,-1.7,2.7,-2.6,2.6,-2.5,-8.5,-2.4,2.3,-1.7,2.6,-0.900000000000002,-2.7,2.6,8,Gonzaga,77
62,63,2014,1,14,Mercer,78,-7,-2,-2,-16.3,3.2,-0.2439,0.200000000000003,-2.5,2.9,0.5,-3.2,-0.199999999999999,-1.5,0.200000000000003,1.3,-3.4,-0.700000000000003,0.300000000000001,-1.5,-9.3,3,Duke,78
63,64,2014,1,15,Eastern Kentucky,69,11,3,3,7.10000000000001,-11.9,0.3093,-2.5,-8.6,3.3,-7.8,14.3,-5.2,5.09999999999999,-9.4,-0.200000000000003,-12.4,-4.6,-0.299999999999997,2.2,10.2,2,Kansas,69
64,65,2014,1,14,Louisiana Lafayette,66,10,3,7,14.7,-2.59999999999999,0.2587,7.4,-1.9,-3.8,-3.7,-8.8,-4.0,-10.4,-11.0,6.7,-3.6,4.3,1.0,-4.59999999999999,9.4,3,Creighton,66
65,66,2014,1,16,Weber State,59,9,9,16,10.2,-19.2,0.4805,-2.4,-5.5,-3.3,5.3,8.0,-1.4,-8.7,-0.899999999999999,-0.399999999999999,-6.8,-3.0,-1.7,0.0,16.3,1,Arizona,59
66,67,2014,1,15,Milwaukee,53,20,0,9,10.9,-11.4,0.4137,4.5,-2.8,-2.6,1.5,4.0,-2.5,-0.200000000000003,2.1,4.7,-7.4,2.9,4.3,-0.200000000000003,14.4,2,Villanova,53
67,68,2014,1,12,North Dakota State,80,-5,-3,0,-4.3,3.59999999999999,-0.118,2.8,0.0999999999999943,-0.0999999999999996,-0.699999999999999,-1.8,-2.5,2.2,1.7,6.7,-2.7,-3.2,3.59999999999999,-7.59999999999999,-3.9,5,Oklahoma,80
68,69,2014,1,11,Nebraska,60,14,4,5,11.0,4.5,0.0712999999999999,3.0,1.1,1.1,-3.2,14.4,3.0,2.5,-12.6,0.899999999999999,-1.4,4.7,4.1,-3.50000000000001,1.8,6,Baylor,60
69,70,2014,1,14,Western Michigan,53,24,2,6,9.5,-9.7,0.3551,-3.8,0.399999999999999,-6.1,3.4,7.1,-0.5,-13.2,2.0,-6.0,-2.3,0.5,3.0,-5.5,10.8,3,Syracuse,53
70,71,2014,1,14,North Carolina Central,75,18,4,2,10.7,-1.40000000000001,0.1885,4.0,3.3,-2.7,-7.8,-6.6,-4.6,-13.1,-14.1,3.6,2.8,3.3,3.1,7.5,8.1,3,Iowa State,75
71,72,2014,1,13,Manhattan,64,7,4,6,12.6,-8.80000000000001,0.2191,2.8,-1.5,-4.4,3.3,2.7,-0.599999999999994,-14.3,-14.4,4.0,0.299999999999997,-0.100000000000001,-4.1,-0.799999999999997,5.8,4,Louisville,64
72,73,2014,1,9,Pittsburgh,77,-29,1,3,10.2,-2.0,0.1521,2.40000000000001,-2.7,-3.4,1.4,3.2,2.9,-4.0,6.2,1.5,-1.8,3.3,-3.0,-3.10000000000001,1.7,8,Colorado,77
73,74,2014,1,10,Arizona State,85,2,2,3,2.10000000000001,0.299999999999997,0.0255,-5.0,0.200000000000003,1.2,-0.699999999999999,15.1,0.0,0.899999999999999,3.7,-1.9,-2.4,-6.3,2.6,-0.599999999999994,2.4,7,Texas,85
74,75,2014,1,12,Harvard,61,-4,-3,-1,3.2,3.7,-0.0142,4.4,1.40000000000001,0.200000000000003,-1.3,-6.8,-3.0,9.7,0.299999999999997,3.1,1.7,5.1,0.700000000000003,2.0,-3.1,5,Cincinnati,61
75,76,2014,1,12,North Carolina State,80,3,-3,4,-9.89999999999999,-11.0,0.0411,-0.399999999999999,-3.1,2.8,3.6,-5.3,-6.6,3.3,-7.0,-1.0,-2.9,1.2,-2.5,1.0,3.2,5,Saint Louis,80
76,77,2014,1,10,BYU,68,19,0,2,4.3,-0.5,0.0642,2.9,0.0,0.800000000000001,2.3,-2.7,3.3,-3.8,11.0,1.8,1.2,2.0,-1.3,-3.7,2.0,7,Oregon,68
77,78,2014,1,11,Tennessee,86,-19,3,-1,9.09999999999999,-3.5,0.1422,-0.600000000000001,-0.100000000000001,-2.0,-1.8,5.40000000000001,-4.2,2.59999999999999,-5.7,0.700000000000003,-2.3,-2.7,3.7,-8.7,-3.2,6,Massachusetts,86
78,79,2014,1,10,Saint Joseph's,81,8,6,8,-1.3,-6.2,0.0625,-2.4,-3.2,-1.4,4.3,0.899999999999999,5.0,-5.3,5.1,-4.2,-3.8,0.800000000000004,-1.2,-1.10000000000001,2.6,7,Connecticut,81
79,80,2014,1,10,Stanford,58,-5,2,-4,-1.09999999999999,0.799999999999997,-0.0256999999999999,0.199999999999996,3.0,1.1,2.1,-3.2,-0.0999999999999979,-1.7,5.7,-1.8,4.7,3.2,0.100000000000001,1.0,-3.3,7,New Mexico,58
80,81,2014,2,12,Harvard,73,7,7,3,7.69999999999999,0.0999999999999943,0.0678,2.4,-0.400000000000006,-0.200000000000003,-3.4,0.600000000000001,-1.8,-14.7,4.0,2.4,-1.4,0.600000000000001,0.5,0.700000000000003,4.7,4,Michigan State,73
81,82,2014,2,6,North Carolina,83,2,2,4,5.19999999999999,4.09999999999999,0.002,4.3,0.700000000000003,-2.4,-3.4,-9.3,-2.8,-6.5,-10.7,4.7,-0.700000000000003,2.2,2.4,0.799999999999997,3.3,3,Iowa State,83
82,83,2014,2,9,Pittsburgh,45,16,3,10,-1.19999999999999,-5.59999999999999,0.0314,1.5,-1.3,1.2,2.1,-1.90000000000001,-1.0,-1.9,-5.2,1.2,-2.0,0.799999999999997,0.399999999999999,-0.699999999999996,7.6,1,Florida,45
83,84,2014,2,8,Memphis,60,18,4,7,2.0,-7.5,0.097,-1.1,-4.2,-2.1,-1.9,-1.9,-7.5,2.5,-1.3,-3.7,-7.1,3.9,1.3,-8.3,5.4,1,Virginia,60
84,85,2014,2,8,Kentucky,78,-2,5,-5,0.799999999999997,3.2,-0.0233,-2.5,1.3,1.9,-2.1,7.0,3.5,4.9,1.09999999999999,-2.3,1.3,-1.8,1.1,0.800000000000011,-4.2,1,Wichita State,78
85,86,2014,2,8,Gonzaga,61,23,3,5,2.60000000000001,-5.89999999999999,0.0572,-3.5,-2.3,-1.7,1.7,5.8,-2.2,-0.200000000000003,-4.4,-2.9,-3.09999999999999,-2.6,0.199999999999999,-2.2,5.4,1,Arizona,61
86,87,2014,2,6,Baylor,85,-30,1,-3,-6.0,-2.40000000000001,-0.0259,-7.6,0.200000000000003,2.8,1.0,12.4,4.2,10.9,-0.700000000000003,-8.0,-0.600000000000001,-3.4,1.4,-2.50000000000001,-2.5,3,Creighton,85
87,88,2014,2,7,Texas,65,14,2,4,12.6,3.2,0.0788,8.3,2.9,-2.7,0.800000000000001,-10.2,0.300000000000001,-8.5,-14.3,5.8,7.3,7.5,-3.4,-6.1,4.1,2,Michigan,65
88,89,2014,2,5,Saint Louis,51,15,4,5,13.9,-2.80000000000001,0.1233,3.9,-0.5,-3.3,4.0,8.3,3.7,0.900000000000006,2.8,2.2,-0.100000000000001,5.1,-1.0,1.3,1.5,4,Louisville,51
89,90,2014,2,7,Oregon,77,8,4,6,4.60000000000001,-4.09999999999999,0.0721,-0.200000000000003,-1.9,-3.4,-3.6,-4.1,-4.5,-1.09999999999999,-20.7,0.299999999999997,-3.5,-1.3,1.7,-5.4,5.3,2,Wisconsin,77
90,91,2014,2,12,North Dakota State,44,19,4,6,-4.5,-12.3,0.1347,-7.8,-5.4,-0.4,3.5,5.5,1.5,3.5,-7.8,-10.3,-2.6,-0.5,-7.0,0.0,5.8,4,San Diego State,44
91,92,2014,2,14,Mercer,63,20,3,-1,8.5,-8.39999999999999,0.2381,-4.2,-0.299999999999997,-0.699999999999999,-2.1,7.7,-3.6,4.5,-9.5,-1.0,-2.4,-6.9,3.5,-2.1,3.2,11,Tennessee,63
92,93,2014,2,7,Connecticut,77,-12,6,3,-2.7,-1.2,-0.0089,-2.1,-1.7,-0.0,-0.399999999999999,-2.2,4.1,-6.2,-2.9,-5.7,-0.799999999999997,3.1,-2.3,-2.8,-3.6,2,Villanova,77
93,94,2014,2,11,Dayton,55,-2,3,-2,-1.2,6.3,-0.0968,4.2,0.799999999999997,3.3,-3.1,-4.2,-2.7,2.4,6.3,2.7,2.8,4.6,-1.3,3.90000000000001,-7.3,3,Syracuse,55
94,95,2014,2,10,Stanford,60,-3,1,-2,-7.5,0.900000000000006,-0.0834,-2.90000000000001,0.899999999999999,-2.1,0.600000000000001,-8.0,-0.699999999999999,-3.3,-8.5,-5.6,1.5,2.4,-0.600000000000001,-1.0,-5.8,2,Kansas,60
95,96,2014,2,12,Stephen F. Austin,60,17,4,-2,7.0,-5.0,0.164,1.8,-0.600000000000001,-2.4,-3.3,-8.4,-0.299999999999997,-1.7,-15.0,0.700000000000003,-1.4,3.1,-0.300000000000004,6.7,2.8,4,UCLA,60
96,97,2015,1,12,Wofford,53,3,3,1,10.9,-0.799999999999997,0.2149,-1.1,1.3,-0.300000000000001,2.3,6.3,6.9,-0.300000000000004,2.4,-0.300000000000004,-1.09999999999999,-1.9,4.3,8.7,3.7,5,Arkansas,53
97,98,2015,1,16,Coastal Carolina,72,14,10,16,24.6,-9.40000000000001,0.4341,4.8,0.0,-5.1,-1.1,-2.7,-4.3,-2.7,-12.6,6.7,-1.09999999999999,0.600000000000001,3.7,-4.8,16.4,1,Wisconsin,72
98,99,2015,1,13,Valparaiso,62,3,4,3,5.2,-0.5,0.0913,-0.0999999999999943,0.299999999999997,-0.100000000000001,-1.4,-5.8,3.1,7.9,-5.3,0.0,1.8,-0.799999999999997,-1.6,1.4,6.8,4,Maryland,62
99,100,2015,1,14,Northeastern,65,4,3,9,18.3,-2.40000000000001,0.2815,3.8,-1.9,-7.0,1.8,-2.2,6.9,-4.7,-0.899999999999999,5.2,-1.7,0.399999999999999,-1.8,0.299999999999997,13.2,3,Notre Dame,65
100,101,2015,1,16,Hampton,56,23,4,21,25.5,-18.3,0.6903,5.9,-6.8,-3.9,1.2,7.7,0.900000000000002,0.100000000000001,-13.8,5.6,-5.4,4.5,-6.8,-6.09999999999999,25.7,1,Kentucky,56
101,102,2015,1,13,Harvard,65,2,10,6,17.2,-2.40000000000001,0.245,4.5,-1.2,-0.199999999999999,-2.4,7.6,2.8,-3.7,4.9,5.4,1.1,1.5,-4.0,8.3,7.8,4,North Carolina,65
102,103,2015,1,10,Georgia,63,7,6,6,8.7,0.0,0.0845,4.7,0.5,-1.7,-0.199999999999999,1.3,-1.5,-15.0,4.7,3.59999999999999,0.599999999999994,4.3,0.300000000000001,-0.899999999999999,1.4,7,Michigan State,63
103,104,2015,1,15,Belmont,67,12,2,9,3.39999999999999,-22.7,0.4151,-5.9,-9.0,-4.6,-0.600000000000001,5.4,-5.4,2.7,0.400000000000002,-6.7,-11.1,-2.5,-3.5,-9.2,14.7,2,Virginia,67
104,105,2015,1,10,Indiana,76,5,0,9,-5.2,-11.5,0.0803999999999999,-4.1,-4.5,-2.2,5.4,-0.799999999999997,-4.1,3.5,3.8,-1.3,-8.3,-5.2,2.8,-4.6,4.5,7,Wichita State,76
105,106,2015,1,9,Saint John's,64,12,3,6,-7.5,-7.2,0.0122,-2.7,-2.9,2.9,1.6,8.1,-5.7,0.5,-7.6,-2.3,-2.6,-2.5,-2.0,-5.8,-1.0,8,San Diego State,64
106,107,2015,1,10,Ohio State,75,-3,-1,-2,5.5,-0.900000000000006,0.0730999999999999,5.5,-3.1,1.3,-1.9,1.7,1.4,-2.59999999999999,-10.0,6.7,-3.09999999999999,2.7,-2.3,-0.900000000000006,-0.5,7,VCU,75
107,108,2015,1,15,North Dakota State,76,10,6,13,19.4,-7.60000000000001,0.4463,8.2,-3.9,0.100000000000001,0.600000000000001,7.8,4.3,3.0,-0.199999999999999,11.5,-3.0,1.8,-3.2,3.7,11.7,2,Gonzaga,76
108,109,2015,1,16,Robert Morris,56,29,4,15,24.5,-12.7,0.5478,6.5,-2.8,-3.5,-3.2,4.8,-5.7,4.3,-13.7,8.5,-2.0,1.2,-2.7,0.400000000000006,19.3,1,Duke,56
109,110,2015,1,15,New Mexico State,56,19,4,6,9.69999999999999,-7.5,0.2695,-1.2,-1.8,-2.6,-3.1,-4.4,0.600000000000001,-1.7,1.3,-2.9,-3.0,1.7,0.699999999999999,3.2,13.5,2,Kansas,56
110,111,2015,1,15,Texas Southern,72,21,3,12,15.6,-21.2,0.6329,4.0,-4.2,-3.2,1.9,0.700000000000003,-12.2,0.300000000000004,4.2,3.3,-5.8,3.8,-0.899999999999999,3.0,13.5,2,Arizona,72
111,112,2015,1,16,Lafayette,52,41,4,14,12.1,-23.4,0.5824,-0.5,-8.0,-0.800000000000001,4.8,4.8,-3.3,11.4,2.9,0.200000000000003,-6.2,-1.9,-7.5,-0.399999999999991,18.4,1,Villanova,52
112,113,2015,1,14,Albany,60,9,2,0,6.69999999999999,-13.7,0.36,-0.600000000000001,-5.5,-1.2,-0.400000000000002,-1.1,5.4,-6.2,-2.0,0.300000000000004,-4.0,-1.5,-4.5,6.2,7.8,3,Oklahoma,60
113,114,2015,1,14,Georgia State,57,-1,1,1,-6.8,5.3,-0.1514,2.2,-0.0,-3.8,3.9,-11.9,3.3,-0.899999999999999,7.7,7.3,-3.3,-6.0,3.3,1.1,-8.0,3,Baylor,57
114,115,2015,1,9,LSU,65,1,3,0,6.3,4.0,0.0206999999999999,-1.0,0.899999999999999,-4.2,-4.2,0.0,-2.7,1.8,5.3,-2.8,-0.299999999999997,1.7,2.1,-5.39999999999999,0.6,8,North Carolina State,65
115,116,2015,1,14,UAB,60,-1,1,-6,-14.2,4.5,-0.3382,-6.7,-0.0,4.3,1.2,5.9,3.5,-0.799999999999997,9.6,-7.7,2.2,-3.0,-2.8,-4.5,-14.5,3,Iowa State,60
116,117,2015,1,13,UC Irvine,55,2,4,8,4.30000000000001,-9.39999999999999,0.2088,-3.0,-0.700000000000003,-1.0,4.1,4.7,0.100000000000001,8.5,-2.0,0.600000000000001,0.899999999999999,-7.5,-3.3,1.7,10.4,4,Louisville,55
117,118,2015,1,9,Purdue,65,1,0,2,-4.0,-1.60000000000001,-0.0274,-0.799999999999997,-1.3,1.1,2.3,0.799999999999997,1.4,-4.6,-12.3,-1.3,-0.0999999999999943,0.199999999999996,-3.2,-4.7,-2.3,8,Cincinnati,65
118,119,2015,1,13,Eastern Washington,74,10,1,-1,2.5,-14.1,0.3297,-3.8,-5.2,3.3,2.4,5.0,0.300000000000001,8.7,8.1,-1.7,-6.1,-4.0,-2.5,-3.90000000000001,6.3,4,Georgetown,74
119,120,2015,1,12,Wyoming,54,17,2,8,13.3,-5.2,0.3107,3.7,-1.4,-1.0,1.3,5.0,-0.100000000000001,-0.600000000000001,0.0,-1.1,0.0,7.2,-2.8,-0.700000000000003,6.9,5,Northern Iowa,54
120,121,2015,1,11,Mississippi,57,19,3,2,3.5,-4.10000000000001,0.1012,5.5,2.4,1.6,0.100000000000001,-3.5,-4.1,2.4,-7.90000000000001,6.90000000000001,5.3,1.9,-1.2,-1.09999999999999,1.8,6,Xavier,57
121,122,2015,1,10,Davidson,52,31,3,-1,-4.3,-10.2,0.0776,-7.3,-3.7,3.0,1.9,6.0,-0.0999999999999979,9.5,-5.5,-5.8,-7.7,-5.40000000000001,2.6,-2.60000000000001,0.4,7,Iowa,52
122,123,2015,1,11,UCLA,60,-1,3,-4,0.700000000000003,2.0,-0.021,-2.5,2.8,-1.9,-2.4,-2.8,-0.599999999999998,-8.09999999999999,1.1,-3.9,2.5,0.5,2.9,3.2,-3.1,6,SMU,60
123,124,2015,1,9,Oklahoma State,73,6,4,8,3.59999999999999,3.69999999999999,-0.009,2.09999999999999,1.5,-1.6,-4.4,3.3,-1.1,-9.9,-6.7,1.59999999999999,3.0,2.3,-1.2,2.90000000000001,2.8,8,Oregon,73
124,125,2015,1,12,Stephen F. Austin,50,7,3,-1,3.90000000000001,-10.1,0.1594,-0.399999999999999,-6.0,-2.1,-6.2,-6.3,-1.2,1.5,-14.8,-3.1,-6.9,2.8,-2.5,-5.00000000000001,2.5,5,Utah,50
125,126,2015,1,11,Dayton,66,-13,2,5,-4.59999999999999,0.799999999999997,-0.0762,4.5,-0.900000000000006,-0.200000000000003,1.4,-11.9,-0.600000000000001,7.4,-8.7,3.7,-0.600000000000001,4.3,-0.799999999999997,-1.90000000000001,-2.9,6,Providence,66
126,127,2015,1,12,Buffalo,62,6,2,2,1.2,-4.7,0.0991,-2.6,4.2,2.0,8.3,5.6,0.700000000000003,-2.2,21.2,-2.1,3.8,-2.5,3.5,-0.300000000000011,5.4,5,West Virginia,62
127,128,2015,1,11,Texas,48,8,0,3,-1.8,-2.10000000000001,0.0066999999999999,-0.700000000000003,4.6,-3.1,5.5,-3.2,-3.3,4.2,-1.4,-2.0,9.4,1.8,-4.0,1.1,2.6,6,Butler,48
128,129,2015,2,5,Arkansas,78,9,2,-1,6.39999999999999,-3.5,0.0811,1.6,-2.9,1.3,-4.6,4.3,-3.4,-2.09999999999999,-1.0,2.1,-0.600000000000001,0.899999999999999,-5.2,0.0,2.6,4,North Carolina,78
129,130,2015,2,8,Oregon,65,7,5,11,14.8,-5.5,0.1379,2.5,-0.299999999999997,-4.5,-0.899999999999999,1.9,-7.8,7.1,-13.0,4.0,-2.4,-0.399999999999999,4.3,-7.60000000000001,8.3,1,Wisconsin,65
130,131,2015,2,5,West Virginia,69,-10,0,-3,0.0999999999999943,-0.700000000000003,0.0114,-5.1,7.2,-0.199999999999999,10.8,11.2,0.600000000000001,-4.1,27.4,-2.5,7.7,-6.0,4.7,4.09999999999999,-2.8,4,Maryland,69
131,132,2015,2,8,Cincinnati,51,13,5,15,13.8,-8.3,0.1462,2.0,-4.5,-4.7,1.4,2.2,-0.499999999999996,6.8,5.6,1.6,-3.1,2.0,-4.8,3.2,14.4,1,Kentucky,51
132,133,2015,2,7,Michigan State,60,-6,5,-3,4.2,8.5,-0.0321,2.6,2.6,1.8,-1.4,-0.799999999999997,2.8,-2.2,10.4,1.09999999999999,3.7,3.3,0.699999999999999,5.5,-7.0,2,Virginia,60
133,134,2015,2,14,UAB,75,17,1,3,9.09999999999999,-3.5,0.2704,2.0,0.899999999999999,-2.5,-1.8,-0.400000000000006,-4.5,0.0,-1.3,0.799999999999997,-2.0,3.59999999999999,3.7,1.5,7.5,11,UCLA,75
134,135,2015,2,7,Wichita State,78,-13,-2,2,0.700000000000003,0.900000000000006,-0.0030999999999999,0.899999999999999,1.2,-4.2,3.8,-0.399999999999999,-4.2,-6.4,2.8,2.5,-0.799999999999997,-2.5,3.8,-4.6,-4.8,2,Kansas,78
135,136,2015,2,10,Ohio State,58,15,3,10,3.59999999999999,-6.19999999999999,0.0596,-0.700000000000003,-1.3,-0.5,-1.0,1.0,-9.6,12.4,9.5,-0.300000000000004,-2.5,-1.0,1.3,0.400000000000006,6.5,2,Arizona,58
136,137,2015,2,8,San Diego State,49,19,4,9,22.1,3.09999999999999,0.1073,10.0,3.0,-2.3,-2.5,0.0999999999999943,0.5,3.59999999999999,-1.8,10.0,4.0,6.7,0.799999999999997,5.2,9.4,1,Duke,49
137,138,2015,2,8,North Carolina State,71,-3,0,-11,-7.80000000000001,5.7,-0.0979000000000001,-6.0,-0.0,-0.300000000000001,-6.7,1.4,-1.0,-6.5,4.3,-5.7,-1.7,-3.3,2.5,-0.0,-10.2,1,Villanova,71
138,139,2015,2,5,Northern Iowa,53,13,1,-4,-6.0,-5.59999999999999,0.0062,-8.2,-1.6,-0.600000000000001,2.1,7.7,3.9,-1.09999999999999,6.3,-4.9,-0.700000000000003,-9.1,-1.8,7.09999999999999,0.5,4,Louisville,53
139,140,2015,2,14,Georgia State,67,8,3,-1,6.2,-2.90000000000001,0.1247,1.3,4.2,1.8,-4.4,1.3,-7.5,0.799999999999997,-6.5,0.300000000000004,5.8,2.9,1.5,2.3,4.3,6,Xavier,67
140,141,2015,2,7,Iowa,68,19,3,12,6.2,1.09999999999999,0.0287,9.8,-1.4,-1.0,-1.8,-1.7,-2.3,0.700000000000003,1.4,9.7,-1.7,6.7,0.399999999999999,0.600000000000009,5.7,2,Gonzaga,68
141,142,2015,2,5,Utah,75,-11,1,3,2.30000000000001,-4.8,0.0568000000000001,3.90000000000001,-4.1,-1.0,-1.9,-3.0,-2.6,-0.5,-9.8,1.8,-1.7,4.8,-5.0,-3.2,-0.0,4,Georgetown,75
142,143,2015,2,11,Dayton,66,6,-1,-3,4.59999999999999,-6.0,0.129,-3.6,-3.2,-0.299999999999997,-1.4,8.2,3.0,-15.3,-2.2,-4.4,-4.3,-1.3,-0.800000000000001,3.7,3.7,3,Oklahoma,66
143,144,2015,2,6,Butler,64,3,4,9,16.8,10.0,0.0286000000000001,9.9,1.2,-2.5,-2.2,-6.8,6.9,-4.09999999999999,-9.3,11.9,0.299999999999997,3.4,1.9,0.0,5.1,3,Notre Dame,64
144,145,2016,1,14,Stephen F. Austin,70,-14,-5,-2,-4.5,6.09999999999999,-0.1161,5.0,1.1,-2.3,0.899999999999999,-8.5,3.6,-11.9,-15.1,4.2,2.0,4.4,-0.300000000000004,-2.7,-8.6,3,West Virginia,70
145,146,2016,1,12,South Dakota State,74,5,3,2,4.40000000000001,-4.8,0.1469,3.90000000000001,-1.5,1.8,-0.800000000000001,-3.3,4.4,-3.2,-13.2,6.09999999999999,-1.6,0.100000000000001,-1.2,-1.3,5.2,5,Maryland,74
146,147,2016,1,11,Michigan,63,7,1,2,4.89999999999999,3.89999999999999,0.0069,-0.5,-1.9,0.800000000000001,-3.1,7.9,5.7,5.1,-1.0,0.299999999999997,-4.6,-0.600000000000001,2.2,-0.799999999999997,1.5,6,Notre Dame,63
147,148,2016,1,13,Stony Brook,57,28,5,3,18.6,-4.10000000000001,0.3037,1.3,-3.1,-1.1,-0.399999999999999,2.7,5.9,5.59999999999999,13.2,2.2,-3.09999999999999,-0.600000000000001,-1.5,0.400000000000006,6.1,4,Kentucky,57
148,149,2016,1,16,Florida Gulf Coast,67,16,9,16,20.4,-7.5,0.4395,1.1,0.399999999999999,-1.8,2.3,9.0,2.5,-5.0,-4.9,2.4,-3.7,-1.5,5.0,3.7,17.0,1,North Carolina,67
149,150,2016,1,15,Middle Tennessee,90,-9,-2,-6,-18.6,3.5,-0.3204,-4.59999999999999,6.1,-0.5,5.2,-8.4,1.4,4.9,8.3,-3.6,6.3,-4.2,3.7,0.900000000000006,-10.4,2,Michigan State,90
150,151,2016,1,12,Chattanooga,74,25,2,0,15.7,-2.39999999999999,0.2882,7.0,-0.700000000000003,1.6,-1.3,4.90000000000001,0.199999999999999,-7.7,-0.699999999999999,5.4,-1.5,6.0,0.599999999999994,2.2,2.8,5,Indiana,74
151,152,2016,1,13,Iona,81,13,2,1,12.3,-3.5,0.234,3.3,1.0,-1.9,-2.4,-3.0,-0.899999999999999,-6.3,-11.4,4.2,3.5,1.7,-2.3,-0.299999999999997,7.2,4,Iowa State,81
152,153,2016,1,16,Hampton,45,36,6,9,21.7,-16.5,0.6985,8.09999999999999,-0.200000000000003,-3.6,2.1,-4.6,-2.0,-9.2,-2.3,5.3,-1.2,9.8,0.900000000000006,-10.0,14.9,1,Virginia,45
153,154,2016,1,10,VCU,75,-8,5,7,2.19999999999999,-3.89999999999999,0.0931,1.2,-0.299999999999997,-0.300000000000001,1.9,4.2,-4.5,-4.59999999999999,-2.5,3.2,-1.4,-2.2,1.3,2.3,-0.4,7,Oregon State,75
154,155,2016,1,11,Northern Iowa,75,-3,2,2,-2.5,1.10000000000001,-0.0518000000000001,3.8,1.0,-0.200000000000001,-0.0,-13.0,-4.6,-5.4,-13.6,2.8,3.1,3.1,-2.1,-2.59999999999999,-5.3,6,Texas,75
155,156,2016,1,13,UNC Wilmington,85,8,5,2,11.7,-2.0,0.1936,2.5,2.0,-1.6,-2.5,1.1,4.6,5.0,-29.9,0.0,2.8,4.1,0.100000000000001,-2.59999999999999,4.9,4,Duke,85
156,157,2016,1,16,Austin Peay,79,26,3,16,17.5,-18.7,0.6161,4.40000000000001,-8.7,-2.4,-0.100000000000001,0.300000000000004,-2.1,-8.4,6.0,1.7,-9.9,6.59999999999999,-3.9,-0.400000000000006,22.9,1,Kansas,79
157,158,2016,1,10,Pittsburgh,43,4,3,2,-5.10000000000001,-3.40000000000001,-0.015,-2.6,-1.9,-0.399999999999999,1.7,-3.8,0.199999999999999,1.9,1.2,-3.8,-3.6,-0.100000000000001,2.0,-2.2,-1.4,7,Wisconsin,43
158,159,2016,1,14,Buffalo,72,7,1,8,14.3,-5.90000000000001,0.3457,4.6,-1.5,-2.3,-0.300000000000001,-1.7,0.800000000000001,-0.899999999999999,-8.7,4.2,-1.9,3.8,0.100000000000001,-5.90000000000001,12.7,3,Miami FL,72
159,160,2016,1,11,Wichita State,65,-10,0,0,-5.8,-7.90000000000001,0.0299,-4.7,-1.5,-3.5,7.2,-3.3,-1.3,-6.4,16.1,-3.0,-3.6,-5.8,1.1,-2.3,-3.2,6,Arizona,65
160,161,2016,1,15,UNC Asheville,56,30,8,15,21.9,-8.5,0.4216,6.5,-2.59999999999999,-2.3,-1.6,-3.4,0.0999999999999979,-7.7,-3.0,7.2,-8.0,4.1,4.3,-4.3,15.2,2,Villanova,56
161,162,2016,1,15,Cal State Bakersfield,68,14,7,8,14.8,-1.60000000000001,0.222,5.0,2.0,0.100000000000001,-3.8,-2.9,0.800000000000001,-5.0,-13.8,-0.299999999999997,2.5,7.90000000000001,0.300000000000004,2.39999999999999,11.5,2,Oklahoma,68
162,163,2016,1,9,Connecticut,74,-7,3,4,2.7,-1.8,0.066,3.1,-2.3,-2.5,2.8,-6.2,4.3,-10.9,-0.300000000000004,6.0,-2.3,-2.1,-2.7,-3.0,0.5,8,Colorado,74
163,164,2016,1,12,Arkansas Little Rock,85,-2,-2,2,-9.60000000000001,3.3,-0.1584,-1.7,1.6,-2.1,7.3,-8.3,6.1,-3.9,10.2,-3.9,2.8,1.5,-0.5,-5.10000000000001,-2.3,5,Purdue,85
164,165,2016,1,14,Green Bay,65,27,3,7,6.09999999999999,-12.0,0.3397,1.40000000000001,-4.1,1.6,-0.400000000000002,3.9,-2.8,-4.1,-3.5,2.8,-4.4,-0.899999999999999,-3.0,-8.89999999999999,9.7,3,Texas A&M,65
165,166,2016,1,15,Weber State,53,18,2,5,15.3,-5.2,0.363,-3.1,0.399999999999999,-2.2,3.7,9.3,0.399999999999999,-4.0,5.5,-5.5,3.4,0.799999999999997,-4.5,4.7,11.4,2,Xavier,53
166,167,2016,1,9,Butler,71,-10,1,3,5.10000000000001,-0.300000000000011,0.0672,2.6,0.100000000000001,-3.3,-0.399999999999999,0.900000000000002,-4.8,-2.90000000000001,2.9,0.699999999999996,1.9,4.7,-1.8,2.0,0.7,8,Texas Tech,71
167,168,2016,1,10,Temple,70,2,0,1,8.10000000000001,-1.60000000000001,0.1535,4.3,1.6,1.0,2.6,2.8,1.6,6.4,-3.7,3.8,2.40000000000001,3.7,0.100000000000001,3.3,2.1,7,Iowa,70
168,169,2016,1,16,Holy Cross,52,39,2,15,21.7,-10.7,0.6765,4.4,-4.3,-0.699999999999999,0.599999999999998,11.0,0.899999999999999,4.2,-1.4,5.4,-6.7,1.8,0.5,4.40000000000001,21.2,1,Oregon,52
169,170,2016,1,9,Cincinnati,76,2,3,6,4.2,4.09999999999999,-0.006,1.90000000000001,2.5,-2.0,-4.2,-8.4,-4.8,4.2,-2.0,4.59999999999999,7.90000000000001,-2.09999999999999,-4.6,4.90000000000001,3.1,8,Saint Joseph's,76
170,171,2016,1,14,Fresno State,69,11,2,3,9.5,-2.8,0.2161,6.7,-0.799999999999997,3.1,-5.7,-0.800000000000001,-1.9,0.199999999999996,-23.4,8.5,-3.9,1.9,4.1,-2.89999999999999,6.5,3,Utah,69
171,172,2016,1,13,Hawaii,77,-11,-2,3,-5.5,2.2,-0.1061,-0.300000000000004,0.600000000000001,0.400000000000002,5.7,-2.0,1.1,3.7,2.7,3.0,3.3,-4.09999999999999,-4.7,2.60000000000001,-1.4,4,UC Berkeley,77
172,173,2016,1,9,Providence,70,-1,1,3,-5.0,-3.3,-0.0159,-4.2,2.0,-0.5,3.9,-1.7,-1.3,2.2,-0.300000000000001,-1.4,3.2,-6.6,-0.200000000000003,-2.8,3.2,8,USC,70
173,174,2016,1,10,Syracuse,70,-19,4,-2,6.40000000000001,1.0,0.0673,-1.6,0.399999999999999,-0.5,2.4,4.8,11.1,-5.4,-4.8,-4.3,4.4,1.6,-4.2,-3.0,-2.7,7,Dayton,70
174,175,2016,1,12,Yale,79,-4,-4,1,-10.2,-3.60000000000001,-0.0715,0.600000000000001,-4.5,1.3,-2.0,-0.700000000000003,-4.5,3.1,-5.3,1.6,-3.6,-1.4,-4.2,-0.600000000000009,-3.6,5,Baylor,79
175,176,2016,1,11,Gonzaga,68,-16,1,2,6.60000000000001,3.09999999999999,0.0224,5.40000000000001,-0.600000000000001,-2.3,-4.4,-2.6,-4.8,-6.0,-5.7,5.5,0.100000000000001,3.09999999999999,-1.4,-2.2,-3.2,6,Seton Hall,68
176,177,2016,2,13,Hawaii,60,13,3,0,8.0,1.3,0.0894,3.3,1.6,0.799999999999997,-3.4,-1.3,3.5,-8.4,-13.2,1.7,0.700000000000003,4.0,2.1,-3.5,3.2,5,Maryland,60
177,178,2016,2,14,Stephen F. Austin,75,1,6,0,8.0,6.8,0.0033999999999999,-0.799999999999997,0.0,-2.4,-11.1,-0.799999999999997,1.4,-1.4,-14.2,-1.6,-3.2,0.5,4.1,-2.7,3.5,6,Notre Dame,75
178,179,2016,2,9,Providence,66,19,5,9,14.6,-0.5,0.1338,4.6,-1.2,-0.700000000000001,-2.4,10.3,-0.300000000000001,-5.0,2.4,5.9,-5.2,0.600000000000001,3.90000000000001,2.40000000000001,5.2,1,North Carolina,66
179,180,2016,2,5,Indiana,73,-6,-1,0,-1.90000000000001,3.30000000000001,-0.0349,5.2,5.3,3.4,0.899999999999999,-0.299999999999997,-2.7,-3.9,-10.6,3.2,6.3,5.0,1.7,1.3,-1.8,4,Kentucky,73
180,181,2016,2,9,Butler,69,8,4,7,1.7,-7.59999999999999,0.0700999999999999,2.2,-1.3,0.6,0.199999999999999,-2.3,-2.3,-7.2,-2.4,2.7,-2.8,1.0,0.900000000000006,-7.3,6.6,1,Virginia,69
181,182,2016,2,11,Wichita State,57,8,1,2,9.10000000000001,8.7,-0.0118,5.3,3.59999999999999,1.8,-5.8,-1.6,5.9,3.3,-16.3,4.0,4.8,5.2,1.7,0.200000000000003,6.7,3,Miami FL,57
182,183,2016,2,11,Gonzaga,82,-23,0,1,1.60000000000001,-2.8,0.0430999999999999,0.100000000000001,-3.2,-1.1,-0.200000000000001,2.9,-1.8,-3.5,5.1,-1.2,-0.100000000000001,1.5,-6.8,1.3,-3.5,3,Utah,82
183,184,2016,2,9,Connecticut,61,12,1,7,10.4,-3.0,0.093,4.2,0.600000000000001,1.5,0.300000000000001,3.6,-1.2,9.0,1.9,2.8,1.4,4.8,-0.100000000000001,3.19999999999999,10.4,1,Kansas,61
184,185,2016,2,7,Iowa,68,19,7,13,8.69999999999999,-4.89999999999999,0.0850000000000001,4.8,-1.3,1.5,1.8,-3.7,-1.9,1.1,5.0,8.7,-4.6,-1.2,2.6,-3.09999999999999,6.9,2,Villanova,68
185,186,2016,2,10,VCU,81,4,1,4,6.10000000000001,-0.100000000000009,0.0515,3.3,-2.0,2.0,-3.7,-2.0,2.8,0.799999999999997,-8.5,-1.9,-3.3,7.0,0.0,0.5,8.1,2,Oklahoma,81
186,187,2016,2,15,Middle Tennessee,50,25,4,0,8.0,-5.90000000000001,0.2633,-1.7,-2.1,1.0,1.0,4.8,9.6,0.5,-14.4,-0.599999999999994,0.100000000000001,-3.2,-4.0,-3.0,2.9,10,Syracuse,50
187,188,2016,2,11,Northern Iowa,88,4,2,6,3.3,-4.5,0.1017,-2.0,-1.3,2.2,2.2,17.1,1.8,4.0,7.5,0.0,-3.3,-3.1,0.899999999999999,4.7,7.3,3,Texas A&M,88
188,189,2016,2,7,Wisconsin,66,-3,1,-6,-8.2,-0.799999999999997,-0.0720000000000001,-2.9,0.300000000000004,-0.299999999999997,-0.699999999999999,-2.1,1.7,-3.7,-0.0,-3.2,-3.8,-1.4,6.3,-8.30000000000001,-7.3,2,Xavier,66
189,190,2016,2,8,Saint Joseph's,64,5,1,2,4.2,-1.39999999999999,0.0563,1.09999999999999,0.799999999999997,1.8,4.1,5.8,4.7,2.9,7.0,0.300000000000004,-3.1,1.7,5.1,-1.90000000000001,3.3,1,Oregon,64
190,191,2016,2,12,Yale,64,7,7,3,12.1,3.30000000000001,0.0913,1.5,2.8,-5.6,-0.400000000000002,-6.09999999999999,10.4,-1.1,-8.0,-0.399999999999999,3.4,2.5,1.3,1.90000000000001,4.3,4,Duke,64
191,192,2016,2,12,Arkansas Little Rock,61,17,2,-5,13.8,1.89999999999999,0.143,5.2,3.9,0.0999999999999996,-4.2,-0.5,0.600000000000001,-5.4,-13.4,7.8,3.8,0.5,2.6,8.5,1.5,4,Iowa State,61
192,193,2017,1,9,Seton Hall,71,6,3,5,6.0,4.2,0.0161,1.5,-1.2,-2.9,1.0,-3.8,8.8,0.5,3.0,0.399999999999999,-1.3,2.7,-0.899999999999999,2.09999999999999,1.2,8,Arkansas,71
193,194,2017,1,13,Bucknell,80,6,2,2,7.10000000000001,-9.8,0.2146,-4.0,0.799999999999997,-1.9,7.9,11.1,4.0,1.7,9.4,-4.5,0.0,-1.7,1.09999999999999,0.799999999999997,8.5,4,West Virginia,80
194,195,2017,1,10,Oklahoma State,91,1,6,6,-3.5,-4.7,0.0145,3.0,-1.3,-4.0,-0.800000000000001,-13.6,-1.9,-7.3,-18.2,5.9,-2.4,-1.8,1.4,-8.90000000000001,0.5,7,Michigan,91
195,196,2017,1,11,Xavier,76,-11,6,0,2.19999999999999,-0.0,0.0265,-0.5,4.1,-0.600000000000001,-0.5,4.1,-6.8,2.6,0.799999999999997,1.0,6.9,-1.8,-0.800000000000004,-0.199999999999989,-2.1,6,Maryland,76
196,197,2017,1,12,Princeton,58,2,7,3,11.7,1.0,0.1216,0.399999999999999,0.399999999999999,-1.2,-1.5,3.2,6.1,4.2,-5.3,0.399999999999999,1.3,0.799999999999997,-0.700000000000003,4.09999999999999,6.3,5,Notre Dame,58
197,198,2017,1,15,Northern Kentucky,70,9,5,8,12.8,-12.8,0.4147,0.5,-2.2,-3.1,2.2,2.3,1.3,4.4,3.0,1.3,-1.90000000000001,-0.400000000000006,-1.8,4.40000000000001,13.9,2,Kentucky,70
198,199,2017,1,16,Texas Southern,64,39,4,10,20.4,-15.0,0.6178,3.6,-1.0,-0.400000000000002,-0.599999999999998,9.6,-9.9,-10.0,-0.699999999999996,1.0,-3.0,5.9,1.4,2.8,12.8,1,North Carolina,64
199,200,2017,1,14,Kent State,80,17,1,9,18.7,-3.30000000000001,0.3853,11.6,-1.4,-2.8,-3.2,-9.0,-1.2,-5.7,-8.9,10.6,-3.2,8.9,1.2,5.09999999999999,13.8,3,UCLA,80
200,201,2017,1,12,Nevada,73,11,0,-4,6.3,-4.5,0.1244,2.5,0.700000000000003,-1.4,3.6,-4.7,5.3,-13.7,-2.6,2.59999999999999,-1.8,1.8,3.6,-1.40000000000001,4.8,5,Iowa State,73
201,202,2017,1,12,UNC Wilmington,71,5,1,-6,-5.90000000000001,-18.1,0.1596,-2.6,-7.1,1.7,0.599999999999998,-4.2,-4.0,-4.8,-5.8,-6.0,-9.1,2.4,-2.3,-11.2,3.5,5,Virginia,71
202,203,2017,1,14,Florida Gulf Coast,80,6,4,0,7.60000000000001,-8.2,0.2845,-0.199999999999996,-1.4,-1.5,2.1,0.0,0.199999999999999,4.6,1.4,-1.0,-5.6,1.0,3.9,5.59999999999999,7.6,3,Florida State,80
203,204,2017,1,16,South Dakota State,46,20,6,19,9.59999999999999,-23.4,0.5116,3.4,-12.7,-2.2,0.900000000000002,2.9,-2.7,-0.899999999999999,-0.200000000000003,3.59999999999999,-12.4,2.40000000000001,-7.9,3.0,17.5,1,Gonzaga,46
204,205,2017,1,15,Troy,65,22,2,6,13.3,-11.0,0.384,3.2,-2.7,-1.5,-0.300000000000001,0.899999999999999,0.0,-0.800000000000004,-1.6,2.6,-0.600000000000001,2.8,-4.8,0.299999999999997,16.7,2,Duke,65
205,206,2017,1,16,UC Davis,62,38,2,8,24.1,-6.3,0.5439,7.7,-0.600000000000001,-2.7,-1.0,5.0,1.4,-4.8,-3.1,6.7,-3.2,5.9,3.0,1.10000000000001,18.5,1,Kansas,62
206,207,2017,1,11,Rhode Island,84,-12,1,0,-3.40000000000001,-1.10000000000001,-0.0214,-6.8,-4.9,-0.700000000000003,0.0999999999999979,8.6,0.0999999999999979,11.3,15.7,-5.2,-4.8,-6.5,-3.5,-5.0,-3.9,6,Creighton,84
207,208,2017,1,9,Michigan State,78,-20,2,-1,0.799999999999997,1.80000000000001,-0.0143,3.0,-0.899999999999999,1.0,-2.4,-4.2,-0.899999999999999,-0.799999999999997,6.0,3.1,-2.5,1.7,1.6,3.5,-2.5,8,Miami FL,78
208,209,2017,1,15,North Dakota,82,18,8,10,14.5,-7.10000000000001,0.4045,0.300000000000004,-3.0,-1.7,-2.2,7.2,-1.8,4.4,-11.1,0.100000000000001,-1.6,0.299999999999997,-3.8,-5.40000000000001,13.2,2,Arizona,82
209,210,2017,1,10,VCU,77,8,-1,3,9.90000000000001,-2.10000000000001,0.1346,6.8,-2.2,-0.300000000000001,-5.7,1.8,-5.6,-8.6,-14.3,5.4,-0.600000000000001,6.3,-3.8,-8.89999999999999,2.6,7,Saint Mary’s,77
210,211,2017,1,16,Mount Saint Mary’s,56,20,0,12,23.3,-9.3,0.5456,6.5,-1.8,-2.1,-1.6,7.1,-7.0,2.6,-10.5,9.8,-0.399999999999999,1.1,-3.0,-2.7,19.0,1,Villanova,56
211,212,2017,1,14,New Mexico State,73,18,3,-1,7.0,-8.59999999999999,0.2443,-0.200000000000003,-1.8,1.1,-2.0,4.2,0.899999999999999,-9.4,-5.1,-2.0,-4.1,1.8,1.9,-4.0,8.1,3,Baylor,73
212,213,2017,1,15,Jacksonville State,63,15,1,5,13.2,-12.7,0.4415,-1.2,-3.7,-4.7,3.0,5.5,0.0,0.600000000000001,4.4,-0.299999999999997,-0.300000000000004,-1.7,-6.2,4.40000000000001,14.9,2,Louisville,63
213,214,2017,1,10,Marquette,73,20,4,7,-13.1,-12.8,0.0202,-10.2,-6.7,1.1,6.0,6.9,2.4,9.2,8.8,-6.8,-5.2,-9.5,-6.2,-1.90000000000001,1.1,7,South Carolina,73
214,215,2017,1,11,Kansas State,61,14,1,9,3.0,-2.10000000000001,0.0474,-0.700000000000003,-4.4,-3.8,-1.9,6.0,-2.9,-8.6,-4.3,0.300000000000004,-4.1,-1.7,-3.8,-1.8,3.9,6,Cincinnati,61
215,216,2017,1,13,Vermont,70,10,1,-2,6.59999999999999,-5.10000000000001,0.1433,0.400000000000006,-0.899999999999999,1.3,-3.0,1.0,-2.7,-1.0,-3.6,-2.8,-0.299999999999997,3.59999999999999,-1.7,4.60000000000001,4.9,4,Purdue,70
216,217,2017,1,14,Iona,77,16,3,11,8.5,-12.2,0.3442,2.1,-3.6,0.600000000000001,1.3,5.4,-2.6,3.4,-7.1,5.2,-1.6,-1.7,-4.9,-3.3,11.8,3,Oregon,77
217,218,2017,1,13,East Tennessee State,65,15,3,0,9.3,-8.19999999999999,0.1981,-4.2,-2.90000000000001,-3.9,-1.0,2.0,2.1,-2.59999999999999,-4.2,-4.7,0.0,-2.3,-4.9,-1.3,7.1,4,Florida,65
218,219,2017,1,10,Wichita State,64,-6,4,7,5.60000000000001,-4.8,0.107,0.600000000000001,-3.90000000000001,-0.699999999999999,-1.6,8.6,-3.2,-3.0,-0.100000000000001,-0.299999999999997,-5.2,1.8,-1.1,0.400000000000006,2.6,7,Dayton,64
219,220,2017,1,12,Middle Tennessee,81,-9,1,7,1.90000000000001,3.69999999999999,-0.0326000000000001,5.4,2.8,-0.500000000000002,2.2,0.400000000000002,-6.4,-9.6,9.0,6.1,2.6,2.6,1.9,-5.10000000000001,-1.7,5,Minnesota,81
220,221,2017,1,13,Winthrop,64,12,3,-1,12.4,-4.39999999999999,0.2932,1.1,4.09999999999999,-2.8,1.0,0.899999999999999,-1.4,-1.1,2.5,3.6,5.4,-1.3,1.2,-5.09999999999999,7.3,4,Butler,64
221,222,2017,1,9,Virginia Tech,74,10,4,5,-3.90000000000001,-10.5,0.0854,-4.8,-3.5,-0.199999999999999,3.0,12.5,-4.6,-8.0,0.699999999999999,-3.5,-5.9,-4.4,1.3,-5.59999999999999,1.8,8,Wisconsin,74
222,223,2017,1,11,USC,66,-1,1,-4,-6.7,6.5,-0.146,-2.4,4.1,-1.2,-0.400000000000002,-6.2,5.0,0.799999999999997,-0.600000000000001,-0.0,3.1,-4.4,4.7,5.3,-5.1,6,SMU,66
223,224,2017,1,9,Vanderbilt,66,2,1,5,-1.3,1.40000000000001,-0.0334,-2.4,-2.0,-2.2,1.8,6.0,3.6,-4.3,5.4,0.699999999999996,-2.8,-3.4,-0.5,-0.0999999999999943,1.9,8,Northwestern,66
224,225,2017,2,7,Michigan,73,-4,4,1,5.7,6.09999999999999,-0.0103,5.6,6.2,-1.8,-0.100000000000001,-12.0,1.5,-3.9,-11.6,5.8,5.2,3.0,6.2,-5.40000000000001,-3.1,2,Louisville,73
225,226,2017,2,5,Notre Dame,71,12,1,2,-3.89999999999999,-7.10000000000001,0.0293,-2.3,-0.300000000000004,3.0,8.9,10.6,1.1,10.3,15.8,-1.1,-1.7,-2.2,1.5,3.90000000000001,0.5,4,West Virginia,71
226,227,2017,2,8,Arkansas,65,7,3,7,6.09999999999999,-8.3,0.1276,0.300000000000004,0.300000000000004,-0.400000000000002,0.100000000000001,9.4,-9.2,-3.8,-7.5,1.0,-0.400000000000006,-1.0,0.699999999999996,1.8,4.5,1,North Carolina,65
227,228,2017,2,5,Iowa State,76,4,0,3,-3.40000000000001,-3.10000000000001,0.0031999999999999,0.700000000000003,-1.3,4.2,-2.9,5.1,-7.2,5.7,-2.7,0.900000000000006,-0.899999999999999,0.299999999999997,-1.4,0.800000000000011,-0.9,4,Purdue,76
228,229,2017,2,5,Virginia,39,26,2,4,4.8,2.0,0.0099,-0.799999999999997,-0.300000000000004,1.3,0.300000000000001,3.8,5.0,14.2,0.200000000000003,0.599999999999994,0.600000000000001,-2.6,-1.2,9.90000000000001,1.4,4,Florida,39
229,230,2017,2,10,Wichita State,62,3,3,1,1.09999999999999,-0.900000000000006,0.0114,-1.3,3.7,-0.5,-0.100000000000001,-0.700000000000003,3.5,0.5,-1.6,2.2,6.3,-4.90000000000001,-0.599999999999998,3.7,4.9,2,Kentucky,62
230,231,2017,2,8,Northwestern,73,6,3,13,6.59999999999999,-8.90000000000001,0.1164,6.9,-5.0,0.199999999999999,-0.799999999999997,-0.800000000000001,-4.4,8.5,-9.2,7.5,-4.0,4.0,-4.3,4.59999999999999,5.7,1,Gonzaga,73
231,232,2017,2,9,Michigan State,70,20,1,11,9.90000000000001,-0.400000000000006,0.0811000000000001,2.1,1.4,-2.9,2.7,4.9,2.4,2.5,-4.7,0.700000000000003,1.2,3.1,1.0,3.30000000000001,10.6,1,Kansas,70
232,233,2017,2,7,Saint Mary’s,60,9,3,3,-0.400000000000006,1.8,-0.0177,-4.09999999999999,2.40000000000001,-0.899999999999999,2.1,0.100000000000001,4.1,12.7,2.0,-5.4,3.0,-0.399999999999999,1.0,5.89999999999999,4.0,2,Arizona,60
233,234,2017,2,8,Wisconsin,65,-3,1,-5,-7.7,-0.5,-0.0356,-5.4,-0.600000000000001,-0.100000000000001,-0.600000000000001,5.7,-1.9,-2.1,5.9,-8.1,-6.0,-1.0,6.5,-1.19999999999999,-6.0,1,Villanova,65
234,235,2017,2,7,South Carolina,88,-7,-1,-2,-13.4,-6.59999999999999,-0.0353,-7.5,-1.9,2.1,7.0,2.3,1.8,0.900000000000006,13.3,-7.6,-3.5,-4.5,1.3,-0.100000000000009,-6.9,2,Duke,88
235,236,2017,2,6,Cincinnati,67,12,0,1,7.59999999999999,7.5,-0.0117,7.8,3.5,-0.200000000000001,-4.4,-6.4,-0.799999999999997,-5.7,-3.7,7.0,3.9,6.1,2.1,9.19999999999999,1.0,3,UCLA,67
236,237,2017,2,11,Xavier,91,-25,3,-2,0.199999999999989,2.7,-0.0301,-1.8,3.7,2.0,-2.0,0.700000000000003,-4.3,2.7,-3.9,-2.4,7.1,-0.200000000000003,-1.5,-4.39999999999999,-4.3,3,Florida State,91
237,238,2017,2,12,Middle Tennessee,65,9,-1,-6,6.5,0.300000000000011,0.0699000000000001,0.5,2.9,-0.6,-0.199999999999999,-2.9,3.2,7.1,-1.2,0.899999999999999,4.2,-0.299999999999997,0.5,1.40000000000001,3.5,4,Butler,65
238,239,2017,2,11,USC,78,4,-2,1,3.10000000000001,-6.69999999999999,0.126,0.299999999999997,-4.0,4.9,-0.799999999999997,8.8,-2.0,-2.9,6.1,1.2,-2.2,-0.900000000000006,-4.59999999999999,-5.0,6.6,3,Baylor,78
239,240,2017,2,11,Rhode Island,72,3,3,8,6.7,-0.299999999999997,0.0604,4.7,1.4,0.700000000000003,-0.0999999999999979,-0.399999999999999,-0.199999999999999,-4.8,-18.7,3.3,0.700000000000003,4.7,1.7,0.700000000000003,5.6,3,Oregon,72
240,241,2018,1,10,Butler,79,-17,0,-2,-0.600000000000009,-5.10000000000001,0.0585,0.200000000000003,1.5,0.6,0.100000000000001,-1.2,-7.1,-11.3,-5.5,3.09999999999999,1.3,-3.8,1.59999999999999,-2.0,-1.1,7,Arkansas,79
241,242,2018,1,12,Murray State,68,17,7,0,10.3,-5.0,0.1904,-4.6,2.7,-1.1,5.3,4.1,2.5,-6.0,13.6,-5.6,-2.2,-1.90000000000001,7.1,3.40000000000001,5.0,5,West Virginia,68
242,243,2018,1,14,Montana,47,14,8,7,7.7,-8.0,0.2191,2.7,-0.699999999999996,-3.4,-1.7,-8.0,-1.2,-7.6,-11.4,3.3,0.5,1.5,-2.0,-3.19999999999999,8.0,3,Michigan,47
243,244,2018,1,12,Davidson,73,5,4,5,-1.2,-6.7,0.0770000000000001,-5.6,-4.40000000000001,4.1,0.600000000000001,13.1,7.6,19.4,2.7,-5.3,-2.3,-3.2,-4.9,4.5,7.2,5,Kentucky,73
244,245,2018,1,15,Lipscomb,66,18,7,3,17.5,-4.7,0.3867,0.5,-1.9,-3.3,-3.6,10.0,1.2,-12.6,-12.4,-2.2,-7.5,3.2,4.2,-3.30000000000001,10.3,2,North Carolina,66
245,246,2018,1,14,Bucknell,78,4,0,5,10.9,-7.0,0.2587,3.0,-5.09999999999999,2.2,-2.4,10.0,-0.899999999999999,-6.7,-3.8,0.200000000000003,-8.6,5.3,0.600000000000001,-4.90000000000001,11.0,3,Michigan State,78
246,247,2018,1,16,UMBC,74,-20,-1,-6,-12.5,15.5,-0.4649,-0.5,7.3,3.2,-0.199999999999999,-1.1,2.7,5.7,4.6,-2.0,8.2,-0.0999999999999943,4.0,8.8,-16.2,1,Virginia,74
247,248,2018,1,13,Marshall,81,-6,2,0,-12.1,-0.200000000000003,-0.2038,-0.399999999999999,0.5,0.699999999999999,2.1,-13.0,9.7,-1.7,-4.3,1.7,2.7,-2.2,-1.3,5.80000000000001,-5.9,4,Wichita State,81
248,249,2018,1,13,UNC Greensboro,64,4,5,5,13.8,-0.299999999999997,0.1985,5.3,-0.399999999999999,-3.7,-4.0,-0.700000000000003,-0.799999999999997,6.1,-10.1,7.1,-3.2,1.8,3.1,4.3,6.5,4,Gonzaga,64
249,250,2018,1,15,Iona,67,22,3,9,13.5,-14.7,0.4259,2.0,-6.1,1.5,-1.5,14.3,-0.800000000000001,4.4,-6.3,4.5,-6.3,-1.09999999999999,-3.8,-0.599999999999994,13.9,2,Duke,67
250,251,2018,1,16,Penn,60,16,7,7,18.5,-1.19999999999999,0.2741,4.6,2.1,0.0,1.2,5.6,8.6,-6.4,-7.2,2.3,0.600000000000001,5.3,3.3,-0.199999999999989,11.5,1,Kansas,60
251,252,2018,1,9,Kansas State,69,-10,5,4,-6.60000000000001,-3.7,-0.0252,-4.8,-1.0,1.6,5.8,3.4,7.3,7.3,12.0,-5.3,-1.1,-3.1,-0.600000000000001,-5.8,0.5,8,Creighton,69
252,253,2018,1,11,Syracuse,52,5,-4,-2,13.5,8.40000000000001,0.0459999999999999,9.6,6.09999999999999,-1.3,-2.1,-0.5,-4.3,-6.4,-0.899999999999999,8.5,5.0,7.7,5.8,6.0,2.6,6,TCU,52
253,254,2018,1,11,Loyola Chicago,64,-2,5,10,-2.8,-1.19999999999999,-0.0178999999999999,4.6,-1.6,2.3,0.599999999999998,-7.0,-2.3,3.1,-2.9,4.4,-1.7,3.4,-0.799999999999997,-1.8,-0.7,6,Miami FL,64
254,255,2018,1,13,Buffalo,89,-21,0,0,-2.5,2.3,-0.0767,-1.5,-1.1,-1.0,1.4,-1.3,4.0,-7.0,8.3,-2.40000000000001,0.699999999999996,0.200000000000003,-2.7,5.5,-5.1,4,Arizona,89
255,256,2018,1,16,Radford,61,26,6,13,27.1,-8.7,0.5166,10.2,-1.6,-3.7,-2.0,-2.4,-0.899999999999999,-1.8,-5.0,11.9,0.100000000000001,5.1,-2.9,5.39999999999999,17.1,1,Villanova,61
256,257,2018,1,9,Alabama,86,-3,3,-1,-7.3,-3.3,-0.0505,-5.8,-2.6,3.3,0.0999999999999979,5.5,1.5,5.4,7.1,-3.8,-2.3,-6.2,-1.90000000000001,-0.299999999999997,-2.4,8,Virginia Tech,86
257,258,2018,1,12,New Mexico State,68,11,4,-3,5.7,-1.90000000000001,0.1057,1.3,1.2,0.0,-1.6,-6.6,3.8,4.4,-5.8,-0.399999999999999,-1.8,2.6,4.1,-2.2,2.6,5,Clemson,68
258,259,2018,1,14,Wright State,47,26,2,1,14.8,-5.2,0.3587,2.2,-1.59999999999999,-0.700000000000003,-0.600000000000001,4.7,5.8,0.200000000000003,7.7,-0.400000000000006,0.300000000000004,4.5,-2.9,-2.2,9.9,3,Tennessee,47
259,260,2018,1,15,Georgia State,53,15,3,7,2.8,-13.8,0.2523,-2.7,-3.8,0.300000000000001,1.0,12.9,-5.2,5.1,-11.8,-0.699999999999996,-2.6,-3.40000000000001,-2.9,-1.5,11.0,2,Cincinnati,53
260,261,2018,1,13,College of Charleston,58,4,2,0,7.2,-7.39999999999999,0.2987,-1.90000000000001,-0.199999999999996,1.3,2.9,6.6,0.100000000000001,3.2,6.0,-3.3,-1.0,-0.199999999999996,0.5,7.8,6.4,4,Auburn,58
261,262,2018,1,15,Cal State Fullerton,48,26,7,10,21.6,-6.8,0.4724,6.1,-1.2,-4.9,-0.5,2.0,-0.899999999999999,-10.0,-11.0,2.1,0.5,8.2,-3.2,-2.0,13.1,2,Purdue,48
262,263,2018,1,10,Providence,69,4,0,1,2.8,-1.2,0.0613,1.8,-3.4,1.8,-3.7,5.0,-1.7,-6.6,-4.2,3.0,-5.8,-0.300000000000004,0.399999999999999,2.0,0.0,7,Texas A&M,69
263,264,2018,1,16,Texas Southern,83,19,-1,13,16.8,-14.7,0.6281,5.4,-1.3,0.0,-0.5,1.7,-9.4,-1.9,-5.6,7.4,0.399999999999999,1.3,-3.2,-0.899999999999991,19.7,1,Xavier,83
264,265,2018,1,11,San Diego State,65,2,3,5,4.59999999999999,-1.0,0.0610999999999999,1.59999999999999,-3.1,0.5,0.100000000000001,2.2,0.800000000000001,-2.5,12.0,-1.5,-4.0,4.6,-0.900000000000006,-0.599999999999994,3.9,6,Houston,65
265,266,2018,1,10,Texas,83,4,3,10,9.60000000000001,8.8,-0.0085,4.8,1.1,-3.5,0.0,-2.7,0.199999999999999,3.3,3.9,0.899999999999999,3.2,7.2,-1.5,4.10000000000001,1.1,7,Nevada,83
266,267,2018,1,9,Florida State,67,-13,3,3,2.2,0.400000000000006,0.0211,-0.899999999999999,1.7,-3.0,3.4,2.0,1.9,-1.3,2.1,3.3,-0.0,-4.0,2.8,5.7,0.5,8,Missouri,67
267,268,2018,1,11,Saint Bonaventure,62,15,0,-5,5.60000000000001,-5.8,0.1647,-0.800000000000004,-0.299999999999997,-2.0,-0.399999999999999,-0.600000000000001,1.4,-7.9,-6.0,-0.899999999999999,-3.1,-1.6,3.2,-1.90000000000001,0.0,6,Florida,62
268,269,2018,1,12,South Dakota State,73,8,3,-3,2.8,-6.10000000000001,0.1165,-0.199999999999996,-1.3,3.1,3.7,5.6,1.9,-4.3,3.9,4.0,-3.7,-4.0,1.5,-3.3,3.9,5,Ohio State,73
269,270,2018,1,14,Stephen F. Austin,60,10,6,-1,8.90000000000001,-5.59999999999999,0.2338,-1.1,-3.3,-2.9,-4.2,0.899999999999999,0.199999999999999,-1.2,-12.3,-0.600000000000001,-2.3,-1.5,-3.3,-4.5,6.5,3,Texas Tech,60
270,271,2018,1,9,North Carolina State,83,11,1,1,2.2,-3.09999999999999,0.0692,-0.5,-1.3,1.0,-2.7,0.899999999999999,-3.6,1.0,-3.9,-0.100000000000001,-3.6,-0.700000000000003,2.2,-2.09999999999999,1.6,8,Seton Hall,83
271,272,2018,1,10,Oklahoma,78,5,2,8,-4.89999999999999,-2.2,-0.0362,-2.4,-0.600000000000001,-2.0,5.8,2.6,-1.8,-3.1,15.0,-2.9,1.5,-0.699999999999996,-3.0,-7.10000000000001,0.5,7,Rhode Island,78
272,273,2018,2,13,Buffalo,75,20,2,-1,1.3,-7.10000000000001,0.1239,-3.0,-2.0,2.1,-1.3,3.8,1.9,14.1,-7.2,-3.09999999999999,-0.399999999999999,-1.4,-3.0,-3.8,5.6,5,Kentucky,75
273,274,2018,2,9,Florida State,75,-5,0,-6,-7.7,-1.3,-0.058,-2.7,-1.5,0.600000000000001,3.7,2.1,6.7,-4.0,6.8,-2.3,-4.4,-2.2,2.1,0.799999999999997,-7.9,1,Xavier,75
274,275,2018,2,8,Seton Hall,79,4,5,9,4.3,-1.8,0.0483,4.6,-1.2,-1.2,0.5,-4.9,2.8,-8.2,-5.2,3.6,-1.4,3.6,-0.5,-0.799999999999997,5.7,1,Kansas,79
275,276,2018,2,9,Alabama,58,23,4,16,20.5,-1.2,0.1651,7.6,0.700000000000003,-5.3,-0.5,0.200000000000003,-3.8,-12.5,-9.8,5.5,2.1,7.5,-1.1,-0.300000000000011,11.7,1,Villanova,58
276,277,2018,2,11,Syracuse,55,-2,2,-7,-12.9,-2.2,-0.1003,-10.0,3.5,-0.0999999999999979,4.9,-2.3,3.8,4.6,0.699999999999999,-8.6,6.7,-8.4,-1.9,-4.0,-8.4,3,Michigan State,55
277,278,2018,2,5,Clemson,84,-31,1,-1,-1.5,-3.80000000000001,0.0312,2.1,-2.5,1.0,-3.3,-4.9,-1.7,-6.3,-10.9,2.9,-3.8,0.899999999999999,0.100000000000001,-6.59999999999999,-0.4,4,Auburn,84
278,279,2018,2,7,Texas A&M,86,-21,-2,-4,-9.5,-2.39999999999999,-0.0602,-0.600000000000001,-3.2,2.5,-1.0,-3.5,1.8,4.0,1.6,1.5,0.400000000000006,-3.0,-5.4,-2.3,-5.2,2,North Carolina,86
279,280,2018,2,6,Houston,63,1,5,6,-0.399999999999991,-3.5,0.0278,0.600000000000001,2.2,-3.5,0.399999999999999,-8.3,-0.900000000000002,-1.9,-11.6,4.2,3.0,-3.5,0.900000000000006,-3.5,4.5,3,Michigan,63
280,281,2018,2,7,Nevada,75,-2,1,-2,7.30000000000001,14.8,-0.0955,3.59999999999999,6.1,-3.5,-3.6,-11.8,1.1,0.299999999999997,3.3,1.9,9.3,3.90000000000001,0.800000000000001,4.5,-3.4,2,Cincinnati,75
281,282,2018,2,6,Florida,66,3,3,6,-2.5,-2.40000000000001,0.0038,1.2,-2.3,3.5,1.7,4.2,-1.8,6.7,5.6,3.5,-1.5,-1.1,-2.90000000000001,-0.900000000000006,3.3,3,Texas Tech,66
282,283,2018,2,5,Ohio State,84,6,3,7,1.2,0.600000000000009,0.0038,2.9,-1.6,-1.0,-0.5,2.8,-2.1,1.0,-0.399999999999999,3.5,-2.0,1.5,-0.100000000000001,2.3,0.4,4,Gonzaga,84
283,284,2018,2,7,Rhode Island,62,25,3,3,12.6,-4.39999999999999,0.1604,4.8,-4.0,2.2,-5.3,7.8,1.8,4.5,-18.3,5.6,-5.2,2.0,-1.2,1.30000000000001,5.0,2,Duke,62
284,285,2018,2,16,UMBC,43,7,4,0,7.5,-8.5,0.3621,0.399999999999999,-2.5,0.0,0.900000000000002,0.0,3.6,3.6,6.0,5.3,-2.1,-4.1,-2.0,-2.8,7.4,9,Kansas State,43
285,286,2018,2,11,Loyola Chicago,63,-1,2,6,-3.7,3.40000000000001,-0.0781,6.90000000000001,0.699999999999996,1.2,-1.0,-11.3,-5.2,-3.3,-12.4,9.3,1.0,1.8,0.199999999999999,-0.699999999999989,-4.4,3,Tennessee,63
286,287,2018,2,13,Marshall,71,23,2,1,12.1,-6.7,0.272,-4.3,0.0,-0.699999999999999,4.9,14.6,-2.2,-1.8,15.2,-6.7,-3.3,-0.600000000000001,3.0,-4.7,7.1,5,West Virginia,71
287,288,2018,2,10,Butler,73,3,2,9,7.10000000000001,0.400000000000006,0.0416,3.7,-4.9,0.100000000000001,-1.8,0.399999999999999,3.4,9.5,-11.1,-0.199999999999996,-4.0,6.3,-4.09999999999999,-0.399999999999991,5.9,2,Purdue,73
288,289,2019,1,12,Liberty,80,-4,-1,6,-7.7,2.8,-0.1552,1.3,-1.4,-2.0,1.0,-9.5,-3.2,-6.0,0.600000000000001,3.0,-0.100000000000001,-0.900000000000006,-2.40000000000001,-5.5,-5.1,5,Mississippi State,80
289,290,2019,1,15,Montana,55,19,4,4,8.39999999999999,-17.6,0.3853,-4.5,-6.0,-3.4,-1.2,-2.7,-0.0999999999999979,-4.1,-13.2,-3.8,-5.0,-3.59999999999999,-5.3,-2.09999999999999,12.4,2,Michigan,55
290,291,2019,1,15,Abilene Christian,44,35,7,3,16.6,-10.9,0.4504,1.1,-3.2,1.3,-5.4,9.8,-3.0,7.9,-11.5,3.4,-6.2,-2.3,1.0,-0.199999999999989,11.4,2,Kentucky,44
291,292,2019,1,16,Iona,73,15,3,12,14.9,-17.4,0.5538,-0.100000000000001,-3.4,-0.100000000000001,-0.199999999999999,10.2,-7.9,-6.6,-0.100000000000001,-1.1,-2.4,1.1,-3.1,4.09999999999999,20.4,1,North Carolina,73
292,293,2019,1,15,Bradley,65,11,5,12,18.8,-9.5,0.4427,5.5,-3.7,-0.300000000000001,-3.5,7.2,-0.300000000000001,-2.7,-8.1,7.8,-4.6,0.799999999999997,-1.2,2.09999999999999,18.6,2,Michigan State,65
293,294,2019,1,11,Ohio State,62,-3,0,-3,-10.6,-2.8,-0.0791000000000001,-4.40000000000001,-0.100000000000001,2.4,-0.600000000000001,-0.699999999999999,-4.2,3.7,8.2,-5.3,0.799999999999997,-2.1,-0.899999999999999,-1.89999999999999,-3.4,6,Iowa State,62
294,295,2019,1,16,Gardner Webb,56,15,6,12,17.0,-16.7,0.4884,0.400000000000006,-5.8,-2.4,-0.699999999999999,8.0,-5.9,-9.2,-1.3,-1.1,-4.7,1.8,-4.8,-8.0,16.1,1,Virginia,56
295,296,2019,1,13,Vermont,69,7,4,2,4.7,-7.19999999999999,0.1822,-2.1,-1.5,2.1,1.2,5.5,4.8,-0.100000000000001,8.2,-0.700000000000003,-1.0,-2.7,-1.6,3.3,8.6,4,Florida State,69
296,297,2019,1,16,Fairleigh Dickinson,49,38,4,12,18.9,-20.4,0.625,4.8,-7.8,-4.8,-1.2,2.0,-6.4,-0.400000000000006,-3.5,10.4,-7.9,-3.8,-4.9,4.0,16.3,1,Gonzaga,49
297,298,2019,1,16,North Dakota State,62,23,5,13,12.3,-19.8,0.5277,0.100000000000001,-8.6,1.8,5.0,14.9,3.6,1.0,-2.5,5.9,-7.6,-5.9,-7.1,7.09999999999999,19.8,1,Duke,62
298,299,2019,1,13,Northeastern,53,34,2,3,3.80000000000001,-10.1,0.238,-3.9,-4.3,2.2,1.5,7.4,3.3,-1.8,0.0,-3.2,-7.0,-3.2,-0.100000000000001,4.0,11.1,4,Kansas,53
299,300,2019,1,11,Saint Mary’s,57,4,2,4,1.5,2.60000000000001,-0.0189,-0.599999999999994,1.5,0.699999999999999,1.7,-0.899999999999999,4.7,5.3,-0.900000000000002,1.40000000000001,0.5,-2.59999999999999,2.2,1.0,4.4,6,Villanova,57
300,301,2019,1,13,Saint Louis,52,14,-1,3,16.5,-2.3,0.2758,8.9,2.1,-2.0,2.2,-6.4,2.1,-7.5,-7.2,5.7,2.3,9.0,1.3,-2.60000000000001,8.2,4,Virginia Tech,52
301,302,2019,1,11,Belmont,77,2,2,-4,-3.30000000000001,-7.7,0.0737,-6.2,-2.8,4.2,-1.9,8.8,-0.199999999999999,4.3,-0.799999999999997,-8.40000000000001,-2.5,-2.1,-2.5,-4.8,3.0,6,Maryland,77
302,303,2019,1,13,UC Irvine,70,-6,2,6,-0.799999999999997,9.8,-0.1693,1.9,-4.1,0.100000000000001,-6.1,5.4,1.3,-1.9,2.3,1.2,-8.3,2.5,2.5,1.69999999999999,-5.8,4,Kansas State,70
303,304,2019,1,9,Baylor,78,-9,0,0,4.09999999999999,5.0,-0.0222,1.6,1.0,1.2,-4.5,7.7,-4.0,-4.5,2.2,1.90000000000001,0.600000000000001,0.800000000000004,1.6,-0.700000000000003,0.5,8,Syracuse,78
304,305,2019,1,15,Colgate,70,7,2,7,13.7,-10.3,0.3527,-0.600000000000001,-2.6,-3.5,0.199999999999999,1.4,3.1,4.9,6.7,1.9,-5.8,-2.8,1.5,0.899999999999991,14.3,2,Tennessee,70
305,306,2019,1,10,Iowa,79,-7,0,-5,3.8,6.8,-0.0486,3.7,2.9,1.2,-2.5,-7.6,0.0999999999999979,4.7,-1.7,3.8,8.4,1.9,-3.1,5.90000000000001,-2.6,7,Cincinnati,79
306,307,2019,1,12,New Mexico State,77,1,6,0,9.5,-3.0,0.1265,0.299999999999997,2.8,-1.0,5.5,-5.4,10.3,-3.7,3.9,-5.0,3.4,4.1,1.3,2.2,4.7,5,Auburn,77
307,308,2019,1,14,Old Dominion,48,13,1,0,23.5,-0.299999999999997,0.32,6.4,3.4,-2.0,0.100000000000001,2.4,2.2,1.0,-0.699999999999999,7.4,3.7,2.5,1.8,1.09999999999999,7.9,3,Purdue,48
308,309,2019,1,10,Minnesota,86,-10,2,2,-2.5,3.2,-0.0739,-2.7,2.8,-0.399999999999999,0.799999999999997,2.3,2.5,6.7,-3.8,-2.1,2.7,-2.5,2.0,0.200000000000003,0.4,7,Louisville,86
309,310,2019,1,10,Seton Hall,68,16,-2,10,8.5,0.199999999999989,0.1143,7.6,0.299999999999997,-1.4,-0.699999999999999,2.3,-4.0,-6.7,-0.999999999999996,3.3,1.9,9.0,-1.4,-3.30000000000001,4.4,7,Wofford,68
310,311,2019,1,9,Oklahoma,95,-23,1,0,-2.8,-4.80000000000001,0.0347,-2.7,-3.5,-1.2,-3.3,-4.4,-1.5,0.400000000000002,-10.4,-3.0,-2.40000000000001,-1.2,-4.1,0.599999999999994,1.6,8,Mississippi,95
311,312,2019,1,14,Georgia State,55,29,4,9,9.3,-10.6,0.3021,-1.6,-7.8,0.100000000000001,-2.8,11.4,-7.8,-3.8,6.4,0.0999999999999943,-8.2,-2.6,-4.9,-4.0,9.1,3,Houston,55
312,313,2019,1,11,Arizona State,74,17,1,9,4.89999999999999,-2.3,0.1069,2.8,-1.2,-2.7,1.3,0.0,0.0,-11.1,-6.7,4.90000000000001,2.0,0.100000000000001,-4.1,3.0,5.4,6,Buffalo,74
313,314,2019,1,14,Yale,74,5,6,6,7.40000000000001,-5.90000000000001,0.2047,-4.4,2.6,0.0999999999999979,4.9,10.4,6.2,7.0,2.0,-3.1,1.6,-4.6,2.7,-1.0,8.2,3,LSU,74
314,315,2019,1,12,Oregon,72,-18,4,2,-0.100000000000009,3.10000000000001,-0.0402,0.899999999999999,1.2,3.2,3.7,5.1,2.3,2.1,8.1,1.9,4.7,-0.799999999999997,-2.5,0.400000000000006,-7.4,5,Wisconsin,72
315,316,2019,1,14,Northern Kentucky,57,15,5,5,7.40000000000001,-16.1,0.2977,-1.1,-6.1,-0.100000000000001,4.4,-3.2,2.7,-1.9,1.4,-2.2,-8.0,0.5,-2.3,-1.8,9.2,3,Texas Tech,57
316,317,2019,1,10,Florida,70,-9,2,-9,-2.2,-4.30000000000001,0.0329,-3.90000000000001,0.399999999999999,3.3,3.2,3.4,7.3,-10.9,5.6,-5.4,2.2,-1.3,-1.6,-6.5,-3.1,7,Nevada,70
317,318,2019,1,12,Murray State,83,-19,-3,4,-1.3,2.69999999999999,-0.0672,1.3,0.200000000000003,-2.2,2.8,2.6,4.6,-1.6,-8.5,6.2,3.2,-3.9,-3.5,-0.299999999999997,-1.5,5,Marquette,83
318,319,2019,1,9,Washington,78,-17,2,-1,-5.7,-3.7,-0.0232,-1.8,1.0,1.6,6.9,-2.9,12.6,-2.0,-0.299999999999997,-2.3,3.8,-0.700000000000003,-1.9,-2.3,1.1,8,Utah State,78
319,320,2019,1,9,UCF,73,-15,0,-1,8.10000000000001,5.7,0.0142,2.8,1.9,-2.4,-5.4,-1.5,-1.0,9.59999999999999,-7.4,-1.1,0.700000000000003,6.0,2.8,-3.3,0.9,8,VCU,73
320,321,2019,2,10,Florida,49,15,1,10,4.3,-6.0,0.0718,1.8,-4.0,-4.0,-4.4,-5.9,-7.4,-2.4,-9.5,2.3,-4.2,0.800000000000004,-2.5,1.60000000000001,8.5,2,Michigan,49
321,322,2019,2,9,Washington,59,22,0,2,14.5,-1.69999999999999,0.1485,0.799999999999997,1.4,-2.6,-5.9,6.2,-12.1,-4.5,-5.6,0.200000000000003,1.9,1.2,0.100000000000001,8.7,6.9,1,North Carolina,59
322,323,2019,2,9,Oklahoma,51,12,4,15,12.5,-3.19999999999999,0.0956,4.8,-2.8,-2.3,0.199999999999999,4.6,-2.4,-2.2,3.2,2.8,-0.0999999999999943,4.9,-4.4,-9.59999999999999,8.6,1,Virginia,51
323,324,2019,2,9,Baylor,71,12,3,13,8.80000000000001,-9.3,0.1344,7.8,-4.9,-4.8,0.399999999999999,-6.4,-2.6,3.0,-10.6,10.2,-4.1,2.2,-4.1,5.40000000000001,6.1,1,Gonzaga,71
324,325,2019,2,9,UCF,76,1,5,8,6.2,-4.09999999999999,0.0666,0.700000000000003,-0.399999999999999,-0.100000000000001,1.4,6.1,-0.100000000000001,-12.1,-5.2,6.0,0.5,-5.7,-1.4,7.19999999999999,9.2,1,Duke,76
325,326,2019,2,12,Liberty,58,9,2,-3,8.59999999999999,-6.19999999999999,0.1929,-0.299999999999997,0.100000000000001,0.100000000000001,1.1,4.4,0.800000000000001,5.2,-6.4,-3.5,0.700000000000003,2.6,-0.599999999999994,1.59999999999999,5.6,4,Virginia Tech,58
326,327,2019,2,5,Auburn,89,-14,3,4,8.39999999999999,2.8,0.0327999999999999,1.8,3.90000000000001,-2.0,6.4,1.5,4.9,-1.6,8.6,-0.899999999999999,5.4,3.1,1.2,-2.2,-2.2,4,Kansas,89
327,328,2019,2,6,Villanova,61,26,0,0,8.2,-4.60000000000001,0.1091,0.399999999999999,-1.4,-1.1,0.600000000000001,4.2,-0.699999999999999,-4.5,3.5,-2.2,-2.5,2.2,-0.0999999999999943,1.90000000000001,2.5,3,Purdue,61
328,329,2019,2,7,Wofford,56,6,5,0,1.09999999999999,-7.3,0.0676,-4.5,-3.3,2.5,-1.2,5.0,0.300000000000001,14.1,-5.0,-1.0,-7.0,-6.0,1.7,-0.199999999999989,4.8,2,Kentucky,56
329,330,2019,2,10,Iowa,77,6,1,8,6.7,-5.39999999999999,0.1103,2.59999999999999,-3.4,-1.4,-0.399999999999999,1.8,0.800000000000001,-9.0,6.1,4.0,-8.8,0.300000000000004,3.0,-2.10000000000001,6.7,2,Tennessee,77
330,331,2019,2,11,Ohio State,59,15,2,13,7.90000000000001,-3.3,0.111,1.8,-5.8,-2.2,0.0,6.8,0.100000000000001,-2.1,5.5,1.59999999999999,-4.9,1.4,-4.8,0.0999999999999943,6.9,3,Houston,59
331,332,2019,2,10,Minnesota,50,20,3,10,9.5,-5.3,0.1313,7.0,-5.6,1.4,-2.0,2.5,-2.0,-8.0,-0.699999999999999,5.8,-6.8,6.1,-2.4,-0.200000000000003,8.0,2,Michigan State,50
332,333,2019,2,13,UC Irvine,73,-19,-2,6,-0.899999999999991,5.89999999999999,-0.1229,-0.700000000000003,-2.3,-0.300000000000001,-4.2,4.1,-1.8,-0.699999999999999,-0.899999999999999,-1.5,-8.09999999999999,0.799999999999997,4.9,1.19999999999999,1.8,12,Oregon,73
333,334,2019,2,6,Maryland,67,2,1,5,6.30000000000001,3.3,0.0206000000000001,-0.199999999999996,4.0,-1.5,6.0,2.6,6.0,4.3,6.5,2.1,4.7,-3.0,1.8,3.5,3.1,3,LSU,67
334,335,2019,2,6,Buffalo,58,20,3,-1,1.60000000000001,-10.1,0.0877,0.100000000000001,-4.3,1.7,2.5,-4.3,1.8,0.199999999999996,4.7,-2.90000000000001,-7.4,2.8,0.399999999999999,-7.40000000000001,1.5,3,Texas Tech,58
335,336,2019,2,12,Murray State,62,28,6,1,1.3,-7.69999999999999,0.1294,-4.3,0.700000000000003,1.7,0.900000000000002,0.799999999999997,-3.7,2.3,8.3,-5.3,-3.0,-1.7,4.6,-0.200000000000003,6.4,4,Florida State,62
336,337,2021,1,15,Cleveland State,56,31,0,5,20.7,-9.8,0.4841,0.699999999999996,-6.0,-2.2,1.4,8.5,-3.8,-1.2,5.2,-2.2,-7.9,3.6,-2.3,-1.2,6.7,2,Houston,56
337,338,2021,1,10,Rutgers,60,-4,3,-1,0.799999999999997,-0.0,0.0095999999999999,-0.199999999999996,-1.0,-3.1,-2.7,0.799999999999997,2.5,4.1,3.6,2.7,-0.100000000000001,-3.5,-1.6,3.39999999999999,-1.0,7,Clemson,60
338,339,2021,1,14,Morehead State,67,17,-1,-5,16.6,-1.40000000000001,0.3268,-3.2,3.2,-5.9,2.7,4.3,6.4,2.6,5.4,-5.4,3.7,1.0,1.6,4.0,5.0,3,West Virginia,67
339,340,2021,1,11,Syracuse,78,-16,-1,-7,1.7,7.59999999999999,-0.0789000000000001,-2.0,1.8,-0.899999999999999,-1.7,0.200000000000003,9.1,-6.2,-7.6,0.399999999999999,4.7,-3.8,-1.2,3.40000000000001,-2.3,6,San Diego State,78
340,341,2021,1,13,Liberty,60,9,4,-3,0.200000000000003,-9.2,0.1781,-5.3,-0.799999999999997,5.8,2.0,8.8,7.8,10.9,0.899999999999999,-4.0,-0.899999999999999,-5.0,-0.500000000000004,8.2,6.3,4,Oklahoma State,60
341,342,2021,1,12,Oregon State,70,-14,2,-1,-0.299999999999997,10.4,-0.1783,-1.4,4.5,-1.0,-4.4,-1.6,0.799999999999997,-1.1,7.1,-2.9,7.7,0.800000000000004,-0.400000000000002,-1.80000000000001,-4.0,5,Tennessee,70
342,343,2021,1,9,Georgia Tech,60,11,1,7,-4.5,-6.5,0.0316,2.4,-5.5,2.6,-1.1,1.2,-8.7,1.7,-6.5,3.2,-5.2,0.800000000000004,-4.2,-3.8,-0.2,8,Loyola Chicago,60
343,344,2021,1,16,Drexel,49,29,10,11,9.8,-14.6,0.3771,1.3,-3.0,-1.4,-0.299999999999997,3.6,-2.1,10.7,3.3,1.8,-5.0,0.399999999999999,0.600000000000001,6.3,13.4,1,Illinois,49
344,345,2021,1,15,Oral Roberts,75,-3,-7,-5,-15.1,10.1,-0.4359,0.5,1.5,0.399999999999999,3.2,-5.9,5.6,-9.8,-0.699999999999996,-2.4,1.6,2.3,1.5,4.5,-11.1,2,Ohio State,75
345,346,2021,1,10,Virginia Tech,70,5,2,-1,1.3,-1.09999999999999,0.0322,0.0,-0.899999999999999,3.4,2.9,2.3,7.2,0.599999999999994,3.9,0.199999999999996,0.799999999999997,0.0,-2.4,2.09999999999999,0.5,7,Florida,70
346,347,2021,1,14,Colgate,68,17,13,8,-0.399999999999991,-8.8,0.1356,-5.6,1.9,3.6,3.7,3.8,0.599999999999998,1.6,4.2,-3.5,-2.6,-6.3,6.5,1.19999999999999,4.3,3,Arkansas,68
347,348,2021,1,11,Utah State,53,12,0,-3,7.09999999999999,2.2,0.0488,-0.0999999999999943,2.3,-3.5,4.1,-1.5,8.4,9.9,10.3,-0.899999999999999,1.9,1.1,2.1,-3.3,2.0,6,Texas Tech,53
348,349,2021,1,13,North Texas,78,-9,-2,-1,-8.0,1.69999999999999,-0.1416,2.6,-2.9,1.7,4.5,-4.3,2.8,-5.0,1.4,0.799999999999997,-4.90000000000001,3.8,0.100000000000001,-3.3,-6.3,4,Purdue,78
349,350,2021,1,12,Winthrop,63,10,-2,-7,13.7,-0.200000000000003,0.2101,-0.200000000000003,2.8,-6.0,-3.5,-7.7,2.6,-5.7,-8.0,-0.200000000000003,1.8,-0.0999999999999943,3.0,-8.7,2.3,5,Villanova,63
350,351,2021,1,9,Wisconsin,85,-23,1,-1,2.5,-1.19999999999999,0.0386,0.899999999999999,-0.800000000000004,-7.0,-1.5,-17.5,-1.2,-8.0,1.4,-2.6,0.300000000000004,4.3,-1.4,-6.8,-0.0999999999999996,8,North Carolina,85
351,352,2021,1,16,Hartford,55,24,1,7,25.9,-5.09999999999999,0.5203,7.1,1.5,-1.4,4.2,12.7,2.3,-1.6,6.7,2.8,-2.6,9.09999999999999,5.3,1.89999999999999,11.5,1,Baylor,55
352,353,2021,1,15,Iona,55,13,13,12,9.90000000000001,-11.4,0.3893,0.0999999999999943,-0.300000000000004,-3.8,1.5,-1.9,3.7,-7.5,-14.4,0.200000000000003,0.600000000000001,-0.399999999999999,-1.3,5.40000000000001,10.0,2,Alabama,55
353,354,2021,1,10,Maryland,63,-9,6,1,-4.59999999999999,0.200000000000003,-0.0452999999999999,3.1,2.3,-0.800000000000001,-2.7,-16.0,-5.0,3.0,-11.3,3.8,0.799999999999997,1.3,2.7,-0.299999999999997,-1.9,7,Connecticut,63
354,355,2021,1,14,Abilene Christian,53,-1,-3,4,-12.0,1.2,-0.2081,-0.0,-1.3,-0.800000000000001,8.9,-0.699999999999999,1.0,-0.0,5.8,-1.6,0.5,2.0,-3.2,0.900000000000006,-5.3,3,Texas,53
355,356,2021,1,11,UCLA,73,-11,1,-3,-0.5,4.2,-0.0641,-3.0,4.1,-2.4,1.6,1.8,1.1,4.8,-1.4,-3.9,3.9,-0.599999999999994,2.7,-3.5,-2.3,6,BYU,73
356,357,2021,1,13,UNC Greensboro,54,10,-7,-5,15.5,-3.5,0.2952,6.2,-1.6,4.5,-1.4,3.0,5.5,8.9,-0.100000000000001,1.8,-4.09999999999999,9.0,1.4,2.10000000000001,6.0,4,Florida State,54
357,358,2021,1,12,Georgetown,73,23,5,9,5.2,0.299999999999997,0.0529,2.4,-0.299999999999997,-4.9,3.6,-1.5,-1.7,-0.400000000000002,2.1,4.2,-0.899999999999999,0.100000000000001,0.699999999999996,-3.2,3.6,5,Colorado,73
358,359,2021,1,9,Saint Bonaventure,61,15,7,2,8.2,6.89999999999999,0.0004,2.3,3.0,-0.799999999999997,-1.1,-2.1,4.4,6.1,0.800000000000001,3.7,6.2,-0.399999999999999,-0.600000000000001,5.7,0.3,8,LSU,61
359,360,2021,1,16,Texas Southern,66,16,1,4,20.8,-12.4,0.6214,6.6,-1.6,-5.1,-4.1,-3.5,-0.899999999999999,-10.0,-9.3,2.3,-2.90000000000001,11.0,1.1,-4.89999999999999,11.7,1,Michigan,66
360,361,2021,1,15,Grand Canyon,74,12,9,4,20.8,-0.299999999999997,0.2639,1.6,3.4,-7.1,-0.300000000000001,-1.7,6.0,-2.7,-7.0,-3.3,0.899999999999999,6.4,4.9,4.59999999999999,8.8,2,Iowa,74
361,362,2021,1,14,Eastern Washington,84,9,5,4,0.799999999999997,-11.1,0.2235,-4.3,-0.5,1.2,3.5,7.0,1.1,0.100000000000001,-1.2,-4.90000000000001,-1.7,-2.1,1.0,-4.0,7.8,3,Kansas,84
362,363,2021,1,11,Drake,56,16,2,-3,0.200000000000003,-9.59999999999999,0.1544,-2.4,-3.0,2.9,-1.4,4.1,2.4,12.3,-4.9,-2.3,-7.5,-1.8,3.4,0.5,2.1,6,USC,56
363,364,2021,1,13,Ohio,62,-4,-2,-2,-2.69999999999999,6.8,-0.1364,-0.300000000000004,3.2,1.6,4.8,5.6,4.8,7.6,5.6,1.1,5.5,-1.5,-0.299999999999997,9.4,-5.4,4,Virginia,62
364,365,2021,1,12,UC Santa Barbara,62,1,4,-2,6.5,-3.3,0.141,2.7,-0.800000000000004,-0.699999999999999,-3.0,-3.4,3.7,-8.6,-2.3,2.9,-0.5,1.90000000000001,-1.3,3.3,3.7,5,Creighton,62
365,366,2021,1,9,Missouri,68,4,0,-1,-0.299999999999997,-0.5,0.0042999999999999,-0.100000000000001,0.399999999999999,-3.1,0.300000000000001,-1.3,-1.7,-8.4,-13.6,-1.8,-2.0,1.8,2.7,-1.0,-1.8,8,Oklahoma,68
366,367,2021,1,16,Norfolk State,55,43,5,10,26.0,-14.3,0.6093,11.3,0.100000000000001,-1.7,-0.399999999999999,1.6,-5.3,-1.9,-16.1,17.9,-0.400000000000006,-0.899999999999999,0.800000000000001,6.69999999999999,13.5,1,Gonzaga,55
367,368,2021,2,10,Rutgers,60,3,0,9,13.9,-1.0,0.1156,1.09999999999999,-4.8,-0.0999999999999979,2.7,12.0,-1.1,3.0,9.2,-2.0,-4.4,4.4,-3.6,-2.8,2.1,2,Houston,60
368,369,2021,2,11,Syracuse,75,-3,-2,-2,-3.10000000000001,2.3,-0.0644,2.0,-1.7,-1.0,0.100000000000001,-5.5,2.2,-11.3,-3.4,4.5,-2.0,-2.0,-0.699999999999996,-0.199999999999989,-2.5,3,West Virginia,75
369,370,2021,2,12,Oregon State,80,-10,0,-3,-0.799999999999997,7.3,-0.1461,-3.4,3.2,-4.2,-0.800000000000001,-2.1,-0.800000000000001,-2.4,7.7,-5.9,5.6,0.800000000000004,-0.300000000000001,-6.5,-6.2,4,Oklahoma State,80
370,371,2021,2,8,Loyola Chicago,71,-13,-3,1,-9.2,-2.10000000000001,-0.0403,0.699999999999996,0.100000000000001,0.300000000000001,5.5,-7.0,-1.2,-8.5,-8.1,2.7,0.100000000000001,-1.9,-0.200000000000003,-6.8,-7.2,1,Illinois,71
371,372,2021,2,15,Oral Roberts,81,-3,0,2,-3.59999999999999,13.7,-0.3767,1.1,2.9,-5.0,-2.3,-7.5,1.5,-6.0,-1.7,-2.2,0.600000000000001,3.09999999999999,5.0,2.80000000000001,-6.5,7,Florida,81
372,373,2021,2,6,Texas Tech,66,2,1,5,-1.89999999999999,-1.0,-0.0059999999999998,1.8,-0.299999999999997,1.2,-3.5,-2.1,-3.5,-6.59999999999999,-7.1,3.2,2.1,-0.800000000000004,-2.5,7.39999999999999,3.7,3,Arkansas,66
373,374,2021,2,13,North Texas,61,23,-3,-1,13.5,2.10000000000001,0.1498,-1.2,6.09999999999999,-6.9,-2.4,0.0,-2.1,2.8,-5.9,-0.100000000000001,6.2,-2.09999999999999,3.8,1.8,5.7,5,Villanova,61
374,375,2021,2,9,Wisconsin,63,13,-5,5,11.9,4.09999999999999,0.0385,8.1,1.2,4.1,6.8,13.8,5.8,0.100000000000001,3.2,7.8,1.0,5.8,1.0,3.8,4.4,1,Baylor,63
375,376,2021,2,10,Maryland,77,19,2,8,1.0,-4.90000000000001,0.0608,-1.3,-3.2,1.8,4.2,10.6,5.0,-4.0,6.3,-2.7,0.0,0.200000000000003,-5.5,8.5,6.6,2,Alabama,77
376,377,2021,2,14,Abilene Christian,47,20,3,-6,10.5,2.8,0.1373,-0.899999999999999,5.3,-2.8,-9.1,-0.200000000000003,-3.5,-1.4,-14.5,-0.199999999999996,3.1,-1.0,6.0,-5.3,2.1,11,UCLA,47
377,378,2021,2,5,Colorado,53,18,-8,-6,4.09999999999999,0.5,0.026,2.4,-1.2,3.3,-0.199999999999999,4.5,5.8,2.8,8.3,1.8,-2.3,2.3,0.0,4.10000000000001,-0.1,4,Florida State,53
378,379,2021,2,8,LSU,78,8,-3,2,-1.2,-8.7,0.0652999999999999,2.1,-3.6,0.199999999999999,-3.3,-2.1,-8.0,-5.0,-4.6,0.299999999999997,-9.0,3.7,3.5,-3.5,4.8,1,Michigan,78
379,380,2021,2,7,Oregon,95,-15,-3,-1,-10.4,2.5,-0.1141,-0.200000000000003,1.8,3.5,4.0,-2.4,-1.4,-5.2,4.5,0.5,4.1,-0.700000000000003,-1.2,-2.8,-2.6,2,Iowa,95
380,381,2021,2,6,USC,85,-34,2,2,3.5,2.0,0.0088,2.3,-1.6,0.400000000000002,-2.6,4.8,0.400000000000002,7.0,-1.7,2.8,-3.7,1.0,1.6,-1.0,-0.6,3,Kansas,85
381,382,2021,2,13,Ohio,58,14,6,4,2.5,-6.40000000000001,0.131,-0.0999999999999943,-4.2,-1.2,-2.2,-3.9,0.800000000000001,-2.7,-4.5,-0.100000000000001,-5.5,0.100000000000001,-1.6,-0.200000000000003,5.5,5,Creighton,58
382,383,2021,2,8,Oklahoma,71,16,1,11,14.4,-4.7,0.1149,10.2,-1.4,0.300000000000001,1.6,3.1,-4.1,7.6,3.1,13.2,0.5,2.7,-2.9,7.0,8.2,1,Gonzaga,71
