TEAM,CONF,G,W,ADJOE,ADJDE,BARTHAG,EFG_O,EFG_D,TOR,TORD,ORB,DRB,FTR,FTRD,2P_O,2P_D,3P_O,3P_D,ADJ_T,WAB,POSTSEASON,SEED,YEAR
Louisville,BE,40,35,115.9,84.5,0.9743,50.6,44.8,18.3,27,38.2,33.3,40,34.9,50.8,43.4,33.3,31.8,67.1,9,Champions,1,2013
Gonzaga,WCC,34,31,118.9,90.2,0.9599,54.9,44.9,17.2,20.8,37.8,29.8,40.8,29.9,55,42.1,36.5,32.9,65.1,7.6,R32,1,2013
Indiana,B10,36,29,121,89.7,0.9692,54.7,44,19.3,20.9,39,31.4,45.8,27,52,43.2,40.3,30.4,67.8,7.8,S16,1,2013
Kansas,B12,37,31,111.6,86.2,0.9514,53.3,41.5,20.3,18.4,33.8,29.3,39.5,32,52.9,39.3,36.4,30.3,67.7,7.5,S16,1,2013
Ohio State,B10,37,29,113.6,89.4,0.9406,50.6,45.4,16.2,20.7,31.8,28.2,35.5,29.5,49.4,43.6,35.6,32.4,65.3,7.2,E8,2,2013
Duke,ACC,36,30,118.4,91.5,0.9507,53.9,45.5,15.6,20.4,28.8,32.3,39.2,32.7,50.8,46.2,39.9,29,67.8,7.5,E8,2,2013
Georgetown,BE,32,25,107.6,85,0.9381,51.1,43,20.1,22.4,30.4,31,36.8,35.3,50.2,41.4,35.3,30.7,62.5,6.6,R64,2,2013
Miami FL,ACC,36,29,112.4,90.8,0.9207,51.9,45.7,16.7,18.4,31.3,28.4,34.6,28.3,50.6,44,36.2,32.6,63,6.3,S16,2,2013
Marquette,BE,35,26,113,93.2,0.902,49.6,46.2,20.9,19.5,38.4,33.1,40.9,31.7,51.6,44.9,29.6,32.3,64.6,4.5,E8,3,2013
Florida,SEC,37,29,115.7,85.7,0.9694,55.2,43.3,17.8,22.5,34.2,28.4,31,29.9,54.3,41.8,37.8,31,62.8,4.1,E8,3,2013
New Mexico,MWC,35,29,107,91.1,0.8641,48.4,45.9,17.6,19.5,29.3,27.6,45.7,25.7,46.1,42,35.1,34.6,65.4,6.9,R64,3,2013
Michigan State,B10,35,26,111.4,87.8,0.9392,50.6,44.5,20.8,19.2,36.1,27.6,36.6,32.4,50.4,44.3,34.1,30.1,64.4,6.7,S16,3,2013
Michigan,B10,38,30,121.5,93.7,0.9522,54.6,48,14.6,18.7,32.5,29.4,28.4,22.7,53.4,47.6,37.9,32.6,64.8,6.2,2ND,4,2013
Syracuse,BE,40,30,113,87,0.9533,49,42.6,18.9,23.6,38.8,34.5,36.8,35.4,48.5,42.6,33.4,28.4,65.4,5.1,F4,4,2013
Saint Louis,A10,35,28,108,87.5,0.9181,50.4,45.5,17.6,23.6,27.9,29.1,44,35,50,44.1,34,33.1,64.7,3.8,R32,4,2013
Kansas State,B12,34,26,113.4,94.5,0.8896,49.1,47.5,18.2,22.2,38.5,33.8,31.7,36.8,46.8,46.5,35.8,33.3,63,5.4,R64,4,2013
VCU,A10,36,27,113.8,92.1,0.9195,51.3,49.9,16.9,28.5,36.6,34.7,29.8,40.3,50.5,50.1,35.1,32.9,68.1,2.6,R32,5,2013
Wisconsin,B10,35,23,107.2,84.3,0.9406,48.6,43,15.7,18,32.6,26.9,29.7,25.7,48,42.8,33,28.9,61.9,4.6,R64,5,2013
Oklahoma State,B12,33,24,107.1,88.6,0.8983,48.8,44.5,18.2,21.7,31.3,30.8,40.5,35.1,49.5,42.4,31.6,32.4,67.3,3.2,R64,5,2013
UNLV,MWC,34,24,104.7,88.4,0.8749,48.9,44.1,20.2,18.5,33.3,27.1,36.7,29.6,48.9,42.6,32.6,31.6,69.3,1.8,R64,5,2013
Butler,A10,35,26,109.2,93,0.8624,50.7,46.7,20.2,17.4,35.9,26.3,38.4,36.1,50.2,45.3,34.3,33.2,64.7,4.7,R32,6,2013
Memphis,CUSA,36,31,106.1,90.2,0.8672,52.4,45.5,20.7,22.1,35.6,31.1,37.2,34.9,51.1,43.8,37.2,33,69.3,4.5,R32,6,2013
UCLA,P12,35,25,110,94.8,0.8475,49.1,47.5,15.8,19.9,30.7,34,33.1,24.6,48.9,46.9,33.3,32.4,69.6,3.3,R64,6,2013
Arizona,P12,35,27,114.4,92.2,0.9229,52.5,46.6,19.5,19.8,35,26.7,37.4,32.9,50.6,43.4,37.1,35.8,66.8,4.6,S16,6,2013
San Diego State,MWC,32,21,106,89.5,0.8752,48.5,44.7,18.1,18.2,31.8,27.9,35.3,28.9,48.3,43.3,32.7,31.8,66.8,0.4,R32,7,2013
Illinois,B10,34,21,109.8,92.7,0.8749,47.5,48.7,17.6,21.7,33.6,33,31,36,47.4,47.4,31.7,34.1,66.1,2.4,R32,7,2013
Creighton,MVC,36,28,116.4,95,0.9117,58.2,45.9,18.9,16.1,28.8,27.2,34.2,26.1,55.7,45.5,41.4,31.2,65.2,3.5,R32,7,2013
Notre Dame,BE,35,25,112.9,95.4,0.8748,52.2,46.8,17.6,16,34,29.5,32,24.6,50.6,45.9,37,32.5,61.7,3.9,R64,7,2013
Colorado State,MWC,33,24,116.6,98.4,0.8759,49.2,48.6,17.2,16.5,41.4,23.2,44.1,36.4,48.4,47.1,34.1,34.1,64.8,1.9,R32,8,2013
North Carolina,ACC,35,24,111.6,93,0.8902,49.3,48,17.2,21.5,34.6,31.6,28.2,27.1,46.3,46.3,37.2,34.4,71.4,2.5,R32,8,2013
Pittsburgh,BE,33,24,112.8,91.1,0.9217,51.7,44.6,18.1,22,40.4,30,37.5,36.4,51.5,44,34.9,30.4,60.3,3.1,R64,8,2013
North Carolina State,ACC,35,24,115.2,98,0.865,54.2,46.8,18,16.6,34.7,32.6,40.9,29,52.8,47.5,39.1,30.2,68.1,2.2,R64,8,2013
Wichita State,MVC,39,30,110.6,91,0.9045,50,45.3,19.4,20,38,26.5,36.5,38.3,49.6,43.6,33.9,32.2,65,2.2,F4,9,2013
Temple,A10,34,24,110.7,96.9,0.822,49,49,15.9,20.1,30.8,31.4,35.6,34.1,48.8,47.3,32.8,35.3,66.8,1.5,R32,9,2013
Villanova,BE,33,19,105.3,90.5,0.8507,47.3,47.3,22.9,22,33.1,29.5,50.6,40.9,46,42.4,33.2,37.3,67.7,0.3,R64,9,2013
Missouri,SEC,34,23,113.3,95.2,0.8815,51.2,46.1,18.9,17.6,38.7,28.6,35,29.7,51.4,44.1,33.9,33.2,67.7,1.2,R64,9,2013
Iowa State,B12,35,23,117.2,98.3,0.8828,53.8,48,18.5,18.6,34.2,28.5,33,32.7,51.9,48.8,37.4,31.1,69.6,0.7,R32,10,2013
Oklahoma,B12,32,20,110.3,95.6,0.8391,47.8,47.4,17.5,19.6,33.2,31.5,35.4,31.4,47.6,46.4,32.3,32.9,66.7,0.3,R64,10,2013
Colorado,P12,33,21,104.9,90.2,0.8513,48.3,45.9,20,19.4,33.6,30.4,40.9,25.3,47,44.7,34.4,32,65.5,1.4,R64,10,2013
Cincinnati,BE,34,22,104.5,88.3,0.873,46.2,43.3,19.4,20.3,38.7,29.8,35.5,32.7,45.5,42.3,31.6,30.4,65.5,1.7,R64,10,2013
Minnesota,B10,34,21,112.6,92.5,0.905,49.3,45.6,21.6,20.2,43.6,33.2,41.6,36.7,48.8,42.8,33.7,33.9,64.1,2.1,R32,11,2013
Belmont,OVC,31,24,108.9,96.2,0.8064,56.5,48,19.6,25,29.7,34.2,32.8,37,56.9,46.7,37.2,33.5,67.4,0.1,R64,11,2013
Bucknell,Pat,33,27,104.7,93.1,0.7936,49.6,42.5,15.1,14.1,29.3,24.3,35.7,29.4,48.3,41.1,35.8,30.5,63.4,1,R64,11,2013
Saint Mary’s,WCC,34,27,113.9,94.9,0.891,53.7,47.1,18.3,17.9,36.9,25,37,36.9,52.3,44,37.3,36.7,64.8,2.5,R64,11,2013
UC Berkeley,P12,33,21,105.4,92.3,0.8211,48,44.3,18.9,16.8,32.5,30.7,31.2,32.5,48.8,41.7,30.2,33.6,66.5,0.5,R32,12,2013
Mississippi,SEC,36,27,110,95.6,0.834,49.1,46.4,15.9,21.5,34.1,31.8,38.8,31.1,49.4,46.2,32.4,31.3,70.9,1.6,R32,12,2013
Akron,MAC,32,25,103.4,94.4,0.7402,51,44.6,20.8,20.2,37.6,30.5,36.9,35,52.1,42.7,32.7,32.8,66.5,0.3,R64,12,2013
Oregon,P12,37,28,104.8,88.6,0.8728,49.3,46.4,21.4,22,35.8,27.2,38.4,33.3,49.1,44.9,33.3,33.4,69.2,2.9,S16,12,2013
South Dakota State,Sum,32,22,109.7,103.7,0.6573,53.3,51.2,16.4,17.1,28.9,26.1,33,24.4,50.4,49.8,38.9,35.8,64,-3.2,R64,13,2013
Montana,BSky,30,23,101.6,101.8,0.4929,52.9,48.6,19.1,18.3,25.1,30.5,40.6,35.9,52,48,36.4,33.3,63.9,-1.4,R64,13,2013
New Mexico State,WAC,34,23,102.5,95.3,0.6992,49.3,45.4,21.9,18.6,36.9,29.8,47,30.7,49.8,43.2,31.8,33.9,65.1,-3.1,R64,13,2013
La Salle,A10,34,24,112,96.2,0.8516,51.9,49.3,17.1,21.3,29,34.2,31.3,28.5,49.3,50.6,37.7,30.2,66,0.3,S16,13,2013
Harvard,Ivy,29,19,104.9,99.9,0.6362,54.3,49.2,20.8,20.9,25.6,31.4,49.6,31.2,51.5,48.9,39.8,33.3,64.7,-2.6,R32,14,2013
Northwestern State,Slnd,28,19,104.8,102.1,0.573,49,47.8,19.2,21.7,34.8,37.3,40.3,40.5,50,46.8,31,33.9,73,-3.2,R64,14,2013
Davidson,SC,33,25,110.6,98.3,0.7959,53.1,45.3,17,18.8,29,28.5,38.9,36.4,52,44.3,36.6,32.1,65.2,-1.4,R64,14,2013
Valparaiso,Horz,33,25,107.8,97.9,0.7514,55.7,46.2,21.8,19.5,31.2,28.2,41.7,36.8,55.7,44.5,37.1,33.8,65.6,-0.8,R64,14,2013
Pacific,BW,33,20,104.7,101.1,0.5991,50.5,50,17.8,20,29.2,30.8,37.7,39.3,46.8,48,38.9,35.4,63.4,-5.1,R64,15,2013
Iona,MAAC,34,20,112.8,105,0.6956,52.1,51.6,17.1,19.3,32.8,33.4,32.7,32.2,50.4,49.1,36.7,37.5,71.3,-5.9,R64,15,2013
Albany,AE,35,24,101.2,98.7,0.5722,49.6,48.3,21.2,19.9,31.7,28.2,40,27.8,46.7,47.6,37,33.1,63.2,-4.5,R64,15,2013
Florida Gulf Coast,ASun,35,24,103.4,96.3,0.6952,51.6,46.9,21,22.1,32.5,32.8,35.2,32.7,52.3,46.9,33.4,31.3,69.1,-4,S16,15,2013
Western Kentucky,SB,35,19,100.1,100.4,0.4895,48.6,47.9,22.2,20.8,34.8,30.7,37.6,37.8,48.3,47.6,32.7,32.4,66,-8.4,R64,16,2013
North Carolina A&T,MEAC,36,19,90.6,95.7,0.3459,45.7,45.2,22.7,23.4,29.8,33.2,42.6,41.1,45.4,43.4,30.7,32,66.9,-11.5,R64,16,2013
Southern,SWAC,30,20,95.9,96.7,0.475,49.1,41.9,16.8,20.2,26.2,31.1,40.3,34.9,46,40.5,36.7,30,65,-5.7,R64,16,2013
James Madison,CAA,36,21,98.5,99.4,0.4736,47.6,48.7,17.2,21.1,29.6,31.1,36.8,39.2,46.2,46.9,33.6,34.7,64.2,-8.9,R64,16,2013
Arizona,P12,38,33,116.2,87.4,0.9636,51.7,42.3,15.7,19.1,36.4,27.3,41,34.2,50.7,40.2,36.4,32,64.3,9.4,E8,1,2014
Florida,SEC,39,36,115.9,88.4,0.9575,52.2,45.4,17.5,21.3,35.3,28,42.4,31.2,51.3,43.5,35.9,33,63.1,11.7,F4,1,2014
Wichita State,MVC,35,34,116.4,93,0.9295,52.4,44.7,16.2,18.2,35,26.2,46.9,35.7,52.3,43.6,35,31.1,65.1,8.1,R32,1,2014
Virginia,ACC,37,30,114.6,89.5,0.9449,50.8,44.2,16.5,18.4,33.9,25.8,42,32.5,49,42.1,36.9,32.3,61.2,8.2,S16,1,2014
Michigan,B10,37,28,125,99.9,0.9295,55.7,49.4,14.8,17.1,29.4,30.5,34.9,26.7,52.7,50.2,40.2,31.8,62.6,7.7,E8,2,2014
Wisconsin,B10,38,30,122.7,95.9,0.9441,53.3,47.2,12.7,15.3,28.1,27.4,42.7,27.1,51.3,45.9,37.6,34.1,63.9,7.9,F4,2,2014
Kansas,B12,35,25,119.2,95.6,0.927,54.2,47.1,19.1,16.4,37.3,28.8,48.3,45.5,55.5,44.3,34,35.5,68.2,6.9,R32,2,2014
Villanova,BE,34,29,115.2,92.5,0.926,53.6,46.3,17.3,20,32.6,28.7,44.5,38.6,53.8,43,35.6,35.3,67.6,8.3,R32,2,2014
Creighton,BE,35,27,125.2,101.9,0.9144,58.9,48.5,15,14.8,27.7,27.8,33.9,33,56.3,47,41.4,34.2,65.4,5.6,R32,3,2014
Syracuse,ACC,34,28,114.2,92.8,0.9156,48.2,48,14.8,21.9,38.1,31.5,38.2,36.7,47.7,45.5,33.1,34.5,61.5,7.9,R32,3,2014
Duke,ACC,35,26,125.9,98.6,0.9432,53.8,49.3,14.6,18.5,35.2,31.3,38.8,40.8,50.3,50.3,39.5,30.7,66.7,6.5,R64,3,2014
Iowa State,B12,36,28,118.6,98.8,0.8903,54.2,47.7,14.5,15.9,28.8,28.5,36.4,30.7,54.4,46,35.8,34.1,71.6,7.5,S16,3,2014
Michigan State,B10,38,29,119.6,95.3,0.9319,54.5,45.8,17.4,17.7,32.9,27.5,33.7,40.3,52.1,43.5,39.2,33.2,66.2,6.9,E8,4,2014
Louisville,Amer,37,31,118.8,87.6,0.971,53.5,43.9,15.3,25,37.1,32.7,41.2,38.4,52.7,44.3,36.8,28.6,68.8,5.3,S16,4,2014
San Diego State,MWC,34,29,109.4,90.7,0.896,46.7,44.4,15.2,20.6,36.1,29.4,45.1,32.4,45.1,43.5,34.2,30.8,64,6,S16,4,2014
UCLA,P12,37,28,119,96.6,0.9167,54.1,49.9,14.5,20.3,29.8,28.6,38.2,35.7,53,48.6,38,34.4,70.2,4.5,S16,4,2014
Saint Louis,A10,33,26,104.9,90.4,0.8477,49.6,44.4,18.6,21,28.8,29,40.3,35.6,50.5,44.4,31.7,29.6,67.5,3.8,R32,5,2014
Cincinnati,Amer,34,27,108.7,91.5,0.8783,47.7,44.8,17.4,22.4,39.1,32.3,38.7,36,46.6,43.2,33.5,32,63.5,5.3,R64,5,2014
Oklahoma,B12,33,23,118.2,99.4,0.8793,51.7,49.7,15.7,17.8,32.4,30.4,39.4,38.5,48.7,48.8,37.9,34.2,71.6,4.1,R64,5,2014
VCU,A10,35,26,108.3,89.8,0.8955,47.9,47.8,17.2,25.6,34.9,30.8,35.2,39.7,45.6,48.8,34.9,30.3,70.8,3.6,R64,5,2014
North Carolina,ACC,34,24,113.4,94.7,0.8883,49.9,47,16.9,19.3,38.1,31.3,42.9,41.4,49.7,46.7,33.6,31.7,70.8,4.2,R32,6,2014
Massachusetts,A10,33,24,109,96.9,0.7952,50.4,46.6,18.8,18.7,34.3,31.7,39.2,37.2,49.9,46.8,34.6,30.8,71.8,3.6,R64,6,2014
Ohio State,B10,35,25,108.4,88.5,0.9107,50.3,45.2,17.2,21.9,29.6,29.6,42.3,29.8,51.1,45.9,32.4,29.3,65.4,4.5,R64,6,2014
Baylor,B12,36,24,119.2,99.5,0.8885,51.3,48.7,17.8,15.8,40.1,32,44.8,32.3,48.3,46.4,38,35.6,62.9,3.1,S16,6,2014
Connecticut,Amer,40,32,112.5,91.3,0.9171,51.5,44.6,17.3,19.6,30.4,32.8,38.3,35.7,48.1,42.2,38.7,33,64.8,4.7,Champions,7,2014
Oregon,P12,34,24,118.1,100,0.872,53.5,49.1,16.1,18.9,32.2,31.9,43.8,47.8,51,49.4,38.9,32.4,69.3,2.6,R32,7,2014
Texas,B12,35,24,112.4,96.7,0.8507,47.4,46.5,17.5,16.3,39.6,30.2,43.4,41,46.9,42.9,32.7,35.2,68.7,3.6,R32,7,2014
New Mexico,MWC,34,27,112.8,95.7,0.8693,51.1,45,15.9,14.9,32.5,28.2,46.7,31.3,51.7,41.1,33.2,34.8,66.2,4.4,R64,7,2014
Kentucky,SEC,40,29,117.2,96.2,0.9062,49.9,46,18.1,16.1,42,29.7,51.8,36.8,50,44.9,33.2,32.2,65.9,3.9,2ND,8,2014
Gonzaga,WCC,35,28,113.6,93.3,0.9064,55.2,44.6,17.4,17.4,30.6,29.5,41.2,38.6,53.6,43.3,39,31.8,66.5,4,R32,8,2014
Memphis,Amer,33,23,112.6,97,0.8479,51.9,48.4,18.6,20.3,35.8,33.3,39.5,33.8,52.7,49.2,33,31,69.5,2.8,R32,8,2014
Colorado,P12,35,23,106.9,96,0.774,48.3,49.4,19.7,17.8,34,26.1,48.3,30.2,48.6,47.3,31.8,35.6,66.9,2.4,R64,8,2014
Pittsburgh,ACC,36,26,117.1,94,0.9261,50.7,46.7,16.3,19.2,37.2,29,44.3,36.4,50.1,45.5,35.1,32.6,63.8,4.1,R32,9,2014
Kansas State,B12,33,20,107.9,92.9,0.8473,48.8,45.3,18.5,19,34.7,33.2,40.3,45.4,48.3,45.9,33.1,29.3,64.8,0.5,R64,9,2014
Oklahoma State,B12,34,21,115.6,94.8,0.9067,52.4,46.3,14.7,20,28,32,49.7,41,51.3,45,36.4,32.7,69.2,1.4,R64,9,2014
Arizona State,P12,33,21,110.3,96.4,0.8252,52.4,46.3,16.3,17,24.5,30.2,42.5,37.3,48.8,45.3,39,32.6,69.3,1.2,R64,10,2014
BYU,WCC,34,22,113.8,100.5,0.8078,50.6,49.1,15.3,16.6,34.9,28.6,47.6,36.8,49.2,48.2,36.9,33.7,73,0.6,R64,10,2014
Saint Joseph's,A10,34,24,113.8,97.5,0.8546,53.9,47.8,18.7,15.3,29.5,27.8,43.6,30.6,52.3,46,37.9,34.2,65.9,2.1,R64,10,2014
Stanford,P12,36,23,111.7,96.5,0.8436,51.3,48,17,17,29.3,28.1,45,37,49.9,45.8,36.4,34.9,67.2,1.1,S16,10,2014
Dayton,A10,37,26,113,99.1,0.8188,52.4,48.8,18.1,18.8,33.9,28.8,40.6,43,50.4,48.3,37.7,33.2,65.4,0.6,E8,11,2014
George Washington,A10,33,24,110.2,96.8,0.8151,51.5,47.2,19,19.6,35.1,31.4,46.6,33.4,50.2,47.4,36.4,31.2,67.2,3.2,R64,11,2014
Nebraska,B10,32,19,108.2,95,0.8172,48.3,47.6,16.7,19,25.7,29,42.3,44.9,47.4,47.8,33.3,31.5,66.4,1.3,R64,11,2014
Providence,BE,35,22,114.9,100.4,0.8249,48.3,48.9,17.3,16.4,35.3,30.8,41.9,33.7,46.5,48.8,34.7,32.8,64.9,1.2,R64,11,2014
Tennessee,SEC,36,23,118.1,93.4,0.9374,49.8,46.5,16.8,16.9,39.7,27.5,41.8,31.5,50.6,44.5,31.9,34.5,63.1,0.4,S16,11,2014
Harvard,Ivy,31,26,111.9,95.2,0.8641,52.1,46.2,17.6,21.1,32.3,29.3,48.4,36.3,49.7,44.9,38.6,32.7,65.5,2.2,R32,12,2014
North Dakota State,Sum,30,23,113.9,103,0.7613,54.5,49.8,15.6,17.1,30.6,27.9,41.6,40.2,55.4,46.1,34.7,37.8,64,0.2,R32,12,2014
Stephen F. Austin,Slnd,33,30,112,101.6,0.7527,52.3,50.5,16.9,23.6,38.2,28.9,39.9,50.7,52.3,50,34.9,34.7,63.5,1.7,R32,12,2014
North Carolina State,ACC,36,22,114.8,101.4,0.8066,50,47.5,15.8,17.4,34.1,35.6,37,42.6,51.5,47.3,30.5,32.1,66.5,0.6,R64,12,2014
Delaware,CAA,35,25,110.7,106,0.6237,50.4,49.4,13.4,16.8,29.1,32.8,43.9,38,49.5,49.6,34.7,32.7,72.3,-1.4,R64,13,2014
Manhattan,MAAC,33,25,106.2,96.4,0.7519,50.7,45.4,19.7,21.7,34.4,33.3,55.5,52.8,48.7,44,36.9,32.7,69.6,-0.5,R64,13,2014
New Mexico State,WAC,35,25,111.6,102,0.7385,53.2,44.4,18.7,16.1,37.7,33,53.9,34.1,52.9,42.7,36.1,33.2,67.1,-2.3,R64,13,2014
Tulsa,CUSA,34,21,105.6,95.8,0.7537,49.2,46.4,16.7,20.3,30.2,29.6,47.1,47.5,49.2,43.2,32.7,35.2,68.4,-3.6,R64,13,2014
Mercer,ASun,33,24,109.6,101.8,0.6993,54,46.8,17.5,19,32,31.1,37.3,41,51.6,46.9,38.8,31,65.2,-2.8,R32,14,2014
Louisiana Lafayette,SB,32,20,110.5,104.5,0.6557,51.5,50.4,18.8,18.5,36.5,31.8,44.3,44,49.6,50.6,37.1,33.2,70,-3.8,R64,14,2014
North Carolina Central,MEAC,32,26,107.9,100.2,0.7018,50.2,44.4,17.2,23.7,35.4,33.1,49.5,44.8,50.8,43.2,32.5,31,64.1,-0.6,R64,14,2014
Western Michigan,MAC,32,22,104.7,102.5,0.5605,52,47.6,20.9,18.5,31,32,51.4,34.7,53.7,47.8,32.6,31.5,67,-2.9,R64,14,2014
American,Pat,33,20,101.8,97.7,0.6178,55.8,46.4,23.1,19.6,26.5,29.7,35,40.7,55.1,45.7,37.9,31.9,61.4,-5.5,R64,15,2014
Eastern Kentucky,OVC,32,22,112.1,107.5,0.6177,56.7,55.7,15.8,24.2,23,34,43.2,54.9,55.7,56.7,38.6,35.8,66,-3.3,R64,15,2014
Milwaukee,Horz,34,20,104.3,103.9,0.5123,49.1,49.1,19.9,18.5,28.6,31.2,44.7,36.5,49.1,50.4,32.7,31,67.8,-6.1,R64,15,2014
Wofford,SC,30,17,99.7,102.2,0.4275,48.8,49.5,16.4,19.7,30.9,29,33,39.4,47.4,49.6,34.6,32.9,62.1,-6.5,R64,15,2014
Albany,AE,34,19,102.8,103.1,0.49,48.8,48.3,19.7,18.3,31.9,28.4,42,29.1,47,46,36,34.9,63.2,-8.6,R64,16,2014
Cal Poly,BW,32,12,102,104.4,0.4356,46,49.3,14.7,18.1,30.9,33.2,33.2,42.9,44.2,48.6,33,33.8,60.4,-10.7,R64,16,2014
Coastal Carolina,BSth,31,18,98.3,102,0.3946,48,47.5,20.2,18.3,34.2,29.3,38.6,39.6,47.6,46.7,32.6,32.4,67.5,-7.7,R64,16,2014
Weber State,BSky,29,17,106,106.6,0.4831,54.1,47.8,19,13.8,28.4,28.7,49.7,35.1,51.1,47,39.4,33.7,64.3,-6.9,R64,16,2014
Wisconsin,B10,40,36,129.1,93.6,0.9758,54.8,47.7,12.4,15.8,32.1,23.7,36.2,22.4,54.8,44.7,36.5,37.5,59.3,11.3,2ND,1,2015
Duke,ACC,39,35,125.2,90.6,0.9764,56.6,46.5,16.3,18.6,35.8,30.2,39.8,23.9,55.9,46.3,38.7,31.4,66.4,10.7,Champions,1,2015
Kentucky,SEC,39,38,120.3,84,0.9842,51.5,39.6,16.3,21.3,39.5,31.8,43.9,31.7,51.2,39.1,34.9,27.1,63.5,13.1,F4,1,2015
Villanova,BE,36,33,121.9,91.1,0.9663,55.3,45.5,16.3,21.6,32.5,31.2,41.8,30.4,53,45.3,38.9,30.5,64.7,11.3,R32,1,2015
Arizona,P12,38,34,117.5,86.9,0.97,53.5,45.1,16.5,20.6,34.5,22.4,47.1,37.3,53.3,42.7,36,33.5,66.7,9,E8,2,2015
Gonzaga,WCC,37,34,120.2,93.1,0.9498,57.9,44.2,16.1,17.1,33.9,28,38.7,30.5,57,42,40,33,65.2,7.8,E8,2,2015
Virginia,ACC,34,30,112.1,84.1,0.9648,50.6,42.3,15.7,17.9,34.3,24.2,34.9,28.6,49.7,40.1,35.2,30.8,58.4,10,R32,2,2015
Kansas,B12,36,27,113.6,90.6,0.9308,49.4,44.6,19.2,17.5,34.9,31.6,42.6,33.8,46.4,43.4,37.9,31.5,67.2,9,R32,2,2015
Notre Dame,ACC,38,32,125.3,98.6,0.9401,58.3,47.9,14.5,17.3,27.9,32.2,36.7,24.1,58.2,47.4,39,32.6,63.9,8.6,E8,3,2015
Baylor,B12,33,23,116.3,92.7,0.9316,49.8,45.8,20.1,19.3,41.9,31.5,38.6,32.1,46.1,46.4,38.2,29.8,62.1,5,R64,3,2015
Iowa State,B12,34,25,116.9,95.6,0.9103,54.3,47.6,15.8,18.5,28.3,29.6,36.5,24,54.3,45.2,36.2,34.7,69.8,7,R64,3,2015
Oklahoma,B12,35,24,111.6,88.5,0.9349,49.3,44.1,17.6,19.7,31.5,31.4,32.8,28.4,48.2,42.2,34.3,31.7,67.5,4.5,S16,3,2015
Louisville,ACC,36,27,109.4,87.4,0.929,47.7,44,17.2,21.3,34.7,30.8,38.7,33.3,48.4,43.3,30.7,30.3,65.6,5.8,E8,4,2015
Maryland,B10,35,28,110.2,94,0.8619,51.2,45.5,18.9,17.2,28.9,30.5,44.5,28.1,48,44.1,37.6,31.8,64.5,6.9,R32,4,2015
Georgetown,BE,33,22,112.6,93.5,0.8945,51.3,47.1,19.2,20.2,34.3,31,43.9,44.1,50.5,43.1,35.3,36.2,64.6,3.7,R32,4,2015
North Carolina,ACC,38,26,119.6,92.5,0.9507,51.6,45.4,18.2,17.7,40,31.2,35.2,37.8,50.9,45.6,35.8,30,69.9,6.5,S16,4,2015
Northern Iowa,MVC,35,31,115.4,93,0.9228,55.9,45.6,17.8,19.2,27,26.9,39.8,27,53.3,44,39.8,32.1,58.5,5.3,R32,5,2015
Arkansas,SEC,36,27,113.2,96,0.8696,50,48.3,16.9,22.3,35.7,34.6,37.3,38.8,48.8,46.2,34.9,35.2,69.9,3.9,R32,5,2015
West Virginia,B12,35,25,110.3,93.3,0.8733,46.1,52.7,18.7,28,40.1,31.1,40.4,55.5,45.5,51.8,31.6,36.5,68.6,4.1,S16,5,2015
Utah,P12,34,25,114.9,88.7,0.9513,55.2,43,18.2,18.3,31.3,28.4,43.4,34.3,52.3,41.4,40.1,31.2,61.4,3.7,S16,5,2015
Butler,BE,34,23,108.5,88.6,0.9115,48.4,46.7,17,19.5,34.7,25.3,40.8,33.4,46.3,47.1,35.6,30.7,63.9,3.5,R32,6,2015
SMU,Amer,33,26,111.1,94.6,0.8635,52.1,45.7,19.5,20.3,36.6,29.2,43.8,31.2,51.3,42.9,36.3,32.7,63.6,3.1,R64,6,2015
Providence,BE,34,22,111.6,93.7,0.8821,48.4,48.2,18.1,19.7,35.2,29,40.7,39.3,48.9,47.1,31.3,33.3,65.7,3.7,R64,6,2015
Xavier,BE,37,23,115.7,95.1,0.9049,53.3,50,18.1,18.8,31.3,27.3,38.5,33.3,53.7,48.9,35.1,34.6,65.5,1.3,S16,6,2015
Michigan State,B10,39,27,116.3,92.6,0.9327,53.2,44.9,17.5,16.5,33.5,27,32.7,39,50.8,43.8,38.5,31.5,63.9,3,F4,7,2015
Iowa,B10,34,22,114,92,0.9211,48.1,45.6,17.1,18.9,35.6,30.3,38,29.1,47.3,43.7,33.3,32.6,64.6,2.1,R32,7,2015
VCU,A10,36,26,108.4,94,0.8373,48.7,49.5,15.7,23.5,31.8,30.6,37.3,37.8,46.9,48.3,34.3,34.5,67.2,3,R64,7,2015
Wichita State,MVC,34,29,114.3,91.5,0.9277,50.3,45.8,15,21.3,34.5,27.4,36.2,36.6,48.9,42.6,35.4,35.3,62.6,4.2,S16,7,2015
Cincinnati,Amer,34,23,106.5,92.3,0.838,49.5,44.1,21,19.9,37.3,32.3,37.1,26.1,49.6,42.2,32.9,31.9,60.3,-1.3,R32,8,2015
San Diego State,MWC,35,26,103.1,87.5,0.8691,46.6,43.5,18.6,21.1,35.7,29.7,36.2,25.7,45.9,42.3,32,30.6,61.2,1.3,R32,8,2015
Oregon,P12,35,25,114.3,99.1,0.8379,52.3,48,16.9,16.7,30.2,31.5,29.1,35.4,50.8,47.1,36.9,33.2,66.9,3,R32,8,2015
North Carolina State,ACC,36,22,114.1,96.8,0.8684,49.3,45.5,16,14.9,33.9,30.2,35.3,34.7,47.3,43.6,35.6,33,64.7,1.1,S16,8,2015
Purdue,B10,34,21,110.5,93.9,0.8654,50.3,45.4,19.9,17.6,36.5,30.9,41.7,38.4,50.9,42.3,32.7,35.1,65,1,R64,9,2015
Oklahoma State,B12,31,17,110.7,95.4,0.8469,50.2,46.5,18.5,21.1,26.9,32.6,39,42.1,49.2,44.1,34.6,34.4,64,0.2,R64,9,2015
Saint John's,BE,32,20,110.6,94.7,0.8569,49.3,46.4,15.7,19.5,27.6,35.4,35.7,33.3,48.2,44.9,34.5,32.6,67,2.3,R64,9,2015
LSU,SEC,33,22,107.8,92.8,0.8477,50.3,44.6,20.2,19.1,33.9,32.9,33.5,29.4,50.1,43.9,33.9,30.9,70.1,0.5,R64,9,2015
Ohio State,B10,35,24,113.9,93.1,0.9104,54.2,46.4,17,21.6,33.5,32,34.7,27.8,53.6,45.2,37,32.2,66.3,2.5,R32,10,2015
Davidson,A10,31,23,118.3,102.2,0.8435,55.4,49.3,14.1,17,29.6,30.4,28.5,34.6,53.1,51.4,38.7,30,67.2,1.7,R64,10,2015
Indiana,B10,34,20,119.5,103,0.8473,54.4,50.3,17.2,15.9,35.3,31.5,32.7,32.8,50.2,50.9,40.6,32.5,67.2,-0.3,R64,10,2015
Georgia,SEC,33,21,107.6,92.6,0.8482,48.5,44.4,19.2,16.7,32.2,28.5,47.7,34.3,47.2,43.2,34.2,31.2,64.8,1.6,R64,10,2015
Dayton,A10,36,27,107,94.5,0.8059,52.9,47.3,17.9,21.1,23.3,28.4,48.1,30.6,52.6,46.5,35.6,32.5,63.8,0.8,R32,11,2015
Texas,B12,34,20,110.3,90.7,0.9048,49.1,42.1,20.1,14,37.9,28.6,36.6,34.8,48.3,37.7,33.8,34.7,62.8,0.9,R64,11,2015
Mississippi,SEC,34,21,112.2,99.2,0.8037,47.8,47.6,16.5,18.7,34.8,31.4,36.1,41.2,46.8,43.6,33.2,35.8,66.6,-0.5,R64,11,2015
UCLA,P12,36,22,111.8,96.6,0.8425,49.6,48.5,17.6,17.9,33.8,28.6,35.7,32.3,47.4,45.4,36.8,35.6,66.8,0,S16,11,2015
Buffalo,MAC,33,23,109.1,98,0.7742,48.7,48.5,16.7,19.7,34.5,30.4,42.6,34.3,47.6,48,34.1,33,68.9,-1.3,R64,12,2015
Wyoming,MWC,33,23,102.1,98.2,0.6121,52.2,47,18.8,17.9,22,27,40.4,27,54.4,44,32.6,34.9,59.2,-1.6,R64,12,2015
Wofford,SC,33,26,102.3,96.8,0.6547,51.1,47,17.2,20,29.4,27.7,37.6,36.4,49.1,47.3,36.8,30.9,61.2,0.2,R64,12,2015
Stephen F. Austin,Slnd,31,26,111,98.8,0.7919,55.6,49,20.3,24.5,37.6,29.6,41.9,49.1,55.4,48.3,37.3,33.7,66.4,1.2,R64,12,2015
Eastern Washington,BSky,32,23,110.1,107.6,0.5648,55.1,52.3,15.9,17.8,29.3,30.7,35.2,36,52.2,49.2,39.3,38.7,68.5,-2.6,R64,13,2015
UC Irvine,BW,32,19,105.1,96.8,0.7202,50.7,44.7,18.2,17.2,30,30.7,30.2,35.3,47.8,42.4,38.2,33.6,63.9,-4.6,R64,13,2015
Valparaiso,Horz,31,25,105,94.5,0.7706,51.3,45.2,19,18.6,34.7,27.4,36.6,33.4,48,42.3,38.4,33.4,63.1,0.1,R64,13,2015
Harvard,Ivy,28,20,102.4,94.9,0.7057,47.1,46.6,18.4,20.1,32.4,28.4,38.9,32.9,45.5,44.5,34.3,34,61.6,-1.3,R64,13,2015
UAB,CUSA,35,19,102.7,100.1,0.5721,47.6,47.6,20.1,19.7,34.2,33.1,35.7,33.6,46.6,47.4,33.2,31.9,65.3,-7.5,R32,14,2015
Georgia State,SB,34,24,109.5,98,0.7802,52,45.8,16.3,23.2,30,34.8,37.7,39.8,53.4,43.1,32.2,33.1,63.2,-3,R32,14,2015
Albany,AE,33,24,104.9,102.2,0.5749,49.9,49.6,18.8,20.1,32.6,26,39,30.4,47.9,46.2,35.8,36.2,61.3,-3.3,R64,14,2015
Northeastern,CAA,35,23,107,101,0.6586,54.5,49.8,21.5,15.5,30.1,25.3,41.4,25,53,49.1,38.6,34.4,63.6,-4.6,R64,14,2015
Belmont,OVC,32,21,108.7,106.8,0.5497,56.5,51.3,20.3,18.5,28.9,29.6,32.2,28.2,56.4,51.2,37.7,34.3,67.6,-4.7,R64,15,2015
North Dakota State,Sum,31,21,100.8,100.7,0.5035,49.7,48.1,16,16.5,26.1,23.7,35.7,30.7,45.5,45,38.2,36.2,61.5,-3.9,R64,15,2015
Texas Southern,SWAC,35,22,101.9,108.1,0.3371,49.5,49.3,19.7,18.7,33.8,34.6,46.8,33.1,50,48.5,32.2,34.4,63.7,-4.5,R64,15,2015
New Mexico State,WAC,32,21,103.9,98.1,0.6613,50.6,46.4,21.8,20.6,39.3,31,44.3,32.5,49.3,46.4,36.2,30.8,64,-4.5,R64,15,2015
Coastal Carolina,BSth,30,20,104.5,103,0.5417,50,47.7,17.5,16.9,34.8,28,38.9,35,48.1,45.8,35.9,33.8,64.1,-5.1,R64,16,2015
Hampton,MEAC,35,17,94.8,102.3,0.2939,45.6,46.4,20.2,20.1,31.8,30.9,43.8,45.5,45.6,44.5,30.4,33.9,69.6,-12.6,R64,16,2015
Robert Morris,NEC,35,20,100.7,103.3,0.4286,50.1,49.3,19.8,21.8,31,35.9,35.5,37.6,47.4,48.3,37.5,34.1,66,-8.6,R64,16,2015
Lafayette,Pat,32,19,109.8,114.5,0.3839,55.8,53.5,17.1,16.8,27.7,34.5,30.4,27.5,52.8,51.5,40.8,38,65.1,-7.1,R64,16,2015
North Carolina,ACC,40,33,123.3,94.9,0.9531,52.6,48.1,15.4,18.2,40.7,30,32.3,30.4,53.9,44.6,32.7,36.2,71.7,8.6,2ND,1,2016
Virginia,ACC,37,29,119.9,91,0.96,54.8,48.4,15.1,18.8,29.9,25.2,32.1,33.4,52.6,46.3,40.3,34.7,61.9,8.6,E8,1,2016
Kansas,B12,37,32,120.9,90.4,0.9662,55.7,45.1,17.8,18.5,32.2,27.9,38.6,37.3,52.7,43.4,41.3,32.5,70.1,11.6,E8,1,2016
Oregon,P12,37,30,118.4,96.2,0.9163,52.3,48.9,16.1,20.2,34.1,30.5,40.3,32,52.6,46.1,34.4,36.2,69,6.7,E8,1,2016
Villanova,BE,40,35,123.1,90.9,0.9703,56.1,46.7,16.3,20.6,28.2,29.4,34.1,30,57.4,44.1,36.2,33.9,66.7,8.9,Champions,2,2016
Oklahoma,B12,37,29,118.2,94.1,0.9326,54.3,47.2,18.3,17.7,31.2,30.5,33,28.3,48.2,45.3,42.2,33.7,70.8,8,F4,2,2016
Xavier,BE,34,28,117,94.3,0.9229,51.4,47.8,17.4,19.3,35.2,26,41.7,33.6,49.8,48.6,36.3,31.1,72.4,7.7,R32,2,2016
Michigan State,B10,35,29,122.5,96,0.9428,56.3,43.3,17.6,14.2,37.1,24.3,30,34.1,51.4,41.7,43.4,31,67.6,7.2,R64,2,2016
Utah,P12,35,26,115.8,97.3,0.8807,55.1,48,18.2,15.3,29.2,27.8,37.9,23,55.5,44.5,36.3,37.1,66.9,5.6,R32,3,2016
West Virginia,B12,35,26,114.8,90.4,0.9396,49.8,48.4,20,25,42,27.1,46.2,55.3,50.3,47.7,32.5,33.1,70.9,7.4,R64,3,2016
Miami FL,ACC,35,27,119.4,96.5,0.9203,54.2,48.3,16.5,17.4,30.1,29.5,40.7,29.1,53.2,46.9,37.5,34.4,67,6.9,S16,3,2016
Iowa State,B12,35,23,121.4,98.6,0.9162,57.1,49.8,15.7,16.8,26.2,30.1,26.1,24.9,56.7,49.5,38.7,33.5,72.3,3.6,S16,3,2016
Texas A&M,SEC,37,28,113,92.2,0.9126,51.2,47.4,17.4,20.7,34.8,29.2,38.1,32.3,51.3,45.6,34.1,33.3,68.4,5.2,S16,3,2016
Kentucky,SEC,36,27,123.2,95.1,0.9517,53.5,44.5,16.2,18,37.5,31.9,37.8,40.8,52.9,42.7,36.6,32.6,68.2,5,R32,4,2016
UC Berkeley,P12,34,23,112.4,92.8,0.9006,52.2,44.3,17.7,14.1,32.4,25.3,41.7,37.5,51.1,41.5,36.3,34.7,68.8,2.2,R64,4,2016
Duke,ACC,36,25,121.2,98.9,0.9122,53.7,49.5,14.3,17.4,33.2,34.7,40.6,25.3,51,48.9,38.5,34,68.7,4.2,S16,4,2016
Purdue,B10,35,26,117.2,93.4,0.9316,53.6,44.3,17.7,13.7,35,23.4,35.4,28.1,52.8,42.9,36.7,31.4,68.9,4.4,R64,5,2016
Baylor,B12,33,21,119.3,99.2,0.8924,51.6,51.2,18.6,19.8,40,28.8,38.6,38.6,49.8,49.1,37.4,36.9,67.4,3.5,R64,5,2016
Indiana,B10,35,27,121.3,98.4,0.9168,58.7,49.8,19.6,18.9,37.2,29.2,33.9,30.2,56.1,49,41.6,34.3,69.5,3.2,S16,5,2016
Maryland,B10,35,26,114.9,96.3,0.8839,55.2,46.5,18.9,16.4,29.1,29.9,37,27,55.8,45.5,36.2,32.1,67.9,4,S16,5,2016
Notre Dame,ACC,36,24,118.3,103.3,0.8269,54,49.5,15.3,14.8,32.7,32.1,32.9,26,52.9,46.5,37.4,36.9,65.5,2.3,E8,6,2016
Texas,B12,33,20,112.2,95.6,0.8627,49.4,47.7,15.4,18.5,30.7,32,39.5,38.4,48.5,45.8,34.1,34.5,66.3,3.2,R64,6,2016
Seton Hall,BE,34,25,110.8,91.4,0.9014,49.8,45.4,19.4,19.5,34.7,30.8,40.4,33.8,48.8,44.3,34.7,31.7,70.4,5.3,R64,6,2016
Arizona,P12,34,25,116.1,95.7,0.9022,53.6,46.2,18.2,16,35,24.9,43.8,29.3,52.2,45.7,38.1,31.6,69.1,3.4,R64,6,2016
Iowa,B10,33,22,114.4,95.8,0.8853,51.3,48,14.8,18.8,31.9,31.3,33,25,48.7,48.7,37.4,31.3,69.8,2,R32,7,2016
Dayton,A10,33,25,105.5,92.6,0.8184,51.6,46.9,18.6,18,28.7,24.2,40.8,32.8,51.5,43.7,34.4,34.9,68.5,2.4,R64,7,2016
Oregon State,P12,31,18,109.9,98.1,0.788,49.8,49.5,16.6,19.5,29,32.2,36.8,39.3,46.9,50,37.4,32.4,68,0.3,R64,7,2016
Wisconsin,B10,35,22,108.8,93.5,0.8509,48.5,48.1,17.1,18.6,33.1,27.7,38,33.6,46.6,44.8,34.9,37.4,64.1,0.4,S16,7,2016
Saint Joseph's,A10,36,28,114.2,97.6,0.86,51.2,48.1,14.3,16.1,28.3,25.8,37.4,25,52.3,49.2,32.7,31.1,70.9,3.4,R32,8,2016
Texas Tech,B12,32,19,113.1,98.9,0.8227,50,49.6,17.8,19,31.3,32.3,42.2,32.9,49.2,47.2,34.6,35.6,67.2,1.3,R64,8,2016
Colorado,P12,33,21,107.8,95.2,0.8072,48.4,46.8,18.8,15.4,34.8,24.8,40.5,35.7,43.9,44.3,38.6,35.3,69.9,0.7,R64,8,2016
USC,P12,34,21,113.7,98.7,0.8352,52.2,47.3,16.6,16.7,32.1,31.6,35.1,28.3,49.4,46.6,38.7,32.5,72.1,0.2,R64,8,2016
Connecticut,Amer,36,25,110.5,93.4,0.8732,51.5,44.5,16.3,18.2,28.6,29.1,29.6,35.4,49.9,42,36.5,32.6,66.9,1.2,R32,9,2016
Butler,BE,33,22,118.2,98.6,0.8899,52.6,49.7,14.5,18.6,32.2,27.5,39.3,35.8,49.9,49.1,39.3,33.8,69.2,2,R32,9,2016
Providence,BE,35,24,108.7,95.4,0.8193,48,49.3,16.1,20.6,30.4,30.3,37.3,28,48,49.8,32.1,32.3,69.3,3.4,R32,9,2016
Cincinnati,Amer,33,22,110,93.5,0.866,49.3,45.6,16.3,20.3,36.7,30.6,33.2,27,47.7,41.3,34.8,35.7,66,0.3,R64,9,2016
Syracuse,ACC,37,23,111.9,93.6,0.8857,50,47.3,18.1,20.4,33.5,35.3,35.4,28,47.2,48.1,36,30.7,65.5,-0.3,F4,10,2016
VCU,A10,36,25,112.1,94.2,0.8811,51,49.2,16.3,21.4,33.2,27.7,32.2,36.8,50.1,48.6,35.2,33.7,70.3,-0.1,R32,10,2016
Pittsburgh,ACC,32,20,113.9,96.9,0.8659,51.1,50,17.5,16.9,36.9,27.5,36.1,32.4,50.4,48.4,35,35.4,66.3,1.8,R64,10,2016
Temple,Amer,33,21,106.3,97.4,0.7318,47,46.4,13.8,16.2,29.1,29.7,26.6,28.7,44.9,46.3,33.7,31.2,66.5,-0.1,R64,10,2016
Northern Iowa,MVC,35,22,109.7,96.7,0.8109,53.2,48.7,15.2,18.5,17.7,27.4,34.1,24.8,51.3,48.9,37.2,32.4,63.7,-2.1,R32,11,2016
Wichita State,MVC,34,25,110.3,87.8,0.9321,48.9,44.7,14.7,23.2,31.7,23.6,37.4,45.4,49.2,42.1,32.3,32.7,66.8,0.2,R32,11,2016
Michigan,B10,35,22,113.4,99.4,0.82,54.5,51.4,14.5,17.9,24.8,26.4,27.8,27,52.6,51.1,38,34.7,66.3,0.8,R64,11,2016
Gonzaga,WCC,35,27,117.4,94.5,0.9238,55.2,44.8,17.1,15.1,32.1,26,34.4,28.1,54.3,44.4,37.8,30.3,68.2,2.1,S16,11,2016
Yale,Ivy,29,22,109.1,95.6,0.8209,52.2,46.7,19.9,17.8,39.3,24.3,41.7,33.3,51.4,45.5,36,32.7,66.8,-0.1,R32,12,2016
Arkansas Little Rock,SB,33,28,107.6,96.7,0.7732,51.9,45.9,15.6,21,26.7,29.5,31.5,38.3,48.9,45.7,38.2,30.9,63.8,2.1,R32,12,2016
Chattanooga,SC,33,27,105.6,100.8,0.6286,51.7,50.5,18,20.2,32.3,29,41.6,30.9,50.7,50.5,35.6,33.7,67.3,0.4,R64,12,2016
South Dakota State,Sum,32,24,110.5,101.1,0.737,51.3,48,17.1,17.2,32.4,25.5,40.2,40.2,49.7,47.1,36.1,33.3,69.2,-1.2,R64,12,2016
Hawaii,BW,32,26,106.9,95,0.7945,51.9,44.9,18.1,19.8,30.4,26.4,45.4,40.2,54.1,44.8,32.2,30,71.4,0.8,R32,13,2016
Stony Brook,AE,31,24,104.6,99.2,0.648,52.2,47.6,17.3,18.4,34.8,26,32.2,27.6,50.7,45.8,37.2,34.1,67.8,-1.1,R64,13,2016
UNC Wilmington,CAA,31,23,109.5,100.9,0.7186,51.2,47.5,15.9,19.9,32.1,30.1,35.6,55.2,51,46.1,34.4,33.9,71.3,-0.7,R64,13,2016
Iona,MAAC,33,22,109.1,102.1,0.6822,53.8,48.8,17.6,19.2,29.2,31,32.4,36.3,52.5,46,37,35.8,72.6,-3.6,R64,13,2016
Stephen F. Austin,Slnd,30,24,110.3,96.5,0.8235,54.8,49.5,17.7,25.9,33.5,30.7,34.3,40.2,54.5,49.7,36.9,32.8,68.2,-1.2,R32,14,2016
Green Bay,Horz,34,21,106.9,104.2,0.5729,49.8,51.5,15.8,21.1,30.9,32,42.2,35.8,48.5,50,35,36.3,77.3,-4.5,R64,14,2016
Buffalo,MAC,34,19,105.1,102.4,0.5746,49.6,49.8,18.8,17.7,31.8,28.7,41.6,37.8,49,48.8,33.7,34.3,72.9,-5.8,R64,14,2016
Fresno State,MWC,33,23,106.3,100.1,0.6646,48.4,48.8,15.1,21,30,29.7,37.7,46.4,47,48.4,34.4,33,69.8,-0.9,R64,14,2016
Middle Tennessee,CUSA,33,23,103.9,99.5,0.6224,51.7,49.4,17.1,19.4,28.7,25.7,34.9,42.4,47.8,48,39.2,34.7,68.5,-3.2,R32,15,2016
Weber State,BSky,32,23,101.7,99.5,0.5599,54.5,47.4,19.6,15.6,25.9,25.6,45.7,28.1,55.3,45.2,35.5,35.6,67.7,-3.7,R64,15,2016
UNC Asheville,BSth,32,20,101.2,99.4,0.5487,49.6,49.3,18.6,22.2,31.6,29.3,41.8,33,50.2,52.1,32.1,29.6,71,-6.3,R64,15,2016
Cal State Bakersfield,WAC,30,21,103.4,95.7,0.7106,49.3,45.2,18.2,21.5,34.1,29.7,38,42.1,48.5,42.8,34.3,33.4,68.4,-3.5,R64,15,2016
Florida Gulf Coast,ASun,31,17,102.9,102.4,0.5136,51.5,47.7,17.2,15.9,31.7,27.5,37.3,35.3,51.5,48.3,34.2,31.2,68,-8.4,R64,16,2016
Hampton,MEAC,31,20,98.2,107.5,0.2615,46.7,48.6,18.7,16.7,34.5,27.2,41.3,35.7,47.3,47.5,30.5,33.8,71.9,-6.3,R64,16,2016
Austin Peay,OVC,34,16,103.4,109.1,0.3501,51.3,53.8,20.2,18.6,31.9,30,47,31.3,51,53.3,34.7,36.4,70.5,-11.3,R64,16,2016
Holy Cross,Pat,35,15,96.7,106.9,0.2398,47.9,53.2,16.8,19.6,23.1,29.6,36.1,33.4,47.2,52.8,32.6,35.7,64.6,-14.5,R64,16,2016
Gonzaga,WCC,39,37,117.8,86.3,0.9728,56.6,41.1,16.2,17.1,30,26.2,39,26.9,56.3,40,38.2,29,71.5,7.7,2ND,1,2017
North Carolina,ACC,39,33,121,91.5,0.9615,51.7,48.1,16.2,18.6,41.3,25,34.3,31.6,51,46.3,35.5,33.9,72.8,8.4,Champions,1,2017
Kansas,B12,36,31,121.5,94.5,0.9472,56.1,48.1,17.6,18.6,34.1,29.7,36,30,53.6,45.3,40.4,35.6,71.4,11,E8,1,2017
Villanova,BE,36,32,122.2,92.5,0.9611,57.5,48.1,17.1,20.1,30.2,27.8,35,22.1,59.2,49.1,36.9,31.1,65.6,11.1,R32,1,2017
Kentucky,SEC,38,32,118.3,91.3,0.9517,52.9,47.5,15.7,19.2,33.5,27.7,40.9,33.5,52.9,48.3,35.3,30.6,73.7,9,E8,2,2017
Duke,ACC,37,28,122.1,95.6,0.9436,54.8,47.4,16.3,17.3,31.7,29.8,39.3,31.2,53.5,48.9,37.9,29.3,69.7,8.6,R32,2,2017
Louisville,ACC,34,25,117.6,91.5,0.9469,51.4,45.7,16,19.6,36.7,28.5,34,38.8,50.5,44.8,35.5,31.6,69.4,6.9,R32,2,2017
Arizona,P12,37,32,117.6,95.6,0.9157,53.7,47.7,16.6,17.4,33.2,26,40.5,28.6,51.5,48.4,39,31,67.1,7.9,S16,2,2017
Oregon,P12,38,33,117.8,93.8,0.9321,55.5,46.4,17.1,19.3,32.4,29.5,34.4,26.3,54.5,46.1,38,31.2,68.4,6,F4,3,2017
Florida State,ACC,35,26,115.4,95.2,0.9014,53.7,47.9,16.4,19.5,33.8,29.8,38.4,37.3,54.4,45.4,34.7,34.9,72.8,5.9,R32,3,2017
Baylor,B12,34,27,116.4,93.9,0.9226,52.5,46.1,20.6,17.1,39.8,29.4,33.9,30.1,52.2,45,35.3,32.2,65.1,7.9,S16,3,2017
UCLA,P12,36,31,122.8,99.6,0.9175,59.8,48.7,15.1,15.8,29.1,28.6,26.8,25.4,59.1,45.3,40.6,36.5,74.6,6.6,S16,3,2017
Florida,SEC,36,27,116.6,88.9,0.9576,51.6,45.8,16.9,21,32.1,29.5,40.2,34,50.3,45.7,35.9,30.5,70.2,6.4,E8,4,2017
Purdue,B10,35,27,116.6,93.1,0.9297,55.7,47.7,18.3,16.6,30.8,24.4,33.3,22.9,52.7,46.6,40.3,33.2,70.4,5.6,S16,4,2017
West Virginia,B12,37,28,115.4,89.3,0.9498,51.3,48.8,17,27.6,37.9,31.9,38.9,42.5,49.8,46.5,36.2,35.3,72.2,6.4,S16,4,2017
Butler,BE,34,25,117.7,96.9,0.9038,54.6,50.8,15,19.6,27.2,27,37.1,37,54.5,51.3,36.6,33.3,67.2,5.5,S16,4,2017
Notre Dame,ACC,36,26,119.3,96.4,0.9205,53.6,49.1,14,18.7,27.3,30.8,28.6,26.7,50.9,48.2,38.4,33.8,68.3,5.9,R32,5,2017
Virginia,ACC,34,23,111.8,86.9,0.9477,52.4,46.1,15.6,20.7,28.3,24.5,26,33.8,49.7,45.1,38.5,31.7,60.3,5,R32,5,2017
Iowa State,B12,35,24,120,96.2,0.9265,55,49,14.1,19.5,25.7,31.6,27.6,25.6,51.8,47.5,40,34.6,69.6,6.5,R32,5,2017
Minnesota,B10,34,24,109.3,92.9,0.8665,48.7,45.1,16.1,17.6,29.7,30.2,39.6,29.2,47.5,44.5,34.3,30.9,70.9,3.7,R64,5,2017
Cincinnati,Amer,36,30,115.2,92.1,0.9292,52,45.2,15.3,20.2,35.5,29.4,32.5,29.1,52.1,41.4,34.5,34.4,65.4,5.6,R32,6,2017
SMU,Amer,35,30,120,94.1,0.9426,54.6,46,16.9,18.3,37.2,26.4,36,24.6,51,44.1,40.6,32.1,64.8,6.4,R64,6,2017
Maryland,B10,32,24,113.4,97.9,0.8448,52.4,47.5,19,18,30.4,32.3,38.5,32.6,51,45.6,36.3,34.2,68.6,3.7,R64,6,2017
Creighton,BE,34,25,114.5,95.2,0.8931,57.6,49.9,17.1,19.3,24.2,29.6,27.9,29.3,56.4,50.2,39.8,33,72.7,4.3,R64,6,2017
South Carolina,SEC,36,26,108.7,89,0.9083,47.3,45.5,18.4,24.3,34,31.6,40.2,44.5,45.9,45.4,33.4,30.6,69.6,1.7,F4,7,2017
Saint Mary’s,WCC,34,29,118,93.8,0.9334,57.8,45.3,17.5,15.3,33.1,21.9,27.8,26.6,56.9,45.4,39.4,30,61.2,3.9,R32,7,2017
Dayton,A10,31,24,111.6,97,0.8333,53.6,47.7,16.9,20.9,25.6,27.4,43.4,35.2,51,47.2,38.4,32.3,69.6,1.5,R64,7,2017
Michigan,B10,38,26,123.3,97.6,0.9366,57,51.9,14.2,19.5,24.7,30,30.1,27.2,56.3,50,38.5,37.8,64,3.8,S16,7,2017
Northwestern,B10,36,24,111.2,95.2,0.8564,49.7,46.1,16,17.9,30.8,30.6,30.5,36.1,48.8,44,34.2,33.3,66.9,2,R32,8,2017
Arkansas,SEC,36,26,114.9,99.8,0.8339,51.4,47.8,16.6,18.5,31.9,34.2,38.1,39.1,50,46.7,36.5,33.2,71,3.9,R32,8,2017
Miami FL,ACC,33,21,110.8,93.1,0.8804,51,47.6,19.5,18.3,33.4,28.2,34.3,28.7,49.8,46.6,35.6,33,64.6,2.9,R64,8,2017
Wisconsin,B10,37,27,114.5,92,0.9255,52.1,47.5,17,19.5,35.9,25.9,32.9,28,51.1,43.1,35.9,37.6,64.4,5.1,S16,8,2017
Michigan State,B10,35,20,111.6,94.9,0.8661,54,46.7,20.5,15.9,29.2,27.3,33.5,34.7,52.9,44.1,37.3,34.6,68.1,0.4,R32,9,2017
Virginia Tech,ACC,33,22,118.4,102.5,0.8401,56.9,51,17.2,16.5,23.4,30.5,40.9,27.3,54.6,49,40.3,36.3,70,3.3,R64,9,2017
Seton Hall,BE,33,21,108.9,95.6,0.8178,49.9,49,19.5,17.5,35.7,25.4,37.6,36.1,49.6,48,33.8,34.1,68.9,2.7,R64,9,2017
Vanderbilt,SEC,35,19,112.5,93.8,0.8898,52.1,48.1,18.2,16.1,24.8,27,34.8,30.7,48.1,46.8,37.6,33.8,67,0.1,R64,9,2017
Wichita State,MVC,35,31,117.2,92.2,0.9403,54.2,43.8,16.2,19.3,34.2,24.2,40.4,35.1,50.7,42,40.2,31.2,70,4.1,R32,10,2017
VCU,A10,35,26,108.1,95.9,0.7988,51,47.5,17.8,21,31.3,27.5,36.4,40.9,51.5,46,33.1,33.8,70.1,1.3,R64,10,2017
Oklahoma State,B12,32,20,126.8,102.3,0.9221,54,53.2,18.2,20.3,38.3,31.9,37.4,45.4,50.4,52.4,40.3,36.4,72.9,3.3,R64,10,2017
Marquette,BE,32,19,121.8,101.8,0.8881,57.5,52.2,17.3,18.3,27.1,29.2,31,35.7,52.7,50.6,42.9,36.8,71.5,0.6,R64,10,2017
Xavier,BE,38,24,115.6,97.9,0.8713,51.9,51.6,18.4,17.5,34.5,25.5,41.1,33.4,52,52.5,34.5,33.4,68.4,1.6,E8,11,2017
Rhode Island,A10,35,25,111.1,94.1,0.8717,50.8,45,16.4,19.4,32.8,29.7,39.2,45,51.2,45.4,33.3,29.5,67.7,0.4,R32,11,2017
USC,P12,36,26,113.3,100.6,0.7966,52.2,50.1,15.7,17.9,31,31.4,36.8,24,51,47.2,36.2,36.8,70.1,1.3,R32,11,2017
Kansas State,B12,35,21,112.2,94.2,0.8818,52.7,49.6,19.1,22.1,29.5,32.3,41.1,33.4,51.8,45.5,36.2,38.2,67.2,1.7,R64,11,2017
Middle Tennessee,CUSA,35,31,111.2,96.6,0.8339,54.1,47.9,15.6,19.8,30.1,23.8,30,38.2,53.6,47.1,36.9,32.8,65.8,2,R32,12,2017
UNC Wilmington,CAA,33,29,117.7,105,0.7881,55,53.2,13.9,20.1,32.5,28.5,30.8,39.6,55.7,54.2,36.1,34,71.5,1.5,R64,12,2017
Princeton,Ivy,29,23,107.6,95.4,0.7989,53.2,48.7,15.2,20.2,24.1,24.7,24.4,32,50.5,46.9,37.6,34.5,64.2,-0.4,R64,12,2017
Nevada,MWC,35,28,113.7,100.7,0.8021,52.5,48.3,15.5,15.9,30.4,26.3,41.3,28.2,49.2,49.3,38.2,31,71,1.7,R64,12,2017
Vermont,AE,34,29,110,98.2,0.7864,55.3,48.6,17,19.6,29.8,27.1,34.3,26.5,55.5,46.9,36.7,34.9,65.8,0.7,R64,13,2017
Winthrop,BSth,31,26,105.3,101.3,0.6106,53.5,46.7,17.8,18.6,26.3,28.4,38.2,34.5,50.9,45.9,37.9,32.1,72.3,-1.8,R64,13,2017
Bucknell,Pat,35,26,108.3,99.1,0.7352,55.3,48,18.9,19.7,26.8,27.9,37.2,33.1,54.3,46.5,37.9,34.2,71.4,-2.1,R64,13,2017
East Tennessee State,SC,33,27,107.3,97.1,0.7595,55.8,48.7,20.8,22,30.1,27.4,42.8,38.2,55,45.7,38.2,35.4,71.5,-0.7,R64,13,2017
Florida Gulf Coast,ASun,31,26,107.8,103.4,0.6169,53.9,49.3,17.9,17.4,33.8,29.6,33.8,35.9,55.4,51,33.7,31,67.2,-1.7,R64,14,2017
Iona,MAAC,35,22,109.3,106,0.5879,53.4,50,16.5,18,27,32.1,31,33.4,49.3,47.7,39.7,36.1,71.7,-5.8,R64,14,2017
Kent State,MAC,35,22,104.1,102.9,0.5322,48.2,50.1,17.9,19,38.1,29.8,32.5,34.3,48.5,48.5,31.7,35.3,69.5,-7.2,R64,14,2017
New Mexico State,WAC,31,28,109.4,102.5,0.6783,52.7,47.9,19.5,19.1,35.6,28.5,43.3,35.2,54.2,49.1,33.5,30.3,69.1,-0.2,R64,14,2017
North Dakota,BSky,29,22,103.1,102.7,0.5112,53.4,50.7,18.3,19.6,26,27.8,36.1,39.7,51.4,50,38.7,34.8,72.5,-5.3,R64,15,2017
Northern Kentucky,Horz,33,24,105.5,104.1,0.537,52.4,49.7,18.8,17,31.2,26.4,36.5,30.5,51.6,50.2,35.7,32.4,69.3,-4.9,R64,15,2017
Jacksonville State,OVC,33,20,104.4,104.2,0.5054,52.6,49.4,20.7,16.6,31.2,28.5,33.4,34.4,50.8,45.1,37.2,37.8,65,-8,R64,15,2017
Troy,SB,35,22,108.8,106.6,0.5596,51.6,50.1,17.8,17.6,30.8,29.8,40.1,32.8,50.9,49.5,35.1,34.1,69.4,-8.1,R64,15,2017
UC Davis,BW,34,23,97.4,100.8,0.4033,48.4,48.7,20.3,19.6,29.1,28.3,40.8,33.1,46.9,48.5,34.5,32.6,70.3,-7.5,R64,16,2017
Mount Saint Mary’s,NEC,36,20,98.9,101.8,0.4155,51,49.9,19.2,21.7,23.1,34.8,32.4,32.6,49.4,49.5,35.8,34.1,68.3,-7.9,R64,16,2017
South Dakota State,Sum,33,18,108.2,109.7,0.4612,53.2,53.8,18.4,16.2,27.1,28.9,39.9,27.1,52.7,52.4,35.8,36.9,68.5,-9.8,R64,16,2017
Texas Southern,SWAC,35,23,100.6,106.5,0.3437,48.1,49.1,16.6,19.2,31.7,34.9,44.3,32.3,50,49.3,29.6,32.5,70,-4.4,R64,16,2017
Villanova,BE,40,36,128.4,94.1,0.9725,59.5,48.5,15,18.2,29.6,27.1,29.4,26.7,59,49,40.1,31.7,69.6,10.6,Champions,1,2018
Kansas,B12,39,31,122.1,96.4,0.9385,57.5,49.1,16.6,18.2,29.4,31.2,27,24.6,55.6,48.6,40.1,33.3,69.9,8.2,F4,1,2018
Xavier,BE,35,29,120.9,97.7,0.9211,55.9,49.9,17.2,15.7,30.2,23.1,41,25.6,55.9,49.8,37.2,33.4,71.7,8.8,R32,1,2018
Virginia,ACC,34,31,114.6,86.7,0.9612,52.7,44.3,14,20.9,27,25.6,24.5,26.2,50.1,42.8,38.3,31,60.5,11.3,R64,1,2018
Duke,ACC,37,29,122.3,92.9,0.9592,55.9,46.4,17.5,17.3,38.8,30,34.6,22.3,56,45.4,37.2,32,70.9,6.6,E8,2,2018
North Carolina,ACC,37,26,120.7,97.1,0.9242,52,50.1,16.7,16.3,37.4,25.5,28,26,51,45.3,35.9,38,72.6,7.1,R32,2,2018
Cincinnati,Amer,36,31,111.6,87.7,0.9417,51.2,43.3,17,21.6,38.5,28.2,36,26.8,50.2,41.4,35.3,30.9,66.2,5.9,R32,2,2018
Purdue,B10,37,30,123.2,95.7,0.9484,57.7,47,15.8,17.7,28,28,35.6,24.2,54.1,45.5,42,33.2,68.7,7.6,S16,2,2018
Michigan,B10,40,33,114.4,90.4,0.9375,53.9,47.7,14,19.5,25.5,24.9,30.7,30,54.7,46.8,35.2,33.2,65.9,6.9,2ND,3,2018
Texas Tech,B12,37,27,112.7,91.5,0.917,52,46.4,17.8,21.7,32.9,28.7,39.3,38,51.1,45.1,35.9,32.3,67.6,4.7,E8,3,2018
Michigan State,B10,35,30,118.9,94.3,0.9347,56.9,42.7,19.2,14.6,37,26.6,35.9,30.7,55.2,38.4,40.1,33.7,68,8,R32,3,2018
Tennessee,SEC,35,26,114.2,92,0.9225,50.8,46.7,17.9,20.4,33.4,31.1,35.5,37.6,47.3,46.1,38,31.8,67.1,6.4,R32,3,2018
Auburn,SEC,34,26,114,96.9,0.8672,50.8,49.7,16.4,20.7,32.1,28,39.8,38.1,48.7,47.7,35.7,35.1,73.8,4.3,R32,4,2018
Wichita State,Amer,33,25,120.9,102.7,0.8671,55.1,49.4,16.5,16.3,35.4,22.6,34.8,33.2,53.8,46,38.1,36.3,70.1,3.4,R64,4,2018
Arizona,P12,35,27,117,100.4,0.8528,56.3,49.9,17.5,16.7,33.2,25.1,36.9,31.2,56.7,47.7,36.9,35.8,68.3,3.8,R64,4,2018
Gonzaga,WCC,37,32,117.2,94.9,0.9192,57,47.1,16.1,17.4,33,23.1,32.1,29.1,58.2,44.1,36.8,35,70.5,4.9,S16,4,2018
Ohio State,B10,34,25,116,94.3,0.9154,54.1,48.7,17.1,17.9,30.2,25.2,31.1,29.5,54.7,46.1,35.3,35.1,68.2,4.5,R32,5,2018
Clemson,ACC,35,25,112.5,93.1,0.8984,52.9,47.2,17.4,17.4,27.2,26.3,33.5,27.2,51.6,43.9,36.6,35.2,67.2,3.9,S16,5,2018
West Virginia,B12,37,26,120.9,95.8,0.9353,50.4,49.9,16.5,23.3,37,30.1,31.3,44.1,48.8,45.4,35.3,38,71.2,4.6,S16,5,2018
Kentucky,SEC,37,26,115.8,95.6,0.9,51.8,46.8,18.6,16.8,35.7,31,44,32.3,51.2,48,35.7,30.1,70,4.3,S16,5,2018
Houston,Amer,35,27,114.8,93.9,0.9097,53.3,45.5,17.5,19.1,33.8,25.8,32.6,41.6,50.5,43.8,38.7,32.3,69.4,2.4,R32,6,2018
Florida,SEC,34,21,115.2,93.9,0.9132,50.8,48.7,14.3,20,28.7,30.5,32.6,32.4,47.6,46.6,37,35.2,68.5,1.4,R32,6,2018
Miami FL,ACC,32,22,113.3,96.6,0.8623,53.1,49,16.8,18.8,29.1,28.2,29.1,28.1,52.2,48.8,36.4,32.8,68.2,2.7,R64,6,2018
TCU,B12,33,21,119.5,100.5,0.8804,56.5,52.3,17.8,17.4,34.2,26.1,34.1,30.5,55.1,50.1,39.4,37.6,70,2.2,R64,6,2018
Rhode Island,A10,34,26,109.7,97.3,0.7988,51.1,50.4,15.3,22.6,31,28.2,30.1,40.6,50.4,50.6,35.2,33.2,69.6,1.6,R32,7,2018
Arkansas,SEC,35,23,116.7,100.4,0.8483,53.8,50.4,15.1,19.4,28.8,31.7,37.4,40.8,51.2,48.2,39.5,35.7,71.1,2.8,R64,7,2018
Nevada,MWC,37,29,118.9,102.5,0.8462,54.8,49.4,13.5,18,26.7,29.3,36.3,30.1,52.1,50.7,39.2,31.7,70.7,2.5,S16,7,2018
Texas A&M,SEC,35,22,111.2,94.7,0.864,51.4,46.9,19.2,15.3,33.9,27.3,32,27.6,52.5,45.7,32.9,32.6,70.3,1.9,S16,7,2018
Seton Hall,BE,34,22,117.8,98.2,0.8902,52.9,50.3,17.8,17.7,34.3,28.4,35.2,29.8,52,50,36.5,33.8,70.7,2.5,R32,8,2018
Virginia Tech,ACC,33,21,115.2,98.6,0.8579,57.7,50.4,17,18.6,23.9,29.4,36.5,29.4,57.3,49.2,38.8,34.7,70.2,1.3,R64,8,2018
Creighton,BE,32,21,116.2,97.4,0.8836,57.4,50.1,15.6,15.8,22.5,24.6,26.5,24.8,58.7,50,37.2,33.6,72.3,2,R64,8,2018
Missouri,SEC,32,20,111,96,0.842,54.1,46.7,20.8,16,30.3,27.9,38.3,30.3,50.3,45.4,39,32.7,66.8,0.4,R64,8,2018
Florida State,ACC,35,23,113.2,96.4,0.8631,53.2,48.4,17.8,19.4,32.3,29.8,37,32.4,53.6,45.4,35,35.5,72.5,0.9,E8,9,2018
Kansas State,B12,37,25,109.6,93.7,0.8584,52.6,49.1,17.2,21.6,25.9,31.9,33.8,36.8,53.4,48.9,34.1,33,66.5,2.5,E8,9,2018
Alabama,SEC,36,20,107.9,95.3,0.8074,51.9,47.8,20.3,18.7,29.4,30.9,41.9,36.5,53.5,46.9,32.6,32.8,69.9,-1.1,R32,9,2018
North Carolina State,ACC,33,21,115.6,101.3,0.821,53.4,51.6,16.8,20.4,33.4,32,34.2,33.7,52.1,53.6,37.2,31.6,72.8,0.9,R64,9,2018
Butler,BE,35,21,116.1,95.3,0.9068,54,51.9,15.7,19.5,27.6,24.6,26.1,35.3,54.3,49.5,35.7,37.3,69.1,1.7,R32,10,2018
Oklahoma,B12,32,18,114.6,99.5,0.835,53.5,51,17.3,16.8,28.4,30,33.2,25.6,53.3,49.1,35.9,36.2,76.7,1.1,R64,10,2018
Texas,B12,34,19,109.3,93.7,0.8547,50,48.3,17,18,29.4,29.1,33,26.2,51.2,47.5,32,33.2,66.6,1.4,R64,10,2018
Providence,BE,35,21,108.4,95.9,0.8027,49.6,50.3,17.4,19,28.9,29,38.6,31.8,49.5,51.5,33.2,32.2,68.3,1.9,R64,10,2018
Loyola Chicago,MVC,37,32,110.5,95.4,0.8444,57.7,47.4,19.1,19.4,22.1,25.9,32.2,25.2,56.6,47.1,39.8,32,66.4,2,F4,11,2018
Saint Bonaventure,A10,34,26,109.6,99.7,0.7485,51.6,49,16.3,20.4,29.3,29.1,40.5,38.4,48.5,49.7,38.6,32,70.4,1.4,R64,11,2018
San Diego State,MWC,32,22,110.2,94.9,0.8486,51.7,48.6,17,19,31.6,25,35.1,29.6,52,47.8,34.1,33.2,70,-1.5,R64,11,2018
Syracuse,ACC,37,23,106,92.1,0.8344,46.9,46.2,19.1,19.5,34.7,30.4,40.5,31.4,46.6,45.1,31.7,31.8,64,-0.4,S16,11,2018
Davidson,A10,33,21,117,102.3,0.823,57.4,51.2,14.5,16.2,22.6,23.4,24.6,29.6,56.5,50.3,38.9,35,65.5,-2.9,R64,12,2018
Murray State,OVC,30,26,110.6,100.8,0.7449,55,47.2,17.6,18,32.9,27.6,37.3,30.5,54.4,47.6,37.2,30.9,67.8,-0.4,R64,12,2018
South Dakota State,Sum,31,28,113.2,100.4,0.7989,54.3,50,14,14.2,24.6,23.3,35.4,25.6,50.7,49.8,39.3,33.6,71.5,0.6,R64,12,2018
New Mexico State,WAC,31,28,106.8,95,0.7927,51.6,46,17.4,19,33.8,22.5,29.1,33,52,45.7,34,31.1,69.4,1.3,R64,12,2018
Marshall,CUSA,35,25,108.8,102.5,0.6633,54.7,49.9,17.2,18.4,22.4,32.3,33.1,28.9,55.5,48.7,35.9,35,75.9,-2.5,R32,13,2018
Buffalo,MAC,35,27,114.5,102.7,0.7761,54.8,48.8,16.5,18.1,31.9,29.1,29.9,39.5,54.3,48.4,37.1,33.1,73.8,-1.3,R32,13,2018
College of Charleston,CAA,32,26,106.8,104.3,0.5685,52.7,49.9,15.1,17.8,25.5,27.9,36.6,32.1,52,48.7,35.9,34.6,66,-2.1,R64,13,2018
UNC Greensboro,SC,32,27,103.4,95.2,0.7207,51.7,47.5,19.8,21.4,33.7,23.9,26,39.2,51.1,47.3,35,31.9,66.2,-1.6,R64,13,2018
Montana,BSky,32,26,106.7,98.4,0.7184,51.2,48.4,17.4,21.2,33.5,26.1,38.3,41.4,51.4,46.3,33.7,35.2,69.1,-1.1,R64,14,2018
Wright State,Horz,33,25,99.4,97.2,0.5638,48.6,48.3,18.6,21,28.7,25.3,35.3,29.9,47.7,45.8,33.5,34.7,69.3,-3.5,R64,14,2018
Bucknell,Pat,35,25,108,101.3,0.676,53.9,47.8,17,17,27,27.5,42.6,34.5,55,47,34.8,33.1,72.9,-3,R64,14,2018
Stephen F. Austin,Slnd,31,28,103.8,97.1,0.6832,53.1,49.7,20.7,25.9,32,28.5,40.5,50.3,51.7,47.4,37.4,35.6,72.1,-1.8,R64,14,2018
Lipscomb,ASun,30,23,103.2,101.8,0.5375,51.5,52,20,19.9,27.4,24.3,40.6,38.4,53.2,52.8,32.7,33.8,75.9,-3.2,R64,15,2018
Cal State Fullerton,BW,30,20,101.6,102.5,0.476,51.6,48.2,20.7,18.2,26,28.9,45.6,35.2,52,45,33.8,36.4,70.7,-5.5,R64,15,2018
Iona,MAAC,34,20,108.8,107.6,0.5333,53.9,52.5,16,18.8,24.5,30.8,30.2,28.6,51.5,51.7,38.3,35.8,71.5,-7.3,R64,15,2018
Georgia State,SB,33,24,108.8,101.5,0.6894,53.9,47.1,16.7,20.6,25.6,33.4,30.9,38.6,50.9,44,38.7,33.8,67.7,-5.1,R64,15,2018
UMBC,AE,33,25,102.1,102.2,0.4963,52.2,51.6,17.2,20.7,25.9,28.3,30.2,30.8,48.1,51,38.2,35,69.3,-4.9,R32,16,2018
Radford,BSth,34,23,101.3,102.8,0.4559,49.3,50.1,18.7,20.2,32,28,31.2,31.7,47.1,48.9,35,34.6,64.2,-6.5,R64,16,2018
Penn,Ivy,32,24,103.6,97.6,0.6644,52.9,47,16.6,17,23.8,22.6,33.4,31.8,53.3,48,34.8,30,70.1,-3.3,R64,16,2018
Texas Southern,SWAC,36,16,104.1,112.4,0.293,50.5,51.2,17.2,16.2,28.5,32.5,42.9,31.2,48.5,49.4,35.9,36.6,72.6,-10.9,R64,16,2018
Virginia,ACC,38,35,123,89.9,0.9736,55.2,44.7,14.7,17.5,30.4,25.4,29.1,26.3,52.5,45.7,39.5,28.9,60.7,11.1,Champions,1,2019
Duke,ACC,38,32,118.9,89.2,0.9646,53.6,45,17.5,19.4,35.6,29.5,33.2,24,58,45,30.8,29.9,73.6,11.2,E8,1,2019
Gonzaga,WCC,37,33,123.4,89.9,0.9744,59,44.2,14.9,19,31.5,26.8,35.3,25.9,61.4,43.4,36.3,30.4,72,7,E8,1,2019
North Carolina,ACC,36,29,120.1,91.4,0.9582,52.9,48.9,17.2,18.3,35.3,22.8,30.2,28.4,52.1,47.9,36.2,33.5,76,10,S16,1,2019
Kentucky,SEC,37,30,117.5,89.8,0.9568,53,46.6,18.6,17.9,36.8,25.5,41.9,26.8,52.9,43.6,35.4,34.3,66.9,8.8,E8,2,2019
Michigan State,B10,39,32,119.9,91,0.9597,55.2,43.9,18.5,14.9,33.9,26.4,33.6,27.5,54.3,41.9,37.8,31.6,68.6,10.7,F4,2,2019
Michigan,B10,37,30,114.6,85.6,0.9665,51.6,44.1,13.9,18,24.7,24.8,27.5,24.1,51.8,44.3,34.2,29.1,65.9,9.2,S16,2,2019
Tennessee,SEC,36,31,122.8,95.2,0.9488,55.3,48.1,15.8,18,31.6,30.2,33.3,34.9,55.4,44.7,36.7,35.4,68.8,9.9,S16,2,2019
Texas Tech,B12,38,31,115.2,85.2,0.9696,53.5,43,17.7,22.8,27.4,28.7,32.9,36.6,52.8,41.9,36.5,29.7,67.5,7,2ND,3,2019
Purdue,B10,36,26,122.8,94.3,0.9539,53.6,49,15.8,18.6,34.5,27,29.9,31.7,51.5,47.2,37.4,34.2,67,6.1,E8,3,2019
Houston,Amer,37,33,115.7,90.5,0.9439,52.1,42.5,16.5,18.2,34.4,26,31.6,37.3,51.3,43,35.5,27.9,67.3,7.8,S16,3,2019
LSU,SEC,35,28,117.9,96.6,0.9081,51.2,49.9,17.9,20.1,36.7,30.8,37.1,33.1,52.9,49.4,31.9,33.7,71.2,7.3,S16,3,2019
Kansas,B12,36,26,112.9,92.4,0.9092,52.6,47.8,18.8,18.2,30.1,27.9,32.5,27.8,52.6,46,35,33.6,71.5,8.3,R32,4,2019
Kansas State,B12,34,25,108,87.8,0.9151,49.4,48.2,17.4,22.8,28.3,25.7,30.6,30.7,48.9,49,33.4,31.4,64.9,6.5,R64,4,2019
Florida State,ACC,37,29,111.7,90.9,0.9146,50.5,47.2,18.9,20.3,32.8,27,35.8,35.7,50.9,45.3,33.2,33.5,70,7.6,S16,4,2019
Virginia Tech,ACC,35,26,117.8,93.4,0.9357,55.6,49,17.3,21.6,29.6,27.2,31.9,26.3,52.9,49,39.4,32.7,65.1,5,S16,4,2019
Auburn,SEC,39,30,121.3,95.2,0.942,54.4,51.7,16.8,24.6,31.6,32.8,30.9,36.4,51.7,51.4,38.1,34.8,69.3,6.1,F4,5,2019
Wisconsin,B10,34,23,108.2,88.6,0.9089,51.1,45.2,14.6,17.2,24.5,26.5,27.3,25.8,49.7,44.1,35.9,31.5,65,6.3,R64,5,2019
Marquette,BE,34,24,111.7,95.9,0.8524,53.5,46.3,19.4,16.6,29.4,26.1,35.1,35.9,50,45.1,38.8,32.4,70.5,2.7,R64,5,2019
Mississippi State,SEC,34,23,116.9,96.8,0.898,54.6,50.3,19.2,19.5,34.7,29.6,32.7,32.1,53.4,48.4,37.7,35.7,69,4.5,R64,5,2019
Maryland,B10,34,23,111.6,93.3,0.8875,51.4,45.9,19.4,14.1,34.1,24.8,32.8,26.6,50.8,44.7,34.9,31.9,67.7,4.2,R32,6,2019
Villanova,BE,36,26,114.6,98.9,0.8448,53.2,50.4,16.9,18,30.3,27.7,34.4,28.2,53.7,49.7,35.2,34.3,65.1,3.6,R32,6,2019
Buffalo,MAC,35,32,113.6,95.3,0.8819,53.4,47.3,16,20.3,31.7,26.9,32.7,31.9,55.7,49.3,33.7,29.3,74.9,5.5,R32,6,2019
Iowa State,B12,35,23,118.4,96.6,0.912,54.7,48.4,16.3,18.8,28.3,30.1,30,23.6,55,47.1,36.2,33.6,69.1,4.3,R64,6,2019
Wofford,SC,32,30,116.4,97.1,0.8892,57.5,49.9,16.1,19.1,31.8,25.2,27.8,31.8,53.9,50.6,41.4,32.6,67.1,4,R32,7,2019
Louisville,ACC,34,20,112.9,93.1,0.9023,50.9,46.7,17.5,16.1,29.1,25.9,34.9,32,50.6,46,34.2,32,68.6,2.3,R64,7,2019
Cincinnati,Amer,35,28,112.3,93.8,0.8871,49,48.6,16,20.9,37.4,29.3,37.6,30.5,47.6,45.1,34.5,35.5,65,5.8,R64,7,2019
Nevada,MWC,34,29,112.5,95.9,0.8618,53.7,47.7,14.6,19.2,27.2,24.9,40.8,28,54.9,46.3,34.7,33.2,70.8,3.8,R64,7,2019
VCU,A10,33,25,104.6,87.6,0.8838,50.1,43.5,20,23.4,31,30.6,35.7,36.6,53.1,43.8,30.5,28.5,69.7,1.1,R64,8,2019
Syracuse,ACC,34,20,110.5,94.2,0.8622,49.6,48.1,18.5,23.1,30.2,33.4,36.8,34.3,49.3,46.9,33.3,32.9,67.3,0.4,R64,8,2019
Utah State,MWC,34,28,111.3,96.8,0.8329,53.9,46.5,18.2,17.3,32,22.3,36.7,34.3,54.2,42.2,35.7,35.3,69.6,2,R64,8,2019
Mississippi,SEC,33,20,113.3,97.9,0.8433,53.1,51,18.2,20.6,30.2,29.3,30.9,33.5,52.7,48.2,35.8,37.4,69.7,0.9,R64,8,2019
UCF,Amer,33,24,112.7,93.3,0.898,52.9,45.4,17.6,18,29.5,29.6,45.3,29.2,52,44.5,36.5,31.3,66.4,2,R32,9,2019
Baylor,B12,34,20,114.6,99.2,0.84,51.2,49.1,19.7,18.6,37.9,29.4,32.3,36.5,51.2,47.5,34.1,34.5,66.6,0.9,R32,9,2019
Oklahoma,B12,34,20,110.5,93.1,0.878,50.4,47.5,17,17.3,25.8,27.8,31.3,23.1,49.7,45.8,34.6,33.3,70.3,2.5,R32,9,2019
Washington,P12,36,27,105.6,93.1,0.8097,52.1,47.5,19.8,24.2,29.1,34.9,34.7,34,51.9,46,35,33.4,67.3,3.1,R32,9,2019
Iowa,B10,35,23,116.1,100.6,0.8385,52.7,51.5,17.2,18.4,29.8,29.4,42.3,28.8,51.4,53.5,36.4,32.4,70.9,3.2,R32,10,2019
Minnesota,B10,36,22,110.4,96.3,0.8284,48.2,49.5,17.1,16.9,31.4,28.4,41.6,28.2,48.5,48.7,31.7,34,68.8,2.7,R32,10,2019
Florida,SEC,36,20,110.3,91.6,0.8947,49.8,48.1,17.9,22.4,30.6,32.2,29.9,33.6,49.5,48.5,33.4,31.6,64.3,0.7,R32,10,2019
Seton Hall,BE,34,20,107.9,96.9,0.7749,49.9,49.6,17.5,19.8,29.5,29.2,34.5,32.8,50.6,48.7,32.4,34,70.4,-0.4,R64,10,2019
Ohio State,B10,35,20,107.8,93.8,0.8329,50.3,48.3,18.7,18.2,27.6,25.9,33.7,31.8,49.7,47.9,34.1,32.7,67.2,0.9,R32,11,2019
Belmont,OVC,32,27,114.9,101,0.8138,57.6,48.7,15.2,16,25.3,25,28.5,27.4,59.2,47.2,37,34.4,72.5,1.2,R64,11,2019
Arizona State,P12,34,23,108.7,97.6,0.775,50.6,48.5,18.7,19,31.7,26.9,43.8,38.6,50.8,47.3,33.6,33.4,71.9,0.1,R64,11,2019
Saint Mary’s,WCC,34,22,113.1,96.3,0.8637,53.8,48.9,16.2,16.3,31.2,23,29.1,29.1,52.3,49.2,37.8,32.1,64.1,-0.8,R64,11,2019
Liberty,BSth,33,29,109.2,99.6,0.7428,55.9,48.9,17.2,20.5,25.2,26.4,26.7,32.7,56.4,48.3,36.8,33.3,63.5,-0.6,R32,12,2019
Murray State,OVC,31,28,110.4,98.6,0.7852,54.8,46.5,17.2,19.4,32,30.7,33.5,27.4,56.2,48.3,34.9,28.9,70.2,1.2,R32,12,2019
New Mexico State,WAC,33,30,111.8,98.2,0.8155,54.1,48.9,17.8,19.1,37,22.5,34.6,32.5,56.7,48,34,33.5,67.1,1.4,R64,12,2019
Oregon,P12,38,25,108.1,91.7,0.8687,52,46.4,17.8,20.9,29.6,28.8,29.4,33.9,51.6,48.8,35.1,29,65.4,-1.1,S16,12,2019
UC Irvine,BW,36,31,107.2,97.6,0.7458,51.3,44.1,17.5,16.7,33.7,27,28.7,33,50.1,40.7,35.9,33.9,66.6,0.7,R32,13,2019
Saint Louis,A10,36,23,101.3,95.7,0.6599,46.7,46.9,19.3,19.4,36,25.1,39.4,33.5,47.2,46.7,30.4,31.4,67.7,-3.2,R64,13,2019
Vermont,AE,33,27,107,98.1,0.7324,52.6,48.7,16.8,19.1,27.3,22.2,35.9,27.5,51.6,46.3,35.9,35.1,66.7,-1,R64,13,2019
Northeastern,CAA,34,23,109.1,102.5,0.6712,56.5,52.1,16.6,16.7,22.7,24.6,34.3,27.8,55.8,53,38.2,33.7,67.5,-2.8,R64,13,2019
Old Dominion,CUSA,35,26,99.3,94.6,0.6339,47.2,45.6,17.8,18.5,32.1,24.8,28.9,32.4,44.1,43.5,34.9,32.4,65.9,-1.8,R64,14,2019
Northern Kentucky,Horz,33,26,107.8,101.3,0.6719,54.6,49.1,17.8,18.4,30.6,26,34.8,35.2,55,49.9,36,32,69.3,-2.2,R64,14,2019
Yale,Ivy,29,22,110.5,102.5,0.7034,55.6,47.3,17.8,15.2,26.3,24.6,30.1,31.1,56,47.8,36.5,31,72.2,-0.9,R64,14,2019
Georgia State,SB,33,24,106.4,101.1,0.6418,53.7,50.3,16.4,21,23,33.8,35.4,30.9,51.2,51.2,38.1,32.8,71.3,-1.3,R64,14,2019
Montana,BSky,33,26,106.2,103.2,0.5812,56.1,50.1,17.3,19.2,27.4,24.9,31.6,37.3,55.6,49.3,37.8,34.4,68,-3.2,R64,15,2019
Bradley,MVC,34,20,101.1,100.5,0.517,49.7,47.6,18.8,18.4,26.7,26.7,36.3,35.6,46.5,46.5,37,32.8,66.5,-7.9,R64,15,2019
Colgate,Pat,34,24,109.1,105.5,0.5961,55.9,50.7,19.3,17.8,30.2,27.1,28.4,28.2,53.5,50.5,39.5,33.9,67.9,-4.4,R64,15,2019
Abilene Christian,Slnd,30,27,100.9,100.7,0.5064,51.9,49.8,17.3,23.3,27,28.5,34,38.3,49.5,49.8,37.7,33.3,67.1,-2.6,R64,15,2019
Gardner Webb,BSth,32,23,106,106.6,0.4852,54.8,50.5,17.1,18.2,22.4,31.3,38.3,27.6,53.6,50.4,37.7,33.7,68.7,-5,R64,16,2019
Iona,MAAC,33,17,105.2,108.8,0.4044,53,52.3,17.3,18.5,25.1,30.7,36.8,28.5,53.2,50.3,35.1,36.6,71.9,-10.4,R64,16,2019
Fairleigh Dickinson,NEC,33,21,104.5,110.3,0.3494,54.2,52,19.7,20.2,29.5,33.2,35.7,29.4,51,51.3,40.1,35.3,68,-9.3,R64,16,2019
North Dakota State,Sum,33,19,106.6,109,0.4369,53.5,53.6,15.7,14.4,20.7,25.9,32.2,26.5,52.1,52.6,36.7,37,66.5,-8.6,R64,16,2019
Michigan,B10,24,20,118.1,91.1,0.9521,54.9,44.9,16.3,15.1,29.4,24.8,28.9,24.5,53.3,42.3,38.7,33.5,66.9,7.2,E8,1,2021
Baylor,B12,24,22,123.2,94.5,0.9548,57.5,49.1,17.6,24.6,37.5,30.9,27,31.7,54.1,48.1,41.8,34,68.8,6.6,Champions,1,2021
Illinois,B10,29,23,117.7,90.4,0.9539,55.6,46.6,18.2,16.1,33,22.2,39.2,30.5,55.3,45.4,37.6,32.7,70.7,8.9,R32,1,2021
Gonzaga,WCC,26,26,125.4,89.8,0.9791,61,47.5,16.1,20.3,30.4,23.4,36.7,25.9,64,46.8,36.5,32.5,74.6,8.5,2ND,1,2021
Iowa,B10,29,21,123.5,95.7,0.9491,54.6,48.3,13.3,16.3,30.7,28.6,32,22.6,52.4,45.8,38.6,34.8,70,5.6,R32,2,2021
Ohio State,B10,30,21,122.1,97,0.934,53.1,48.9,15.3,15,29.1,27.4,37.6,33.8,52.1,47.4,36.5,34.1,66.9,6,R64,2,2021
Houston,Amer,26,24,120.6,90.9,0.9626,51.3,42.9,16.3,21.6,39.4,28,30.7,42.4,49.9,43,35.5,28.5,65,4,F4,2,2021
Alabama,SEC,30,24,111,88.1,0.9343,51.3,45.3,18.6,21.1,31.5,29.8,28.6,31.9,50.1,46.4,35.1,28.8,73.9,6.8,S16,2,2021
West Virginia,B12,27,18,115.9,95.3,0.9046,48.7,50.2,17,20.7,35.6,31.3,39.4,28.5,46.4,51.3,35.7,32.3,69.6,3,R32,3,2021
Texas,B12,26,19,113.8,93.5,0.9058,52.9,46.7,20.2,17.8,31.3,26.9,34,36.7,52.4,45.8,35.7,32.3,69.1,4.2,R64,3,2021
Kansas,B12,27,20,108.5,90,0.8964,49.8,47,17.7,20,30.9,26.9,30.5,26.5,49.3,45.9,33.8,32.6,68.2,4.2,R32,3,2021
Arkansas,SEC,28,22,110.4,91.2,0.8997,51.5,47.6,17.4,20.3,31.7,26.2,32.7,29.3,51.9,46.9,33.9,32.6,73.1,4.6,E8,3,2021
Florida State,ACC,22,16,117.8,94,0.9305,54.4,46.5,20.1,19.6,35.4,31.4,32.7,36.3,52.1,44.2,39,33.3,70.4,2.5,S16,4,2021
Virginia,ACC,24,18,114.6,93.9,0.9079,56.1,47.9,15.4,15.2,23.1,22.6,22,24.6,55.3,46.1,38.1,34,59.9,3.4,R64,4,2021
Purdue,B10,27,18,112.4,92.9,0.8994,51.4,48.6,18.7,16.9,32.2,24.1,32.2,30.3,52.1,49.7,33.5,31.5,66.6,3.8,R64,4,2021
Oklahoma State,B12,28,20,109.3,92.3,0.875,52.1,47.2,21.4,19.3,31.9,30.2,36.4,30.5,52.8,46.9,33.8,31.7,71.6,4.6,R32,4,2021
Villanova,BE,22,16,117.9,96.7,0.9076,52.8,51.8,13.5,19,27.9,24.8,30,25.8,52.8,51,35.2,35.4,65.1,3.2,S16,5,2021
Tennessee,SEC,26,18,108.8,89.2,0.9072,50.1,45.9,18.2,22.9,31.4,28.6,35.1,31.1,49.8,44.8,33.8,31.8,66.9,2.4,R64,5,2021
Creighton,BE,28,20,114.4,94.3,0.9025,55.7,46.9,15.8,17.8,24.8,28.2,26.9,25.7,56.3,46.1,36.7,32.1,69.1,3.5,S16,5,2021
Colorado,P12,30,22,113.7,93.5,0.9045,52,47.7,16.8,19.8,30.9,25.6,29.9,28,50.3,46.5,36.7,33.3,66.3,2.6,R32,5,2021
Texas Tech,B12,27,17,112.3,92.2,0.9057,49.7,47.9,16.2,23.8,33.8,29.7,39.3,36.4,48.7,44.8,34.7,35.1,65.7,0.9,R32,6,2021
BYU,WCC,25,20,112.8,93.3,0.8991,55,46.6,19,16,28.6,23.3,27.8,29.4,54.5,45.5,37.3,32.4,68.2,3.3,R64,6,2021
USC,P12,29,22,112,92,0.9052,52.1,45.4,18.1,17.4,35.7,27.3,37.5,24.8,52.1,42.2,34.8,34.2,67.2,3.6,E8,6,2021
San Diego State,MWC,26,23,111.1,90,0.9191,52.7,46.7,16.9,22.5,29.9,24.4,34.3,32.7,50.5,44.6,37.5,32.8,66,2.8,R64,6,2021
Florida,SEC,23,14,110.6,93.4,0.8748,52.5,47.5,20.7,20.5,30.7,31.5,33.8,34.8,51.9,48.4,35.7,30.6,68.6,1.4,R32,7,2021
Connecticut,BE,22,15,114.6,92.8,0.9188,49.5,46.2,17.6,19.6,36.9,29.8,29.6,36.9,49,45.6,33.6,31.6,65.7,2.1,R64,7,2021
Clemson,ACC,23,16,105.9,91.9,0.8374,50.4,48.7,19.5,21.6,26.6,26.6,23.6,29.6,49.2,47.5,34.6,33.7,64.4,2.9,R64,7,2021
Oregon,P12,26,20,113.1,98.2,0.835,54.4,50.1,16.8,20.3,28.3,27.2,26.8,27.1,52.9,49.9,37.9,33.6,67.2,3,S16,7,2021
Oklahoma,B12,25,15,111,94.5,0.8642,50.8,48.9,15.8,18.7,27.3,27.5,29.1,22.8,50.8,46.3,33.8,35.4,67.6,0.3,R32,8,2021
North Carolina,ACC,28,18,108.8,91.6,0.8777,48.5,48.7,20.5,19.3,41.2,26.3,34.9,27.1,48.9,46.8,31.7,34.4,71.8,2.3,R64,8,2021
LSU,SEC,27,18,119.3,99.8,0.8868,52.8,48.5,16.1,18.4,31.5,32.8,33.9,29.1,53,51.3,35,30,70.4,2.4,R32,8,2021
Loyola Chicago,MVC,26,24,108.5,88.3,0.9136,56.3,46.7,18.5,21.6,26,21,30.7,22.4,58,45.5,35.7,32.5,63.9,1.7,S16,8,2021
Saint Bonaventure,A10,20,16,111.1,92.9,0.8864,50.5,45.5,16.9,19.5,33.6,28.4,27.8,28.3,49.3,45.1,35.4,30.6,64.7,2.1,R64,9,2021
Missouri,SEC,25,16,111.3,95,0.8599,50.9,48.5,18.9,18.4,28.6,29.2,37.5,36.4,52.6,48.3,32,32.7,68.6,2.1,R64,9,2021
Wisconsin,B10,29,17,111.3,90.4,0.9163,49.4,47.9,13.5,17.8,23.7,25.1,26.9,28.5,46.3,47.1,36,33,65,2.2,R32,9,2021
Georgia Tech,ACC,25,17,113,94.8,0.882,53.9,52.2,15.9,22.7,24.8,29.7,29,28.9,54.8,50.7,34.9,36.7,67.7,1.9,R64,9,2021
Rutgers,B10,26,15,106.7,91.9,0.847,50.2,47.7,16.4,18.9,27.4,29.1,27.7,33.2,51.9,47.4,31.1,32.1,67.8,1.9,R32,10,2021
Virginia Tech,ACC,21,15,109.3,94.5,0.8426,52.5,48.4,17.3,17.6,28.4,24.3,33.2,30.9,51.7,47.6,35.7,33,66.5,0.9,R64,10,2021
Maryland,B10,28,16,110,93,0.8735,52.6,48.5,16.8,16.9,20.9,24.8,32.6,25.6,52.8,46.4,34.9,34.3,65.4,0.2,R32,10,2021
VCU,A10,26,19,104.6,89.7,0.854,50.9,45.8,20.6,23.5,28.3,31.3,34,35.4,51.7,45.9,32.9,30.5,70,1.3,R64,10,2021
Syracuse,ACC,25,16,112.8,97.6,0.8402,50.7,48.5,16,20.8,30.1,33.5,28.1,25.1,50.9,49.3,33.7,31.6,69.4,0.5,S16,11,2021
UCLA,P12,26,17,112.3,97.5,0.835,52,50.7,16.6,17.6,30.4,24.4,32.6,28,50.6,49.4,36.7,35.1,64.7,1,F4,11,2021
Utah State,MWC,27,20,105.2,90,0.8569,49.8,45.6,19.7,19.7,35.3,21.3,29.4,26.1,49.6,42.9,33.6,33,69,-1.1,R64,11,2021
Drake,MVC,27,25,111.8,101.6,0.7508,54.5,48.4,15.2,18.8,31.6,24.9,25.2,29.7,54.4,49.7,36.6,30.8,66.7,1.5,R64,11,2021
Georgetown,BE,25,13,108.5,93.2,0.8516,49.6,48,21.7,16.2,32.4,27.3,30.3,25.9,46.1,47.4,36.6,32.6,69.5,-1,R64,12,2021
Oregon State,P12,28,17,108.5,99.6,0.7289,48.7,50.4,17.2,18.5,29.8,29.4,34,38.2,46.9,52.5,34.6,31.4,65.1,-1.6,E8,12,2021
UC Santa Barbara,BW,24,22,107.9,97.6,0.7615,53,47.7,16.5,20.8,28.2,24.5,35.5,28,53.4,46.6,34.8,33.4,65.8,-0.2,R64,12,2021
Winthrop,BSth,24,23,104.2,96.9,0.6975,53,49,19.5,22.5,35.6,22.2,35.7,33.8,53,49.2,35.3,32.4,73.8,0.9,R64,12,2021
Ohio,MAC,22,16,111.9,100.7,0.7715,55.8,51.1,17,20,28.7,27.4,29.6,30.2,56.4,51.6,36.6,33.7,69.3,-2,R32,13,2021
North Texas,CUSA,25,17,104.4,94.6,0.7578,54,45.7,20.4,21.4,27.9,26.9,27.2,31.7,52.9,44.8,37.3,31.6,63.3,-2.5,R32,13,2021
UNC Greensboro,SC,29,21,102.3,97.5,0.6353,48.2,48.1,15.6,21,32.4,25.9,23.8,36.4,50.3,48.3,30,31.9,68.3,-3.5,R64,13,2021
Liberty,ASun,24,23,109.1,101.5,0.6969,57.4,48,15.6,17.3,23.1,22.4,25.5,29.6,56.8,47.8,38.8,32.2,63.4,-1.7,R64,13,2021
Colgate,Pat,15,14,110.8,100,0.7641,57.1,45.7,13.8,16.6,27.9,25.6,31.1,25.1,55.4,49.5,40.2,26.1,71.9,0.3,R64,14,2021
Eastern Washington,BSky,22,16,107.7,101.1,0.6729,54.1,47.5,16.5,16.5,23.9,25.8,30.4,27.7,54.2,47.6,35.9,31.6,72.2,-3.6,R64,14,2021
Abilene Christian,Slnd,23,23,101.8,94.7,0.6977,52.9,45.4,19.4,26.7,30.6,27.9,34,42.5,50.8,46.3,37.7,29.1,70,-1.1,R32,14,2021
Morehead State,OVC,28,23,99.3,96.7,0.5778,51.9,47,22.9,18,31.3,24.9,36.8,23.1,51.8,47.6,34.7,30.7,65.6,-2,R64,14,2021
Iona,MAAC,17,12,101.1,99.5,0.545,51.2,45.6,22.4,19.6,33.4,26.1,36.1,46.3,49.9,45.8,35.5,30.1,68.5,-3.2,R64,15,2021
Oral Roberts,Sum,23,16,107,107.1,0.4981,53.6,50.4,15.7,18.2,23.2,33,27.8,33.1,49.7,49,38.8,35.6,71.4,-5.1,S16,15,2021
Grand Canyon,WAC,20,17,102.7,96,0.6852,53,44.9,20.4,16.6,32.4,22.6,34.7,29.6,55.7,44.9,32.2,29.9,65.4,-3.2,R64,15,2021
Cleveland State,Horz,26,19,99.9,100.7,0.4785,50.6,48.9,18.5,20.2,30.9,31.8,31.9,37.2,52.1,50.9,31.9,30.8,66.2,-2.7,R64,15,2021
Drexel,CAA,19,12,107.9,105,0.5768,54.3,49.6,19.6,16.4,29.4,24.3,28.5,27.2,53.5,50.4,37.2,32.1,64.4,-4.5,R64,16,2021
Hartford,AE,23,15,97.3,99.6,0.4345,50.4,47.6,19,20.4,24.8,28.6,28.6,25,51.3,50.7,32.7,28.7,66.9,-4.9,R64,16,2021
Norfolk State,MEAC,21,16,99.4,104.1,0.3698,49.7,47.4,17.8,20.7,28.8,28.7,38.6,42,46.1,47.2,37.4,31.7,67.9,-5,R64,16,2021
Texas Southern,SWAC,23,16,97.3,103.5,0.3307,48.3,46.5,21.4,19.2,32.9,25.7,38.9,33.8,51,45.2,27.7,32.4,71.8,-4.5,R64,16,2021